{"map_file_path": "grid_maps/Ihlen/occ_grid_small.txt", "start_pos": [92, 65], "goal_pos": [22, 1], "robot_rows": [92, 92, 92, 92, 92, 92, 92, 92, 92, 92, 92, 92, 92, 92, 93, 95, 95, 96, 96, 96, 96, 96, 97, 97, 97, 97, 97, 97, 96, 94, 91, 88, 85, 82, 79, 81], "robot_cols": [65, 65, 65, 65, 65, 65, 65, 64, 62, 62, 62, 62, 62, 62, 62, 62, 62, 62, 62, 62, 62, 62, 62, 62, 62, 62, 62, 62, 62, 62, 62, 62, 62, 62, 62, 62], "robot_speeds": [0, 0, 0, 0, 0, 0, 0, 1, 2, 0, 0, 0, 0, 0, 1, 2, 0, 1, 0, 0, 0, 0, 1, 0, 0, 0, 0, 0, 1, 2, 3, 3, 3, 3, 3, 0], "robot_directions": [0, 3, 0, 3, 0, 3, 0, 0, 0, 0, 0, 3, 0, 3, 3, 3, 3, 3, 3, 2, 3, 3, 3, 3, 3, 0, 1, 1, 1, 1, 1, 1, 1, 1, 1, 1], "action_accs": [0, 0, 0, 0, 0, 0, 1, 1, 0, -1, 0, 0, 0, 1, 1, 1, 1, 1, 0, 0, 0, 1, 0, -1, 0, 0, 0, 1, 1, 1, 1, 1, 1, 1, 1], "action_rots": [-1, 1, -1, 1, -1, 1, 0, 0, 0, 0, -1, 1, -1, 0, 0, 0, 0, 0, -1, 1, 0, 0, 0, 0, 1, 1, 0, 0, 0, 0, 0, 0, 0, 0, 0], "steps": 35, "is_goal": false}