{"map_file_path": "grid_maps/Ihlen/occ_grid_small.txt", "start_pos": [1, 8], "goal_pos": [41, 63], "robot_rows": [1, 1, 1, 1, 1, 1, 1, 1, 1, 1, 1, 1, 1, 1, 1, 1, 1, 1, 1, 1, 1, 1, 1, 2, 4, 7, 10, 13, 16, 19, 22, 25, 28, 31, 33, 36, 39, 42, 45, 47, 48, 49, 49, 49, 49, 49, 49, 49, 49, 49, 49, 48, 46, 44, 43, 42, 41, 41], "robot_cols": [8, 8, 8, 9, 11, 14, 17, 20, 23, 26, 29, 32, 35, 38, 41, 44, 46, 49, 51, 53, 54, 54, 54, 54, 54, 54, 54, 54, 54, 54, 54, 54, 54, 54, 54, 54, 54, 54, 54, 54, 54, 54, 54, 54, 55, 57, 60, 62, 63, 63, 63, 63, 63, 63, 63, 63, 63, 63], "robot_speeds": [0, 0, 0, 1, 2, 3, 3, 3, 3, 3, 3, 3, 3, 3, 3, 3, 2, 3, 2, 2, 1, 0, 0, 1, 2, 3, 3, 3, 3, 3, 3, 3, 3, 3, 2, 3, 3, 3, 3, 2, 1, 1, 0, 0, 1, 2, 3, 2, 1, 0, 0, 1, 2, 2, 1, 1, 1, 0], "robot_directions": [0, 3, 2, 2, 2, 2, 2, 2, 2, 2, 2, 2, 2, 2, 2, 2, 2, 2, 2, 2, 2, 2, 3, 3, 3, 3, 3, 3, 3, 3, 3, 3, 3, 3, 3, 3, 3, 3, 3, 3, 3, 3, 3, 2, 2, 2, 2, 2, 2, 2, 1, 1, 1, 1, 1, 1, 1, 1], "action_accs": [0, 0, 1, 1, 1, 0, 0, 0, 0, 0, 0, 0, 0, 0, 0, -1, 1, -1, 0, -1, -1, 0, 1, 1, 1, 0, 0, 0, 0, 0, 0, 0, 0, -1, 1, 0, 0, 0, -1, -1, 0, -1, 0, 1, 1, 1, -1, -1, -1, 0, 1, 1, 0, -1, 0, 0, -1], "action_rots": [-1, -1, 0, 0, 0, 0, 0, 0, 0, 0, 0, 0, 0, 0, 0, 0, 0, 0, 0, 0, 0, 1, 0, 0, 0, 0, 0, 0, 0, 0, 0, 0, 0, 0, 0, 0, 0, 0, 0, 0, 0, 0, -1, 0, 0, 0, 0, 0, 0, -1, 0, 0, 0, 0, 0, 0, 0], "steps": 57, "is_goal": true}