{"map_file_path": "grid_maps/Ihlen/occ_grid_small.txt", "start_pos": [25, 32], "goal_pos": [57, 52], "robot_rows": [25, 25, 25, 26, 27, 27, 27, 27, 27, 27, 27, 27, 27, 27, 27, 27, 27, 27, 28, 29, 31, 34, 37, 40, 43, 46, 49, 52, 54, 57, 59, 61, 62, 62, 62, 62, 61, 59, 58, 57, 57], "robot_cols": [32, 32, 32, 32, 32, 32, 32, 33, 35, 38, 41, 44, 47, 49, 51, 52, 52, 52, 52, 52, 52, 52, 52, 52, 52, 52, 52, 52, 52, 52, 52, 52, 52, 52, 52, 52, 52, 52, 52, 52, 52], "robot_speeds": [0, 0, 0, 1, 1, 0, 0, 1, 2, 3, 3, 3, 3, 2, 2, 1, 0, 0, 1, 1, 2, 3, 3, 3, 3, 3, 3, 3, 2, 3, 2, 2, 1, 0, 0, 0, 1, 2, 1, 1, 0], "robot_directions": [0, 3, 3, 3, 3, 3, 2, 2, 2, 2, 2, 2, 2, 2, 2, 2, 2, 3, 3, 3, 3, 3, 3, 3, 3, 3, 3, 3, 3, 3, 3, 3, 3, 3, 0, 1, 1, 1, 1, 1, 1], "action_accs": [0, 0, 1, 0, 0, 0, 1, 1, 1, 0, 0, 0, -1, 0, -1, -1, 0, 1, 0, 1, 1, 0, 0, 0, 0, 0, 0, -1, 1, -1, 0, -1, -1, 0, 0, 1, 1, -1, 0, -1], "action_rots": [-1, 0, 0, 0, 0, -1, 0, 0, 0, 0, 0, 0, 0, 0, 0, 0, 1, 0, 0, 0, 0, 0, 0, 0, 0, 0, 0, 0, 0, 0, 0, 0, 0, 1, 1, 0, 0, 0, 0, 0], "steps": 40, "is_goal": true}