{"map_file_path": "grid_maps/Ihlen/occ_grid_small.txt", "start_pos": [70, 73], "goal_pos": [29, 63], "robot_rows": [70, 70, 70, 70, 70, 70, 70, 70, 70, 70, 70, 69, 67, 65, 63, 60, 57, 54, 51, 49, 46, 46, 46, 46, 46, 46, 46, 45, 43, 40, 37, 34, 32, 30, 29, 29, 29, 29, 29, 29, 29, 29, 29, 29, 29, 29], "robot_cols": [73, 73, 73, 74, 76, 78, 80, 82, 83, 83, 83, 83, 83, 83, 83, 83, 83, 83, 83, 83, 83, 83, 83, 82, 81, 81, 81, 81, 81, 81, 81, 81, 81, 81, 81, 81, 81, 80, 78, 75, 72, 69, 66, 64, 63, 63], "robot_speeds": [0, 0, 0, 1, 2, 2, 2, 2, 1, 0, 0, 1, 2, 2, 2, 3, 3, 3, 3, 2, 3, 0, 0, 1, 1, 0, 0, 1, 2, 3, 3, 3, 2, 2, 1, 0, 0, 1, 2, 3, 3, 3, 3, 2, 1, 0], "robot_directions": [0, 3, 2, 2, 2, 2, 2, 2, 2, 2, 1, 1, 1, 1, 1, 1, 1, 1, 1, 1, 1, 1, 0, 0, 0, 0, 1, 1, 1, 1, 1, 1, 1, 1, 1, 1, 0, 0, 0, 0, 0, 0, 0, 0, 0, 0], "action_accs": [0, 0, 1, 1, 0, 0, 0, -1, -1, 0, 1, 1, 0, 0, 1, 0, 0, 0, -1, 1, -1, 0, 1, 0, -1, 0, 1, 1, 1, 0, 0, -1, 0, -1, -1, 0, 1, 1, 1, 0, 0, 0, -1, -1, -1], "action_rots": [-1, -1, 0, 0, 0, 0, 0, 0, 0, -1, 0, 0, 0, 0, 0, 0, 0, 0, 0, 0, 0, -1, 0, 0, 0, 1, 0, 0, 0, 0, 0, 0, 0, 0, 0, -1, 0, 0, 0, 0, 0, 0, 0, 0, 0], "steps": 45, "is_goal": true}