{"map_file_path": "grid_maps/Ihlen/occ_grid_small.txt", "start_pos": [5, 21], "goal_pos": [13, 64], "robot_rows": [5, 5, 5, 5, 5, 5, 5, 5, 5, 5, 5, 5, 5, 5, 5, 5, 5, 5, 5, 5, 6, 8, 10, 12, 13, 13, 13, 13, 13, 13, 13, 13, 13, 13, 13, 13, 13, 13, 13, 13], "robot_cols": [21, 21, 21, 22, 24, 27, 30, 33, 36, 39, 42, 45, 48, 51, 53, 54, 55, 55, 55, 55, 55, 55, 55, 55, 55, 55, 55, 55, 56, 57, 59, 62, 64, 65, 65, 65, 65, 65, 64, 64], "robot_speeds": [0, 0, 0, 1, 2, 3, 3, 3, 3, 3, 3, 3, 3, 3, 2, 1, 1, 0, 0, 0, 1, 2, 2, 2, 1, 0, 0, 0, 1, 1, 2, 3, 2, 1, 0, 0, 0, 0, 1, 0], "robot_directions": [0, 3, 2, 2, 2, 2, 2, 2, 2, 2, 2, 2, 2, 2, 2, 2, 2, 2, 2, 3, 3, 3, 3, 3, 3, 3, 3, 2, 2, 2, 2, 2, 2, 2, 2, 3, 0, 0, 0, 0], "action_accs": [0, 0, 1, 1, 1, 0, 0, 0, 0, 0, 0, 0, 0, -1, -1, 0, -1, 0, 0, 1, 1, 0, 0, -1, -1, 0, 0, 1, 0, 1, 1, -1, -1, -1, 0, 0, 0, 1, -1], "action_rots": [-1, -1, 0, 0, 0, 0, 0, 0, 0, 0, 0, 0, 0, 0, 0, 0, 0, 0, 1, 0, 0, 0, 0, 0, 0, 0, -1, 0, 0, 0, 0, 0, 0, 0, 1, 1, 0, 0, 0], "steps": 39, "is_goal": true}