{"map_file_path": "grid_maps/Ihlen/occ_grid_small.txt", "start_pos": [70, 49], "goal_pos": [9, 44], "robot_rows": [70, 70, 70, 70, 70, 70, 70, 69, 67, 65, 62, 59, 56, 53, 50, 47, 44, 41, 38, 36, 33, 30, 27, 24, 21, 18, 15, 12, 10, 9, 9, 9, 9, 9, 9, 9, 9], "robot_cols": [49, 49, 49, 50, 50, 50, 50, 50, 50, 50, 50, 50, 50, 50, 50, 50, 50, 50, 50, 50, 50, 50, 50, 50, 50, 50, 50, 50, 50, 50, 50, 50, 49, 47, 45, 44, 44], "robot_speeds": [0, 0, 0, 1, 0, 0, 0, 1, 2, 2, 3, 3, 3, 3, 3, 3, 3, 3, 3, 2, 3, 3, 3, 3, 3, 3, 3, 3, 2, 1, 0, 0, 1, 2, 2, 1, 0], "robot_directions": [0, 3, 2, 2, 2, 1, 1, 1, 1, 1, 1, 1, 1, 1, 1, 1, 1, 1, 1, 1, 1, 1, 1, 1, 1, 1, 1, 1, 1, 1, 1, 0, 0, 0, 0, 0, 0], "action_accs": [0, 0, 1, -1, 0, 0, 1, 1, 0, 1, 0, 0, 0, 0, 0, 0, 0, 0, -1, 1, 0, 0, 0, 0, 1, 0, 0, -1, -1, -1, 0, 1, 1, 0, -1, -1], "action_rots": [-1, -1, 0, 0, -1, 0, 0, 0, 0, 0, 0, 0, 0, 0, 0, 0, 0, 0, 0, 0, 0, 0, 0, 0, 0, 0, 0, 0, 0, 0, -1, 0, 0, 0, 0, 0], "steps": 36, "is_goal": true}