{"map_file_path": "grid_maps/Ihlen/occ_grid_small.txt", "start_pos": [79, 54], "goal_pos": [8, 72], "robot_rows": [79, 79, 78, 76, 74, 72, 70, 67, 64, 61, 58, 55, 52, 49, 46, 43, 40, 37, 34, 31, 28, 25, 22, 19, 16, 13, 11, 9, 7, 6, 6, 6, 6, 7, 9, 10, 10, 10, 10, 10, 10, 10, 10, 10, 10, 10, 10, 10, 10, 10, 10, 9, 8, 8, 8, 8, 8, 8, 8, 8, 8, 8, 8], "robot_cols": [54, 54, 54, 54, 54, 54, 54, 54, 54, 54, 54, 54, 54, 54, 54, 54, 54, 54, 54, 54, 54, 54, 54, 54, 54, 54, 54, 54, 54, 54, 54, 54, 54, 54, 54, 54, 54, 54, 54, 54, 55, 57, 60, 63, 66, 69, 71, 73, 74, 74, 74, 74, 74, 74, 74, 73, 72, 71, 71, 71, 71, 72, 72], "robot_speeds": [0, 0, 1, 2, 2, 2, 2, 3, 3, 3, 3, 3, 3, 3, 3, 3, 3, 3, 3, 3, 3, 3, 3, 3, 3, 3, 2, 2, 2, 1, 0, 0, 0, 1, 2, 1, 0, 0, 0, 0, 1, 2, 3, 3, 3, 3, 2, 2, 1, 0, 0, 1, 1, 0, 0, 1, 1, 1, 0, 0, 0, 1, 0], "robot_directions": [0, 1, 1, 1, 1, 1, 1, 1, 1, 1, 1, 1, 1, 1, 1, 1, 1, 1, 1, 1, 1, 1, 1, 1, 1, 1, 1, 1, 1, 1, 1, 0, 3, 3, 3, 3, 3, 3, 3, 2, 2, 2, 2, 2, 2, 2, 2, 2, 2, 2, 1, 1, 1, 1, 0, 0, 0, 0, 0, 3, 2, 2, 2], "action_accs": [0, 1, 1, 0, 0, 0, 1, 0, 0, 0, 0, 0, 0, 0, 0, 0, 0, 0, 0, 0, 0, 0, 0, 0, 0, -1, 0, 0, -1, -1, 0, 0, 1, 1, -1, -1, 0, 0, 0, 1, 1, 1, 0, 0, 0, -1, 0, -1, -1, 0, 1, 0, -1, 0, 1, 0, 0, -1, 0, 0, 1, -1], "action_rots": [1, 0, 0, 0, 0, 0, 0, 0, 0, 0, 0, 0, 0, 0, 0, 0, 0, 0, 0, 0, 0, 0, 0, 0, 0, 0, 0, 0, 0, 0, -1, -1, 0, 0, 0, 0, 0, 0, -1, 0, 0, 0, 0, 0, 0, 0, 0, 0, 0, -1, 0, 0, 0, -1, 0, 0, 0, 0, -1, -1, 0, 0], "steps": 62, "is_goal": true}