{"map_file_path": "grid_maps/Ihlen/occ_grid_small.txt", "start_pos": [10, 72], "goal_pos": [54, 32], "robot_rows": [10, 10, 10, 10, 10, 10, 10, 10, 10, 10, 10, 10, 10, 11, 12, 14, 17, 20, 23, 26, 29, 32, 35, 38, 41, 44, 47, 49, 50, 51, 51, 51, 51, 51, 50, 50, 50, 50, 50, 50, 50, 50, 50, 50, 50, 50, 50, 51, 53, 55, 56, 56, 56, 56, 55, 54, 54], "robot_cols": [72, 71, 69, 66, 63, 60, 57, 54, 52, 51, 50, 50, 50, 50, 50, 50, 50, 50, 50, 50, 50, 50, 50, 50, 50, 50, 50, 50, 50, 50, 50, 50, 50, 50, 50, 50, 50, 49, 47, 44, 41, 38, 35, 33, 32, 32, 32, 32, 32, 32, 32, 32, 32, 32, 32, 32, 32], "robot_speeds": [0, 1, 2, 3, 3, 3, 3, 3, 2, 1, 1, 0, 0, 1, 1, 2, 3, 3, 3, 3, 3, 3, 3, 3, 3, 3, 3, 2, 1, 1, 0, 0, 0, 0, 1, 0, 0, 1, 2, 3, 3, 3, 3, 2, 1, 0, 0, 1, 2, 2, 1, 0, 0, 0, 1, 1, 0], "robot_directions": [0, 0, 0, 0, 0, 0, 0, 0, 0, 0, 0, 0, 3, 3, 3, 3, 3, 3, 3, 3, 3, 3, 3, 3, 3, 3, 3, 3, 3, 3, 3, 3, 0, 1, 1, 1, 0, 0, 0, 0, 0, 0, 0, 0, 0, 0, 3, 3, 3, 3, 3, 3, 0, 1, 1, 1, 1], "action_accs": [1, 1, 1, 0, 0, 0, 0, -1, -1, 0, -1, 0, 1, 0, 1, 1, 0, 0, 1, 0, 0, 1, 0, 0, 0, 0, -1, -1, 0, -1, 0, 0, 0, 1, -1, 0, 1, 1, 1, 0, 0, 0, -1, -1, -1, 0, 1, 1, 0, -1, -1, 0, 0, 1, 0, -1], "action_rots": [0, 0, 0, 0, 0, 0, 0, 0, 0, 0, 0, -1, 0, 0, 0, 0, 0, 0, 0, 0, 0, 0, 0, 0, 0, 0, 0, 0, 0, 0, 0, 1, 1, 0, 0, -1, 0, 0, 0, 0, 0, 0, 0, 0, 0, -1, 0, 0, 0, 0, 0, 1, 1, 0, 0, 0], "steps": 56, "is_goal": true}