{"map_file_path": "grid_maps/Ihlen/occ_grid_small.txt", "start_pos": [36, 2], "goal_pos": [86, 16], "robot_rows": [36, 36, 37, 39, 42, 45, 48, 51, 54, 56, 57, 58, 58, 58, 58, 58, 58, 58, 58, 58, 58, 58, 58, 58, 58, 58, 58, 58, 57, 55, 53, 51, 50, 50, 50, 50, 50, 50, 50, 50, 50, 50, 50, 50, 50, 50, 50, 51, 53, 56, 59, 62, 65, 68, 71, 74, 77, 79, 81, 82, 82, 82, 82, 82, 82, 82, 82, 82, 82, 82, 82, 82, 82, 82, 82, 82, 82, 82, 82, 82, 83, 85, 86, 86], "robot_cols": [2, 2, 2, 2, 2, 2, 2, 2, 2, 2, 2, 2, 2, 2, 3, 5, 8, 11, 14, 17, 20, 23, 25, 27, 29, 30, 30, 30, 30, 30, 30, 30, 30, 30, 30, 31, 33, 36, 39, 42, 45, 47, 49, 51, 52, 52, 52, 52, 52, 52, 52, 52, 52, 52, 52, 52, 52, 52, 52, 52, 52, 52, 51, 49, 46, 43, 40, 37, 34, 31, 28, 25, 22, 19, 17, 16, 16, 16, 16, 16, 16, 16, 16, 16], "robot_speeds": [0, 0, 1, 2, 3, 3, 3, 3, 3, 2, 1, 1, 0, 0, 1, 2, 3, 3, 3, 3, 3, 3, 2, 2, 2, 1, 0, 0, 1, 2, 2, 2, 1, 0, 0, 1, 2, 3, 3, 3, 3, 2, 2, 2, 1, 0, 0, 1, 2, 3, 3, 3, 3, 3, 3, 3, 3, 2, 2, 1, 0, 0, 1, 2, 3, 3, 3, 3, 3, 3, 3, 3, 3, 3, 2, 1, 0, 0, 0, 0, 1, 2, 1, 0], "robot_directions": [0, 3, 3, 3, 3, 3, 3, 3, 3, 3, 3, 3, 3, 2, 2, 2, 2, 2, 2, 2, 2, 2, 2, 2, 2, 2, 2, 1, 1, 1, 1, 1, 1, 1, 2, 2, 2, 2, 2, 2, 2, 2, 2, 2, 2, 2, 3, 3, 3, 3, 3, 3, 3, 3, 3, 3, 3, 3, 3, 3, 3, 0, 0, 0, 0, 0, 0, 0, 0, 0, 0, 0, 0, 0, 0, 0, 0, 0, 0, 3, 3, 3, 3, 3], "action_accs": [0, 1, 1, 1, 0, 0, 0, 0, -1, -1, 0, -1, 0, 1, 1, 1, 0, 0, 0, 0, 0, -1, 0, 0, -1, -1, 0, 1, 1, 0, 0, -1, -1, 0, 1, 1, 1, 1, 0, 0, -1, 0, 0, -1, -1, 0, 1, 1, 1, 0, 0, 0, 0, 0, 0, 1, -1, 0, -1, -1, 0, 1, 1, 1, 0, 0, 0, 0, 0, 0, 0, 1, 0, -1, -1, -1, 0, 0, 0, 1, 1, -1, -1], "action_rots": [-1, 0, 0, 0, 0, 0, 0, 0, 0, 0, 0, 0, -1, 0, 0, 0, 0, 0, 0, 0, 0, 0, 0, 0, 0, 0, -1, 0, 0, 0, 0, 0, 0, 1, 0, 0, 0, 0, 0, 0, 0, 0, 0, 0, 0, 1, 0, 0, 0, 0, 0, 0, 0, 0, 0, 0, 0, 0, 0, 0, 1, 0, 0, 0, 0, 0, 0, 0, 0, 0, 0, 0, 0, 0, 0, 0, 0, 0, -1, 0, 0, 0, 0], "steps": 83, "is_goal": true}