{"map_file_path": "grid_maps/Ihlen/occ_grid_small.txt", "start_pos": [57, 2], "goal_pos": [23, 33], "robot_rows": [57, 57, 58, 58, 58, 58, 58, 58, 58, 58, 58, 58, 58, 58, 58, 58, 58, 58, 58, 58, 57, 55, 52, 50, 48, 47, 47, 47, 47, 47, 47, 47, 47, 47, 47, 47, 47, 47, 47, 47, 47, 47, 46, 44, 41, 38, 35, 32, 30, 28, 27, 26, 26, 26, 26, 27, 27, 27, 27, 27, 27, 27, 27, 27, 27, 27, 27, 27, 27, 27, 27, 26, 24, 22, 21, 21, 21, 21, 21, 21, 22, 23, 23], "robot_cols": [2, 2, 2, 2, 2, 3, 5, 8, 11, 14, 16, 19, 22, 25, 27, 28, 28, 29, 29, 29, 29, 29, 29, 29, 29, 29, 29, 29, 29, 30, 31, 33, 36, 39, 42, 45, 47, 49, 50, 50, 50, 50, 50, 50, 50, 50, 50, 50, 50, 50, 50, 50, 50, 50, 50, 50, 50, 50, 50, 49, 47, 44, 41, 38, 36, 34, 33, 32, 32, 32, 32, 32, 32, 32, 32, 32, 32, 33, 33, 33, 33, 33, 33], "robot_speeds": [0, 0, 1, 0, 0, 1, 2, 3, 3, 3, 2, 3, 3, 3, 2, 1, 0, 1, 0, 0, 1, 2, 3, 2, 2, 1, 0, 0, 0, 1, 1, 2, 3, 3, 3, 3, 2, 2, 1, 0, 0, 0, 1, 2, 3, 3, 3, 3, 2, 2, 1, 1, 0, 0, 0, 1, 0, 0, 0, 1, 2, 3, 3, 3, 2, 2, 1, 1, 0, 0, 0, 1, 2, 2, 1, 0, 0, 1, 0, 0, 1, 1, 0], "robot_directions": [0, 3, 3, 3, 2, 2, 2, 2, 2, 2, 2, 2, 2, 2, 2, 2, 2, 2, 2, 1, 1, 1, 1, 1, 1, 1, 1, 2, 2, 2, 2, 2, 2, 2, 2, 2, 2, 2, 2, 2, 1, 1, 1, 1, 1, 1, 1, 1, 1, 1, 1, 1, 1, 0, 3, 3, 3, 3, 0, 0, 0, 0, 0, 0, 0, 0, 0, 0, 0, 1, 1, 1, 1, 1, 1, 1, 2, 2, 2, 3, 3, 3, 3], "action_accs": [0, 1, -1, 0, 1, 1, 1, 0, 0, -1, 1, 0, 0, -1, -1, -1, 1, -1, 0, 1, 1, 1, -1, 0, -1, -1, 0, 0, 1, 0, 1, 1, 0, 0, 0, -1, 0, -1, -1, 0, 0, 1, 1, 1, 0, 1, 0, -1, 0, -1, 0, -1, 0, 0, 1, -1, 0, 0, 1, 1, 1, 0, 0, -1, 0, -1, 0, -1, 0, 0, 1, 1, 0, -1, -1, 0, 1, -1, 0, 1, 0, -1], "action_rots": [-1, 0, 0, -1, 0, 0, 0, 0, 0, 0, 0, 0, 0, 0, 0, 0, 0, 0, -1, 0, 0, 0, 0, 0, 0, 0, 1, 0, 0, 0, 0, 0, 0, 0, 0, 0, 0, 0, 0, -1, 0, 0, 0, 0, 0, 0, 0, 0, 0, 0, 0, 0, -1, -1, 0, 0, 0, 1, 0, 0, 0, 0, 0, 0, 0, 0, 0, 0, 1, 0, 0, 0, 0, 0, 0, 1, 0, 0, 1, 0, 0, 0], "steps": 82, "is_goal": true}