{"map_file_path": "grid_maps/Ihlen/occ_grid_small.txt", "start_pos": [93, 11], "goal_pos": [70, 66], "robot_rows": [93, 93, 93, 93, 93, 93, 93, 92, 90, 87, 84, 82, 80, 79, 79, 79, 79, 79, 79, 79, 79, 79, 79, 79, 79, 79, 79, 79, 79, 79, 79, 79, 79, 79, 79, 79, 79, 79, 78, 76, 74, 72, 69, 66, 63, 60, 57, 55, 53, 52, 52, 52, 52, 52, 52, 52, 52, 52, 52, 52, 52, 52, 52, 52, 52, 52, 52, 53, 55, 58, 61, 64, 67, 69, 70, 70, 70, 70, 70, 70, 70, 70, 70, 70, 70, 70], "robot_cols": [11, 10, 8, 7, 6, 6, 6, 6, 6, 6, 6, 6, 6, 6, 6, 6, 7, 9, 12, 15, 18, 21, 23, 26, 29, 32, 35, 38, 41, 44, 47, 50, 52, 53, 54, 55, 55, 55, 55, 55, 55, 55, 55, 55, 55, 55, 55, 55, 55, 55, 55, 55, 56, 58, 61, 64, 67, 70, 72, 75, 78, 80, 82, 83, 84, 84, 84, 84, 84, 84, 84, 84, 84, 84, 84, 84, 84, 83, 81, 78, 75, 72, 69, 67, 66, 66], "robot_speeds": [0, 1, 2, 1, 1, 0, 0, 1, 2, 3, 3, 2, 2, 1, 0, 0, 1, 2, 3, 3, 3, 3, 2, 3, 3, 3, 3, 3, 3, 3, 3, 3, 2, 1, 1, 1, 0, 0, 1, 2, 2, 2, 3, 3, 3, 3, 3, 2, 2, 1, 0, 0, 1, 2, 3, 3, 3, 3, 2, 3, 3, 2, 2, 1, 1, 0, 0, 1, 2, 3, 3, 3, 3, 2, 1, 0, 0, 1, 2, 3, 3, 3, 3, 2, 1, 0], "robot_directions": [0, 0, 0, 0, 0, 0, 1, 1, 1, 1, 1, 1, 1, 1, 1, 2, 2, 2, 2, 2, 2, 2, 2, 2, 2, 2, 2, 2, 2, 2, 2, 2, 2, 2, 2, 2, 2, 1, 1, 1, 1, 1, 1, 1, 1, 1, 1, 1, 1, 1, 1, 2, 2, 2, 2, 2, 2, 2, 2, 2, 2, 2, 2, 2, 2, 2, 3, 3, 3, 3, 3, 3, 3, 3, 3, 3, 0, 0, 0, 0, 0, 0, 0, 0, 0, 0], "action_accs": [1, 1, -1, 0, -1, 0, 1, 1, 1, 0, -1, 0, -1, -1, 0, 1, 1, 1, 0, 0, 0, -1, 1, 0, 0, 0, 0, 0, 0, 0, 0, -1, -1, 0, 0, -1, 0, 1, 1, 0, 0, 1, 0, 0, 0, 0, -1, 0, -1, -1, 0, 1, 1, 1, 0, 0, 0, -1, 1, 0, -1, 0, -1, 0, -1, 0, 1, 1, 1, 0, 0, 0, -1, -1, -1, 0, 1, 1, 1, 0, 0, 0, -1, -1, -1], "action_rots": [0, 0, 0, 0, 0, 1, 0, 0, 0, 0, 0, 0, 0, 0, 1, 0, 0, 0, 0, 0, 0, 0, 0, 0, 0, 0, 0, 0, 0, 0, 0, 0, 0, 0, 0, 0, -1, 0, 0, 0, 0, 0, 0, 0, 0, 0, 0, 0, 0, 0, 1, 0, 0, 0, 0, 0, 0, 0, 0, 0, 0, 0, 0, 0, 0, 1, 0, 0, 0, 0, 0, 0, 0, 0, 0, 1, 0, 0, 0, 0, 0, 0, 0, 0, 0], "steps": 85, "is_goal": true}