{"map_file_path": "grid_maps/Ihlen/occ_grid_small.txt", "start_pos": [11, 45], "goal_pos": [70, 84], "robot_rows": [11, 11, 11, 11, 11, 11, 11, 11, 11, 11, 11, 11, 11, 11, 11, 11, 11, 11, 11, 12, 14, 17, 20, 23, 26, 29, 32, 35, 38, 41, 44, 47, 50, 53, 55, 56, 56, 56, 56, 56, 56, 56, 56, 56, 57, 58, 60, 63, 66, 68, 69, 70, 70], "robot_cols": [45, 45, 45, 45, 46, 48, 51, 54, 57, 60, 63, 66, 69, 72, 75, 77, 78, 78, 78, 78, 78, 78, 78, 78, 78, 78, 78, 78, 78, 78, 78, 78, 78, 78, 78, 78, 78, 78, 79, 81, 83, 84, 84, 84, 84, 84, 84, 84, 84, 84, 84, 84, 84], "robot_speeds": [0, 0, 0, 0, 1, 2, 3, 3, 3, 3, 3, 3, 3, 3, 3, 2, 1, 0, 0, 1, 2, 3, 3, 3, 3, 3, 3, 3, 3, 3, 3, 3, 3, 3, 2, 1, 0, 0, 1, 2, 2, 1, 0, 0, 1, 1, 2, 3, 3, 2, 1, 1, 0], "robot_directions": [0, 0, 3, 2, 2, 2, 2, 2, 2, 2, 2, 2, 2, 2, 2, 2, 2, 2, 3, 3, 3, 3, 3, 3, 3, 3, 3, 3, 3, 3, 3, 3, 3, 3, 3, 3, 3, 2, 2, 2, 2, 2, 2, 3, 3, 3, 3, 3, 3, 3, 3, 3, 3], "action_accs": [0, 0, 0, 1, 1, 1, 0, 0, 0, 0, 0, 0, 0, 0, -1, -1, -1, 0, 1, 1, 1, 0, 0, 0, 0, 0, 0, 1, 0, 0, 0, 0, 0, -1, -1, -1, 0, 1, 1, 0, -1, -1, 0, 1, 0, 1, 1, 0, -1, -1, 0, -1], "action_rots": [0, -1, -1, 0, 0, 0, 0, 0, 0, 0, 0, 0, 0, 0, 0, 0, 0, 1, 0, 0, 0, 0, 0, 0, 0, 0, 0, 0, 0, 0, 0, 0, 0, 0, 0, 0, -1, 0, 0, 0, 0, 0, 1, 0, 0, 0, 0, 0, 0, 0, 0, 0], "steps": 52, "is_goal": true}