{"map_file_path": "grid_maps/Ihlen/occ_grid_small.txt", "start_pos": [15, 8], "goal_pos": [87, 78], "robot_rows": [15, 15, 15, 15, 15, 15, 15, 15, 15, 15, 15, 15, 15, 15, 15, 15], "robot_cols": [8, 8, 7, 5, 5, 4, 4, 3, 3, 3, 3, 3, 3, 3, 3, 3], "robot_speeds": [0, 0, 1, 2, 0, 1, 0, 1, 0, 0, 0, 0, 0, 0, 0, 0], "robot_directions": [0, 0, 0, 0, 0, 0, 0, 0, 0, 0, 3, 0, 3, 0, 0, 0], "action_accs": [0, 1, 1, 1, 1, 1, 1, 0, -1, 0, 0, 0, 0, 1, 1], "action_rots": [0, 0, 0, 0, 0, 0, 0, 0, 0, -1, 1, -1, 1, 0, 0], "steps": 15, "is_goal": false}