{"map_file_path": "grid_maps/Ihlen/occ_grid_small.txt", "start_pos": [92, 69], "goal_pos": [30, 62], "robot_rows": [92, 92, 92, 92, 92, 92, 92, 92, 92, 92, 91, 89, 86, 83, 81, 80, 80, 80, 80, 80, 80, 80, 80, 80, 80, 80, 80, 80, 79, 77, 74, 71, 68, 65, 62, 59, 56, 53, 50, 47, 44, 41, 38, 35, 32, 29, 27, 25, 24, 24, 24, 24, 24, 24, 24, 24, 24, 24, 25, 27, 29, 30, 30], "robot_cols": [69, 69, 68, 66, 64, 62, 61, 61, 61, 61, 61, 61, 61, 61, 61, 61, 61, 61, 60, 59, 57, 55, 54, 53, 53, 53, 53, 53, 53, 53, 53, 53, 53, 53, 53, 53, 53, 53, 53, 53, 53, 53, 53, 53, 53, 53, 53, 53, 53, 53, 53, 54, 56, 59, 61, 62, 62, 62, 62, 62, 62, 62, 62], "robot_speeds": [0, 0, 1, 2, 2, 2, 1, 0, 0, 0, 1, 2, 3, 3, 2, 1, 0, 0, 1, 1, 2, 2, 1, 1, 0, 0, 0, 0, 1, 2, 3, 3, 3, 3, 3, 3, 3, 3, 3, 3, 3, 3, 3, 3, 3, 3, 2, 2, 1, 0, 0, 1, 2, 3, 2, 1, 0, 0, 1, 2, 2, 1, 0], "robot_directions": [0, 0, 0, 0, 0, 0, 0, 0, 1, 1, 1, 1, 1, 1, 1, 1, 1, 0, 0, 0, 0, 0, 0, 0, 0, 0, 1, 1, 1, 1, 1, 1, 1, 1, 1, 1, 1, 1, 1, 1, 1, 1, 1, 1, 1, 1, 1, 1, 1, 1, 2, 2, 2, 2, 2, 2, 2, 3, 3, 3, 3, 3, 3], "action_accs": [-1, 1, 1, 0, 0, -1, -1, 0, 0, 1, 1, 1, 0, -1, -1, -1, 0, 1, 0, 1, 0, -1, 0, -1, 0, 0, 0, 1, 1, 1, 0, 0, 0, 0, 0, 0, 0, 0, 0, 0, 0, 0, 0, 0, 0, -1, 0, -1, -1, 0, 1, 1, 1, -1, -1, -1, 0, 1, 1, 0, -1, -1], "action_rots": [0, 0, 0, 0, 0, 0, 0, 1, 0, 0, 0, 0, 0, 0, 0, 0, -1, 0, 0, 0, 0, 0, 0, 0, 0, 1, 0, 0, 0, 0, 0, 0, 0, 0, 0, 0, 0, 0, 0, 0, 0, 0, 0, 0, 0, 0, 0, 0, 0, 1, 0, 0, 0, 0, 0, 0, 1, 0, 0, 0, 0, 0], "steps": 62, "is_goal": true}