{"map_file_path": "grid_maps/Ihlen/occ_grid_small.txt", "start_pos": [62, 49], "goal_pos": [11, 87], "robot_rows": [62, 62, 61, 59, 56, 53, 50, 47, 44, 41, 38, 35, 32, 33, 33, 33, 33, 33, 32, 32, 32, 32, 32, 32, 32, 32, 32, 32, 32, 32], "robot_cols": [49, 49, 49, 49, 49, 49, 49, 49, 49, 49, 49, 49, 49, 49, 49, 49, 49, 49, 49, 49, 49, 49, 49, 49, 49, 49, 49, 49, 49, 49], "robot_speeds": [0, 0, 1, 2, 3, 3, 3, 3, 3, 3, 3, 3, 3, 0, 0, 0, 0, 0, 1, 0, 0, 0, 0, 0, 0, 0, 0, 0, 0, 0], "robot_directions": [0, 1, 1, 1, 1, 1, 1, 1, 1, 1, 1, 1, 1, 1, 1, 1, 0, 1, 1, 1, 0, 0, 1, 2, 3, 0, 0, 0, 0, 0], "action_accs": [0, 1, 1, 1, 1, 1, 1, 1, 1, 1, 1, 1, 0, -1, 0, 0, 0, 1, 1, 0, 0, 0, 0, 0, 0, 0, 1, 1, 1], "action_rots": [1, 0, 0, 0, 0, 0, 0, 0, 0, 0, 0, 0, 0, 0, 0, -1, 1, 0, 0, -1, 0, 1, 1, 1, 1, 0, 0, 0, 0], "steps": 29, "is_goal": false}