{"map_file_path": "grid_maps/Ihlen/occ_grid_small.txt", "start_pos": [30, 79], "goal_pos": [44, 5], "robot_rows": [30, 30, 30, 30, 30, 30, 30, 30, 30, 30, 30, 30, 30, 29, 27, 25, 22, 19, 16, 13, 10, 10, 10, 10, 10, 10, 10, 10, 11, 13, 16, 19, 22, 25, 28, 31, 31, 31, 32, 33, 33, 33, 33, 33, 33, 33, 33], "robot_cols": [79, 78, 76, 73, 70, 67, 64, 61, 62, 62, 62, 62, 62, 62, 62, 62, 62, 62, 62, 62, 62, 62, 62, 62, 62, 62, 62, 62, 62, 62, 62, 62, 62, 62, 62, 62, 62, 62, 62, 62, 62, 62, 62, 61, 61, 60, 61], "robot_speeds": [0, 1, 2, 3, 3, 3, 3, 3, 0, 0, 0, 0, 0, 1, 2, 2, 3, 3, 3, 3, 3, 0, 0, 0, 0, 0, 0, 0, 1, 2, 3, 3, 3, 3, 3, 3, 0, 0, 1, 1, 0, 0, 0, 1, 0, 1, 0], "robot_directions": [0, 0, 0, 0, 0, 0, 0, 0, 0, 0, 3, 2, 1, 1, 1, 1, 1, 1, 1, 1, 1, 1, 2, 3, 0, 3, 0, 3, 3, 3, 3, 3, 3, 3, 3, 3, 3, 3, 3, 3, 3, 3, 0, 0, 0, 0, 0], "action_accs": [1, 1, 1, 1, 1, 1, 1, 0, -1, 0, 0, 0, 1, 1, 0, 1, 1, 1, 0, 1, 1, 0, 0, 0, 0, 0, 0, 1, 1, 1, 1, 1, 1, 1, 1, 0, -1, 1, 0, 0, -1, 0, 1, 1, 1, 1], "action_rots": [0, 0, 0, 0, 0, 0, 0, 0, 0, -1, -1, -1, 0, 0, 0, 0, 0, 0, 0, 0, 0, 1, 1, 1, -1, 1, -1, 0, 0, 0, 0, 0, 0, 0, 0, 0, 0, 0, 0, 0, 0, 1, 0, 0, 0, 0], "steps": 46, "is_goal": false}