{"map_file_path": "grid_maps/Ihlen/occ_grid_small.txt", "start_pos": [19, 2], "goal_pos": [9, 65], "robot_rows": [19, 19, 19, 19, 19, 19, 19, 18, 16, 15, 15, 15, 15, 15, 15, 15, 15, 15, 15, 15, 15, 15, 15, 15, 15, 15, 15, 15, 15, 15, 15, 15, 15, 15, 15, 15, 15, 15, 14, 12, 10, 9, 9], "robot_cols": [2, 2, 2, 3, 3, 3, 3, 3, 3, 3, 3, 3, 4, 6, 9, 12, 14, 17, 20, 23, 26, 29, 32, 35, 38, 41, 44, 47, 50, 53, 55, 58, 61, 63, 64, 65, 65, 65, 65, 65, 65, 65, 65], "robot_speeds": [0, 0, 0, 1, 0, 0, 0, 1, 2, 1, 0, 0, 1, 2, 3, 3, 2, 3, 3, 3, 3, 3, 3, 3, 3, 3, 3, 3, 3, 3, 2, 3, 3, 2, 1, 1, 0, 0, 1, 2, 2, 1, 0], "robot_directions": [0, 3, 2, 2, 2, 1, 1, 1, 1, 1, 1, 2, 2, 2, 2, 2, 2, 2, 2, 2, 2, 2, 2, 2, 2, 2, 2, 2, 2, 2, 2, 2, 2, 2, 2, 2, 2, 1, 1, 1, 1, 1, 1], "action_accs": [0, 0, 1, -1, 0, 0, 1, 1, -1, -1, 0, 1, 1, 1, 0, -1, 1, 0, 0, 0, 0, 0, 0, 0, 0, 0, 0, 0, 0, -1, 1, 0, -1, -1, 0, -1, 0, 1, 1, 0, -1, -1], "action_rots": [-1, -1, 0, 0, -1, 0, 0, 0, 0, 0, 1, 0, 0, 0, 0, 0, 0, 0, 0, 0, 0, 0, 0, 0, 0, 0, 0, 0, 0, 0, 0, 0, 0, 0, 0, 0, -1, 0, 0, 0, 0, 0], "steps": 42, "is_goal": true}