{"map_file_path": "grid_maps/Ihlen/occ_grid_small.txt", "start_pos": [32, 61], "goal_pos": [82, 15], "robot_rows": [32, 32, 31, 29, 27, 26, 25, 25, 25, 25, 25, 25, 25, 25, 25, 25, 25, 26, 28, 31, 34, 37, 40, 43, 46, 49, 52, 55, 58, 61, 64, 67, 70, 73, 76, 79, 81, 82, 82, 82, 82, 82, 82, 82, 82, 82, 82, 82, 82, 82, 82, 82, 82, 82, 82], "robot_cols": [61, 61, 61, 61, 61, 61, 61, 61, 61, 60, 58, 56, 53, 51, 50, 50, 50, 50, 50, 50, 50, 50, 50, 50, 50, 50, 50, 50, 50, 50, 50, 50, 50, 50, 50, 50, 50, 50, 50, 50, 49, 47, 44, 41, 38, 35, 32, 29, 27, 24, 21, 18, 16, 15, 15], "robot_speeds": [0, 0, 1, 2, 2, 1, 1, 0, 0, 1, 2, 2, 3, 2, 1, 0, 0, 1, 2, 3, 3, 3, 3, 3, 3, 3, 3, 3, 3, 3, 3, 3, 3, 3, 3, 3, 2, 1, 0, 0, 1, 2, 3, 3, 3, 3, 3, 3, 2, 3, 3, 3, 2, 1, 0], "robot_directions": [0, 1, 1, 1, 1, 1, 1, 1, 0, 0, 0, 0, 0, 0, 0, 0, 3, 3, 3, 3, 3, 3, 3, 3, 3, 3, 3, 3, 3, 3, 3, 3, 3, 3, 3, 3, 3, 3, 3, 0, 0, 0, 0, 0, 0, 0, 0, 0, 0, 0, 0, 0, 0, 0, 0], "action_accs": [0, 1, 1, 0, -1, 0, -1, 0, 1, 1, 0, 1, -1, -1, -1, 0, 1, 1, 1, 0, 0, 0, 0, 0, 0, 0, 0, 0, 1, 0, 0, 0, 0, 0, 0, -1, -1, -1, 0, 1, 1, 1, 0, 0, 0, 0, 0, -1, 1, 0, 0, -1, -1, -1], "action_rots": [1, 0, 0, 0, 0, 0, 0, -1, 0, 0, 0, 0, 0, 0, 0, -1, 0, 0, 0, 0, 0, 0, 0, 0, 0, 0, 0, 0, 0, 0, 0, 0, 0, 0, 0, 0, 0, 0, 1, 0, 0, 0, 0, 0, 0, 0, 0, 0, 0, 0, 0, 0, 0, 0], "steps": 54, "is_goal": true}