{"map_file_path": "grid_maps/Ihlen/occ_grid_small.txt", "start_pos": [23, 93], "goal_pos": [15, 15], "robot_rows": [23, 23, 23, 23, 23, 23, 23, 23, 23, 23, 23, 22, 20, 18, 17, 16, 16, 16, 16, 16, 16, 16, 16, 16, 16, 16, 16, 16, 16, 16, 16, 16, 16, 16, 16, 16, 16, 16, 16, 16, 16, 16, 16, 16, 15, 15], "robot_cols": [93, 92, 90, 87, 84, 81, 79, 78, 78, 78, 78, 78, 78, 78, 78, 78, 78, 78, 77, 75, 72, 69, 66, 63, 60, 57, 54, 51, 48, 45, 42, 40, 37, 34, 31, 28, 25, 22, 19, 17, 16, 15, 15, 15, 15, 15], "robot_speeds": [0, 1, 2, 3, 3, 3, 2, 1, 0, 0, 0, 1, 2, 2, 1, 1, 0, 0, 1, 2, 3, 3, 3, 3, 3, 3, 3, 3, 3, 3, 3, 2, 3, 3, 3, 3, 3, 3, 3, 2, 1, 1, 0, 0, 1, 0], "robot_directions": [0, 0, 0, 0, 0, 0, 0, 0, 0, 1, 1, 1, 1, 1, 1, 1, 1, 0, 0, 0, 0, 0, 0, 0, 0, 0, 0, 0, 0, 0, 0, 0, 0, 0, 0, 0, 0, 0, 0, 0, 0, 0, 0, 1, 1, 1], "action_accs": [1, 1, 1, 0, 0, -1, -1, -1, 0, 0, 1, 1, 0, -1, 0, -1, 0, 1, 1, 1, 1, 0, 0, 1, 0, 0, 0, 1, 0, 0, -1, 1, 1, 0, 0, 0, 0, 0, -1, -1, 0, -1, 0, 1, -1], "action_rots": [0, 0, 0, 0, 0, 0, 0, 0, 1, 0, 0, 0, 0, 0, 0, 0, -1, 0, 0, 0, 0, 0, 0, 0, 0, 0, 0, 0, 0, 0, 0, 0, 0, 0, 0, 0, 0, 0, 0, 0, 0, 0, 1, 0, 0], "steps": 45, "is_goal": true}