{"map_file_path": "grid_maps/Ihlen/occ_grid_small.txt", "start_pos": [42, 5], "goal_pos": [13, 81], "robot_rows": [42, 42, 43, 45, 48, 51, 54, 56, 57, 58, 58, 58, 58, 58, 58, 58, 58, 58, 58, 58, 58, 58, 58, 58, 58, 58, 58, 57, 55, 52, 50, 48, 47, 47, 47, 47, 47, 47, 47, 47, 47, 47, 47, 47, 47, 47, 47, 47, 46, 44, 41, 38, 35, 32, 29, 26, 23, 20, 17, 15, 14, 13, 13, 13, 13, 13, 13, 13, 13, 13, 13, 13, 13, 13, 13, 13], "robot_cols": [5, 5, 5, 5, 5, 5, 5, 5, 5, 5, 5, 5, 6, 8, 11, 14, 16, 19, 22, 25, 27, 30, 29, 29, 30, 30, 30, 30, 30, 30, 30, 30, 30, 30, 30, 31, 33, 36, 39, 42, 45, 48, 51, 53, 54, 54, 54, 54, 54, 54, 54, 54, 54, 54, 54, 54, 54, 54, 54, 54, 54, 54, 54, 54, 55, 57, 60, 63, 66, 69, 72, 75, 78, 80, 81, 81], "robot_speeds": [0, 0, 1, 2, 3, 3, 3, 2, 1, 1, 0, 0, 1, 2, 3, 3, 2, 3, 3, 3, 2, 3, 0, 0, 1, 0, 0, 1, 2, 3, 2, 2, 1, 0, 0, 1, 2, 3, 3, 3, 3, 3, 3, 2, 1, 0, 0, 0, 1, 2, 3, 3, 3, 3, 3, 3, 3, 3, 3, 2, 1, 1, 0, 0, 1, 2, 3, 3, 3, 3, 3, 3, 3, 2, 1, 0], "robot_directions": [0, 3, 3, 3, 3, 3, 3, 3, 3, 3, 3, 2, 2, 2, 2, 2, 2, 2, 2, 2, 2, 2, 2, 2, 2, 2, 1, 1, 1, 1, 1, 1, 1, 1, 2, 2, 2, 2, 2, 2, 2, 2, 2, 2, 2, 2, 2, 1, 1, 1, 1, 1, 1, 1, 1, 1, 1, 1, 1, 1, 1, 1, 1, 2, 2, 2, 2, 2, 2, 2, 2, 2, 2, 2, 2, 2], "action_accs": [0, 1, 1, 1, 0, 0, -1, -1, 0, -1, 0, 1, 1, 1, 0, -1, 1, 0, 0, -1, 1, -1, 0, 1, -1, 0, 1, 1, 1, -1, 0, -1, -1, 0, 1, 1, 1, 0, 0, 0, 0, 0, -1, -1, -1, 0, 0, 1, 1, 1, 0, 0, 0, 0, 0, 0, 0, 0, -1, -1, 0, -1, 0, 1, 1, 1, 0, 0, 0, 0, 0, 0, -1, -1, -1], "action_rots": [-1, 0, 0, 0, 0, 0, 0, 0, 0, 0, -1, 0, 0, 0, 0, 0, 0, 0, 0, 0, 0, 0, 0, 0, 0, -1, 0, 0, 0, 0, 0, 0, 0, 1, 0, 0, 0, 0, 0, 0, 0, 0, 0, 0, 0, 0, -1, 0, 0, 0, 0, 0, 0, 0, 0, 0, 0, 0, 0, 0, 0, 0, 1, 0, 0, 0, 0, 0, 0, 0, 0, 0, 0, 0, 0], "steps": 75, "is_goal": true}