{"map_file_path": "grid_maps/Ihlen/occ_grid_small.txt", "start_pos": [56, 33], "goal_pos": [8, 64], "robot_rows": [56, 56, 56, 56, 56, 56, 56, 57, 56, 56, 56, 56, 56, 56, 56, 56, 56, 56, 55, 53, 53, 52, 52], "robot_cols": [33, 33, 33, 33, 33, 33, 33, 33, 33, 33, 32, 30, 27, 24, 24, 23, 23, 23, 23, 23, 23, 23, 23], "robot_speeds": [0, 0, 0, 0, 0, 0, 0, 1, 0, 0, 1, 2, 3, 3, 0, 1, 0, 0, 1, 2, 0, 1, 0], "robot_directions": [0, 0, 3, 0, 3, 2, 3, 3, 3, 0, 0, 0, 0, 0, 0, 0, 0, 1, 1, 1, 1, 1, 1], "action_accs": [0, 0, 0, 0, 0, 0, 1, 1, 0, 1, 1, 1, 0, 0, 1, 1, 0, 1, 1, 0, 1, 0], "action_rots": [0, -1, 1, -1, -1, 1, 0, 0, 1, 0, 0, 0, 0, 0, 0, 0, 1, 0, 0, 0, 0, 0], "steps": 22, "is_goal": false}