{"map_file_path": "grid_maps/Ihlen/occ_grid_small.txt", "start_pos": [11, 66], "goal_pos": [21, 5], "robot_rows": [11, 11, 12, 14, 15, 15, 15, 15, 15, 15, 15, 15, 15, 15, 15, 15, 15, 15, 15, 15, 15, 15, 15, 15, 15, 15, 15, 15, 15, 15, 15, 15, 16, 18, 20, 21, 21, 21, 21, 21], "robot_cols": [66, 66, 66, 66, 66, 66, 66, 66, 65, 63, 60, 57, 54, 51, 48, 45, 42, 39, 36, 33, 30, 27, 24, 21, 18, 15, 12, 9, 6, 4, 4, 4, 4, 4, 4, 4, 4, 4, 5, 5], "robot_speeds": [0, 0, 1, 2, 1, 0, 0, 0, 1, 2, 3, 3, 3, 3, 3, 3, 3, 3, 3, 3, 3, 3, 3, 3, 3, 3, 3, 3, 3, 2, 0, 0, 1, 2, 2, 1, 0, 0, 1, 0], "robot_directions": [0, 3, 3, 3, 3, 3, 3, 0, 0, 0, 0, 0, 0, 0, 0, 0, 0, 0, 0, 0, 0, 0, 0, 0, 0, 0, 0, 0, 0, 0, 0, 3, 3, 3, 3, 3, 3, 2, 2, 2], "action_accs": [0, 1, 1, -1, -1, 0, 0, 1, 1, 1, 0, 0, 0, 0, 0, 0, 0, 0, 0, 0, 1, 0, 0, 0, 0, 0, 0, 0, -1, 0, 0, 1, 1, 0, -1, -1, 0, 1, -1], "action_rots": [-1, 0, 0, 0, 0, 0, 1, 0, 0, 0, 0, 0, 0, 0, 0, 0, 0, 0, 0, 0, 0, 0, 0, 0, 0, 0, 0, 0, 0, 0, -1, 0, 0, 0, 0, 0, -1, 0, 0], "steps": 39, "is_goal": true}