{"map_file_path": "grid_maps/Ihlen/occ_grid_small.txt", "start_pos": [39, 27], "goal_pos": [55, 90], "robot_rows": [39, 39, 39, 39, 39, 39, 39, 39, 39, 39, 39, 39, 40, 42, 45, 48, 51, 54, 54, 55, 57, 55, 56, 56, 57, 56, 57, 56], "robot_cols": [27, 27, 27, 28, 30, 33, 31, 31, 31, 31, 31, 31, 31, 31, 31, 31, 31, 31, 31, 31, 31, 31, 31, 31, 31, 31, 31, 31], "robot_speeds": [0, 0, 0, 1, 2, 3, 0, 0, 0, 0, 0, 0, 1, 2, 3, 3, 3, 3, 0, 1, 2, 0, 1, 0, 1, 0, 1, 0], "robot_directions": [0, 3, 2, 2, 2, 2, 2, 3, 0, 3, 2, 3, 3, 3, 3, 3, 3, 3, 3, 3, 3, 3, 3, 3, 3, 3, 3, 3], "action_accs": [0, 0, 1, 1, 1, 1, 0, 0, 0, 0, 0, 1, 1, 1, 1, 1, 0, 1, 1, 1, 1, 1, 1, 1, 1, 1, 1], "action_rots": [-1, -1, 0, 0, 0, 0, 1, 1, -1, -1, 1, 0, 0, 0, 0, 0, 0, 0, 0, 0, 0, 0, 0, 0, 0, 0, 0], "steps": 27, "is_goal": false}