{"map_file_path": "grid_maps/Ihlen/occ_grid_small.txt", "start_pos": [48, 42], "goal_pos": [92, 4], "robot_rows": [48, 48, 48, 48, 48, 48, 48, 48, 48, 48, 49, 51, 54, 57, 60, 63, 65, 68, 71, 74, 77, 80, 82, 83, 83, 83, 83, 83, 83, 83, 83, 83, 83, 83, 83, 83, 83, 83, 83, 83, 83, 83, 83, 83, 83, 83, 84, 85, 87, 89, 91, 92, 92, 92, 92, 92, 92], "robot_cols": [42, 42, 42, 43, 45, 47, 48, 49, 49, 49, 49, 49, 49, 49, 49, 49, 49, 49, 49, 49, 49, 49, 49, 49, 49, 49, 48, 46, 43, 40, 37, 34, 31, 28, 25, 22, 19, 16, 13, 10, 8, 7, 7, 6, 6, 6, 6, 6, 6, 6, 6, 6, 6, 6, 5, 4, 4], "robot_speeds": [0, 0, 0, 1, 2, 2, 1, 1, 0, 0, 1, 2, 3, 3, 3, 3, 2, 3, 3, 3, 3, 3, 2, 1, 0, 0, 1, 2, 3, 3, 3, 3, 3, 3, 3, 3, 3, 3, 3, 3, 2, 1, 0, 1, 0, 0, 1, 1, 2, 2, 2, 1, 0, 0, 1, 1, 0], "robot_directions": [0, 3, 2, 2, 2, 2, 2, 2, 2, 3, 3, 3, 3, 3, 3, 3, 3, 3, 3, 3, 3, 3, 3, 3, 3, 0, 0, 0, 0, 0, 0, 0, 0, 0, 0, 0, 0, 0, 0, 0, 0, 0, 0, 0, 0, 3, 3, 3, 3, 3, 3, 3, 3, 0, 0, 0, 0], "action_accs": [0, 0, 1, 1, 0, -1, 0, -1, 0, 1, 1, 1, 0, 0, 0, -1, 1, 0, 0, 0, 1, -1, -1, -1, 0, 1, 1, 1, 0, 0, 0, 0, 0, 0, 0, 0, 0, 0, 0, -1, -1, -1, 1, -1, 0, 1, 0, 1, 0, 0, -1, -1, 0, 1, 0, -1], "action_rots": [-1, -1, 0, 0, 0, 0, 0, 0, 1, 0, 0, 0, 0, 0, 0, 0, 0, 0, 0, 0, 0, 0, 0, 0, 1, 0, 0, 0, 0, 0, 0, 0, 0, 0, 0, 0, 0, 0, 0, 0, 0, 0, 0, 0, -1, 0, 0, 0, 0, 0, 0, 0, 1, 0, 0, 0], "steps": 56, "is_goal": true}