{"map_file_path": "grid_maps/Ihlen/occ_grid_small.txt", "start_pos": [16, 45], "goal_pos": [51, 27], "robot_rows": [16, 16, 16, 16, 16, 16, 16, 16, 16, 17, 18, 20, 22, 25, 28, 30, 33, 36, 39, 42, 45, 47, 49, 50, 50, 50, 50, 50, 50, 50, 50, 50, 50, 50, 50, 50, 50, 51, 51], "robot_cols": [45, 45, 45, 46, 48, 49, 50, 50, 50, 50, 50, 50, 50, 50, 50, 50, 50, 50, 50, 50, 50, 50, 50, 50, 50, 50, 49, 47, 44, 41, 38, 35, 32, 29, 27, 27, 27, 27, 27], "robot_speeds": [0, 0, 0, 1, 2, 1, 1, 0, 0, 1, 1, 2, 2, 3, 3, 2, 3, 3, 3, 3, 3, 2, 2, 1, 0, 0, 1, 2, 3, 3, 3, 3, 3, 3, 2, 0, 0, 1, 0], "robot_directions": [0, 3, 2, 2, 2, 2, 2, 2, 3, 3, 3, 3, 3, 3, 3, 3, 3, 3, 3, 3, 3, 3, 3, 3, 3, 0, 0, 0, 0, 0, 0, 0, 0, 0, 0, 0, 3, 3, 3], "action_accs": [0, 0, 1, 1, -1, 0, -1, 0, 1, 0, 1, 0, 1, 0, -1, 1, 0, 0, 0, 0, -1, 0, -1, -1, 0, 1, 1, 1, 0, 0, 0, 0, 0, -1, -1, 0, 1, -1], "action_rots": [-1, -1, 0, 0, 0, 0, 0, 1, 0, 0, 0, 0, 0, 0, 0, 0, 0, 0, 0, 0, 0, 0, 0, 0, 1, 0, 0, 0, 0, 0, 0, 0, 0, 0, 0, -1, 0, 0], "steps": 38, "is_goal": true}