{"map_file_path": "grid_maps/Ihlen/occ_grid_small.txt", "start_pos": [57, 8], "goal_pos": [96, 68], "robot_rows": [57, 57, 58, 58, 58, 58, 58, 58, 58, 58, 58, 58, 58, 58, 58, 58, 58, 58, 57, 55, 52, 50, 48, 47, 47, 47, 47, 47, 47, 47, 47, 47, 47, 47, 47, 47, 47, 47, 47, 48, 50, 53, 56, 59, 62, 65, 68, 71, 74, 77, 79, 80, 81, 81, 81, 81, 81, 81, 81, 81, 81, 81, 81, 81, 81, 82, 84, 87, 90, 93, 95, 97, 97, 97, 97, 97, 97, 97, 97, 96, 96], "robot_cols": [8, 8, 8, 8, 8, 8, 9, 11, 13, 16, 19, 22, 25, 27, 28, 29, 29, 29, 29, 29, 29, 29, 29, 29, 29, 29, 30, 32, 35, 38, 41, 44, 47, 50, 53, 55, 56, 56, 56, 56, 56, 56, 56, 56, 56, 56, 56, 56, 56, 56, 56, 56, 56, 56, 56, 57, 59, 62, 65, 67, 69, 70, 70, 70, 70, 70, 70, 70, 70, 70, 70, 70, 70, 70, 69, 68, 68, 68, 68, 68, 68], "robot_speeds": [0, 0, 1, 0, 0, 0, 1, 2, 2, 3, 3, 3, 3, 2, 1, 1, 0, 0, 1, 2, 3, 2, 2, 1, 0, 0, 1, 2, 3, 3, 3, 3, 3, 3, 3, 2, 1, 0, 0, 1, 2, 3, 3, 3, 3, 3, 3, 3, 3, 3, 2, 1, 1, 0, 0, 1, 2, 3, 3, 2, 2, 1, 0, 0, 0, 1, 2, 3, 3, 3, 2, 2, 0, 0, 1, 1, 0, 0, 0, 1, 0], "robot_directions": [0, 3, 3, 3, 2, 2, 2, 2, 2, 2, 2, 2, 2, 2, 2, 2, 2, 1, 1, 1, 1, 1, 1, 1, 1, 2, 2, 2, 2, 2, 2, 2, 2, 2, 2, 2, 2, 2, 3, 3, 3, 3, 3, 3, 3, 3, 3, 3, 3, 3, 3, 3, 3, 3, 2, 2, 2, 2, 2, 2, 2, 2, 2, 3, 3, 3, 3, 3, 3, 3, 3, 3, 3, 0, 0, 0, 0, 1, 1, 1, 1], "action_accs": [0, 1, -1, 0, 0, 1, 1, 0, 1, 0, 0, 0, -1, -1, 0, -1, 0, 1, 1, 1, -1, 0, -1, -1, 0, 1, 1, 1, 0, 1, 0, 0, 0, 0, -1, -1, -1, 0, 1, 1, 1, 0, 0, 0, 0, 0, 0, 0, 0, -1, -1, 0, -1, 0, 1, 1, 1, 0, -1, 0, -1, -1, 0, 0, 1, 1, 1, 0, 0, -1, 0, -1, 0, 1, 0, -1, 0, 0, 1, -1], "action_rots": [-1, 0, 0, -1, 0, 0, 0, 0, 0, 0, 0, 0, 0, 0, 0, 0, -1, 0, 0, 0, 0, 0, 0, 0, 1, 0, 0, 0, 0, 0, 0, 0, 0, 0, 0, 0, 0, 1, 0, 0, 0, 0, 0, 0, 0, 0, 0, 0, 0, 0, 0, 0, 0, -1, 0, 0, 0, 0, 0, 0, 0, 0, 1, 0, 0, 0, 0, 0, 0, 0, 0, 0, 1, 0, 0, 0, 1, 0, 0, 0], "steps": 80, "is_goal": true}