{"map_file_path": "grid_maps/Ihlen/occ_grid_small.txt", "start_pos": [11, 96], "goal_pos": [79, 21], "robot_rows": [11, 11, 11, 11, 11, 11, 11, 11, 11, 11, 11, 11, 11, 11, 11, 11, 11, 11, 11, 11, 12, 14, 17, 20, 23, 26, 29, 32, 35, 37, 40, 43, 45, 48, 51, 54, 56, 59, 62, 65, 68, 71, 74, 76, 78, 80, 81, 81, 81, 81, 81, 81, 81, 81, 81, 81, 81, 81, 81, 81, 81, 81, 81, 81, 81, 80, 79, 79, 79, 79, 79, 79, 79, 79], "robot_cols": [96, 95, 93, 90, 87, 84, 81, 78, 75, 72, 69, 66, 63, 60, 57, 54, 52, 51, 51, 51, 51, 51, 51, 51, 51, 51, 51, 51, 51, 51, 51, 51, 51, 51, 51, 51, 51, 51, 51, 51, 51, 51, 51, 51, 51, 51, 51, 51, 51, 50, 48, 45, 42, 39, 36, 33, 30, 27, 24, 21, 19, 18, 17, 17, 17, 17, 17, 17, 17, 17, 18, 20, 21, 21], "robot_speeds": [0, 1, 2, 3, 3, 3, 3, 3, 3, 3, 3, 3, 3, 3, 3, 3, 2, 1, 0, 0, 1, 2, 3, 3, 3, 3, 3, 3, 3, 2, 3, 3, 2, 3, 3, 3, 2, 3, 3, 3, 3, 3, 3, 2, 2, 2, 1, 0, 0, 1, 2, 3, 3, 3, 3, 3, 3, 3, 3, 3, 2, 1, 1, 0, 0, 1, 1, 0, 0, 0, 1, 2, 1, 0], "robot_directions": [0, 0, 0, 0, 0, 0, 0, 0, 0, 0, 0, 0, 0, 0, 0, 0, 0, 0, 0, 3, 3, 3, 3, 3, 3, 3, 3, 3, 3, 3, 3, 3, 3, 3, 3, 3, 3, 3, 3, 3, 3, 3, 3, 3, 3, 3, 3, 3, 0, 0, 0, 0, 0, 0, 0, 0, 0, 0, 0, 0, 0, 0, 0, 0, 1, 1, 1, 1, 2, 2, 2, 2, 2, 2], "action_accs": [1, 1, 1, 0, 0, 0, 0, 0, 0, 0, 0, 0, 0, 0, 0, -1, -1, -1, 0, 1, 1, 1, 1, 0, 0, 0, 0, 1, -1, 1, 0, -1, 1, 0, 0, -1, 1, 0, 1, 0, 0, 0, -1, 0, 0, -1, -1, 0, 1, 1, 1, 0, 0, 0, 0, 0, 0, 0, 0, -1, -1, 0, -1, 0, 1, 0, -1, 0, 0, 1, 1, -1, -1], "action_rots": [0, 0, 0, 0, 0, 0, 0, 0, 0, 0, 0, 0, 0, 0, 0, 0, 0, 0, -1, 0, 0, 0, 0, 0, 0, 0, 0, 0, 0, 0, 0, 0, 0, 0, 0, 0, 0, 0, 0, 0, 0, 0, 0, 0, 0, 0, 0, 1, 0, 0, 0, 0, 0, 0, 0, 0, 0, 0, 0, 0, 0, 0, 0, 1, 0, 0, 0, 1, 0, 0, 0, 0, 0], "steps": 73, "is_goal": true}