{"map_file_path": "grid_maps/Ihlen/occ_grid_small.txt", "start_pos": [83, 17], "goal_pos": [26, 88], "robot_rows": [83, 83, 83, 83, 83, 83, 83, 83, 83, 83, 83, 83, 83, 83, 83, 83, 83, 83, 83, 82, 80, 78, 75, 72, 69, 66, 63, 60, 57, 55, 52, 50, 47, 44, 41, 38, 35, 32, 29, 26, 23, 21, 19, 18, 18, 18, 18, 18, 18, 18, 18, 18, 18, 18, 18, 18, 18, 18, 18, 18, 18, 18, 18, 19, 21, 23, 25, 26, 26, 26, 26, 26, 26, 26], "robot_cols": [17, 17, 17, 18, 20, 23, 26, 29, 31, 34, 37, 40, 43, 46, 49, 51, 52, 52, 52, 52, 52, 52, 52, 52, 52, 52, 52, 52, 52, 52, 52, 52, 52, 52, 52, 52, 52, 52, 52, 52, 52, 52, 52, 52, 52, 52, 53, 55, 58, 61, 64, 67, 70, 73, 76, 79, 82, 85, 88, 90, 91, 91, 91, 91, 91, 91, 91, 91, 91, 91, 90, 89, 88, 88], "robot_speeds": [0, 0, 0, 1, 2, 3, 3, 3, 2, 3, 3, 3, 3, 3, 3, 2, 1, 0, 0, 1, 2, 2, 3, 3, 3, 3, 3, 3, 3, 2, 3, 2, 3, 3, 3, 3, 3, 3, 3, 3, 3, 2, 2, 1, 0, 0, 1, 2, 3, 3, 3, 3, 3, 3, 3, 3, 3, 3, 3, 2, 1, 0, 0, 1, 2, 2, 2, 1, 0, 0, 1, 1, 1, 0], "robot_directions": [0, 3, 2, 2, 2, 2, 2, 2, 2, 2, 2, 2, 2, 2, 2, 2, 2, 2, 1, 1, 1, 1, 1, 1, 1, 1, 1, 1, 1, 1, 1, 1, 1, 1, 1, 1, 1, 1, 1, 1, 1, 1, 1, 1, 1, 2, 2, 2, 2, 2, 2, 2, 2, 2, 2, 2, 2, 2, 2, 2, 2, 2, 3, 3, 3, 3, 3, 3, 3, 0, 0, 0, 0, 0], "action_accs": [0, 0, 1, 1, 1, 0, 0, -1, 1, 0, 0, 0, 0, 0, -1, -1, -1, 0, 1, 1, 0, 1, 0, 0, 1, 0, 0, 0, -1, 1, -1, 1, 0, 1, 0, 0, 0, 1, 0, 0, -1, 0, -1, -1, 0, 1, 1, 1, 0, 0, 0, 0, 0, 0, 0, 0, 0, 0, -1, -1, -1, 0, 1, 1, 0, 0, -1, -1, 0, 1, 0, 0, -1], "action_rots": [-1, -1, 0, 0, 0, 0, 0, 0, 0, 0, 0, 0, 0, 0, 0, 0, 0, -1, 0, 0, 0, 0, 0, 0, 0, 0, 0, 0, 0, 0, 0, 0, 0, 0, 0, 0, 0, 0, 0, 0, 0, 0, 0, 0, 1, 0, 0, 0, 0, 0, 0, 0, 0, 0, 0, 0, 0, 0, 0, 0, 0, 1, 0, 0, 0, 0, 0, 0, 1, 0, 0, 0, 0], "steps": 73, "is_goal": true}