{"map_file_path": "grid_maps/Ihlen/occ_grid_small.txt", "start_pos": [73, 75], "goal_pos": [21, 66], "robot_rows": [73, 73, 73, 73, 73, 73, 73, 73, 73, 73, 73, 72, 70, 67, 64, 61, 58, 55, 52, 49, 47, 46, 45, 45, 45, 45, 45, 45, 45, 44, 42, 39, 36, 34, 32, 31, 30, 30, 30, 30, 30, 30, 30, 30, 30, 30, 30, 30, 29, 28, 26, 23, 21, 20, 20, 20, 20, 21, 21], "robot_cols": [75, 75, 75, 75, 76, 78, 80, 82, 83, 83, 83, 83, 83, 83, 83, 83, 83, 83, 83, 83, 83, 83, 83, 83, 83, 82, 81, 81, 81, 81, 81, 81, 81, 81, 81, 81, 81, 81, 81, 80, 78, 75, 72, 69, 67, 66, 66, 66, 66, 66, 66, 66, 66, 66, 66, 66, 66, 66, 66], "robot_speeds": [0, 0, 0, 0, 1, 2, 2, 2, 1, 0, 0, 1, 2, 3, 3, 3, 3, 3, 3, 3, 2, 1, 1, 0, 0, 1, 1, 0, 0, 1, 2, 3, 3, 2, 2, 1, 1, 0, 0, 1, 2, 3, 3, 3, 2, 1, 0, 0, 1, 1, 2, 3, 2, 1, 0, 0, 0, 1, 0], "robot_directions": [0, 3, 2, 2, 2, 2, 2, 2, 2, 2, 1, 1, 1, 1, 1, 1, 1, 1, 1, 1, 1, 1, 1, 1, 0, 0, 0, 0, 1, 1, 1, 1, 1, 1, 1, 1, 1, 1, 0, 0, 0, 0, 0, 0, 0, 0, 0, 1, 1, 1, 1, 1, 1, 1, 1, 0, 3, 3, 3], "action_accs": [0, 0, 0, 1, 1, 0, 0, -1, -1, 0, 1, 1, 1, 0, 0, 0, 0, 0, 0, -1, -1, 0, 0, 0, 1, 0, -1, 0, 1, 1, 1, 1, -1, 0, -1, 0, -1, 0, 1, 1, 1, 0, 0, -1, -1, -1, 0, 1, 0, 1, 1, -1, -1, -1, 0, 0, 1, -1], "action_rots": [-1, -1, 0, 0, 0, 0, 0, 0, 0, -1, 0, 0, 0, 0, 0, 0, 0, 0, 0, 0, 0, 0, 0, -1, 0, 0, 0, 1, 0, 0, 0, 0, 0, 0, 0, 0, 0, -1, 0, 0, 0, 0, 0, 0, 0, 0, 1, 0, 0, 0, 0, 0, 0, 0, -1, -1, 0, 0], "steps": 58, "is_goal": true}