{"map_file_path": "grid_maps/Ihlen/occ_grid_small.txt", "start_pos": [23, 59], "goal_pos": [52, 86], "robot_rows": [23, 23, 23, 24, 25, 25, 25, 25, 25, 25, 25, 25, 25, 25, 25, 25, 25, 26, 28, 31, 34, 36, 39, 42, 45, 48, 51, 53, 54, 54, 54, 54, 54, 54, 54, 54, 54, 54, 53, 52, 52], "robot_cols": [59, 59, 59, 59, 59, 59, 59, 60, 62, 65, 68, 71, 74, 76, 77, 77, 77, 77, 77, 77, 77, 77, 77, 77, 77, 77, 77, 77, 77, 77, 77, 78, 80, 83, 85, 86, 86, 86, 86, 86, 86], "robot_speeds": [0, 0, 0, 1, 1, 0, 0, 1, 2, 3, 3, 3, 3, 2, 1, 0, 0, 1, 2, 3, 3, 2, 3, 3, 3, 3, 3, 2, 1, 0, 0, 1, 2, 3, 2, 1, 0, 0, 1, 1, 0], "robot_directions": [0, 0, 3, 3, 3, 3, 2, 2, 2, 2, 2, 2, 2, 2, 2, 2, 3, 3, 3, 3, 3, 3, 3, 3, 3, 3, 3, 3, 3, 3, 2, 2, 2, 2, 2, 2, 2, 1, 1, 1, 1], "action_accs": [0, 0, 1, 0, -1, 0, 1, 1, 1, 0, 0, 1, -1, -1, -1, 0, 1, 1, 1, 0, -1, 1, 0, 0, 0, 0, -1, -1, -1, 0, 1, 1, 1, -1, -1, -1, 0, 1, 0, -1], "action_rots": [0, -1, 0, 0, 0, -1, 0, 0, 0, 0, 0, 0, 0, 0, 0, 1, 0, 0, 0, 0, 0, 0, 0, 0, 0, 0, 0, 0, 0, -1, 0, 0, 0, 0, 0, 0, -1, 0, 0, 0], "steps": 40, "is_goal": true}