{"map_file_path": "grid_maps/Ihlen/occ_grid_small.txt", "start_pos": [56, 71], "goal_pos": [29, 95], "robot_rows": [56, 56, 56, 56, 56, 56, 56, 56, 56, 56, 56, 55, 53, 50, 48, 45, 42, 39, 36, 33, 31, 30, 29, 29, 29, 29, 29, 29, 29, 29, 29, 29, 29], "robot_cols": [71, 71, 71, 72, 74, 77, 79, 80, 80, 80, 80, 80, 80, 80, 80, 80, 80, 80, 80, 80, 80, 80, 80, 80, 80, 81, 83, 86, 89, 92, 94, 95, 95], "robot_speeds": [0, 0, 0, 1, 2, 3, 2, 1, 0, 0, 0, 1, 2, 3, 2, 3, 3, 3, 3, 3, 2, 1, 1, 0, 0, 1, 2, 3, 3, 3, 2, 1, 0], "robot_directions": [0, 3, 2, 2, 2, 2, 2, 2, 2, 2, 1, 1, 1, 1, 1, 1, 1, 1, 1, 1, 1, 1, 1, 1, 2, 2, 2, 2, 2, 2, 2, 2, 2], "action_accs": [0, 0, 1, 1, 1, -1, -1, -1, 0, 0, 1, 1, 1, -1, 1, 0, 0, 0, 0, -1, -1, 0, -1, 0, 1, 1, 1, 0, 0, -1, -1, -1], "action_rots": [-1, -1, 0, 0, 0, 0, 0, 0, 0, -1, 0, 0, 0, 0, 0, 0, 0, 0, 0, 0, 0, 0, 0, 1, 0, 0, 0, 0, 0, 0, 0, 0], "steps": 32, "is_goal": true}