{"map_file_path": "grid_maps/Ihlen/occ_grid_small.txt", "start_pos": [8, 94], "goal_pos": [4, 36], "robot_rows": [8, 8, 8, 8, 8, 8, 8, 8, 8, 8, 8, 8, 8, 8, 8, 8, 8, 8, 8, 8, 8, 8, 8, 8, 8, 8, 8, 8, 8, 8, 8, 8, 8, 8, 8, 8, 8, 8, 8, 7, 5, 2, 3, 3, 3, 3, 3, 3, 3, 3, 3, 3, 3, 3, 3], "robot_cols": [94, 93, 91, 88, 85, 82, 79, 76, 73, 71, 69, 66, 63, 60, 57, 54, 51, 48, 45, 42, 39, 37, 34, 31, 28, 28, 28, 28, 28, 28, 28, 28, 28, 27, 27, 26, 26, 26, 26, 26, 26, 26, 26, 26, 26, 26, 25, 23, 20, 17, 14, 11, 8, 5, 5], "robot_speeds": [0, 1, 2, 3, 3, 3, 3, 3, 3, 2, 2, 3, 3, 3, 3, 3, 3, 3, 3, 3, 3, 2, 3, 3, 3, 0, 0, 0, 0, 0, 0, 0, 0, 1, 0, 1, 0, 0, 0, 1, 2, 3, 0, 0, 0, 0, 1, 2, 3, 3, 3, 3, 3, 3, 0], "robot_directions": [0, 0, 0, 0, 0, 0, 0, 0, 0, 0, 0, 0, 0, 0, 0, 0, 0, 0, 0, 0, 0, 0, 0, 0, 0, 0, 3, 0, 3, 2, 3, 3, 0, 0, 0, 0, 0, 0, 1, 1, 1, 1, 1, 2, 3, 0, 0, 0, 0, 0, 0, 0, 0, 0, 0], "action_accs": [1, 1, 1, 0, 0, 0, 0, 0, -1, 0, 1, 1, 0, 1, 0, 0, 0, 0, 0, 0, -1, 1, 0, 0, 0, 0, 0, 0, 0, 0, 0, 0, 1, 1, 1, 0, 0, 0, 1, 1, 1, 0, 0, 0, 0, 1, 1, 1, 0, 0, 0, 0, 0, 0], "action_rots": [0, 0, 0, 0, 0, 0, 0, 0, 0, 0, 0, 0, 0, 0, 0, 0, 0, 0, 0, 0, 0, 0, 0, 0, 0, -1, 1, -1, -1, 1, 0, 1, 0, 0, 0, 0, 0, 1, 0, 0, 0, 0, 1, 1, 1, 0, 0, 0, 0, 0, 0, 0, 0, 0], "steps": 54, "is_goal": false}