{"map_file_path": "grid_maps/Ihlen/occ_grid_small.txt", "start_pos": [49, 33], "goal_pos": [65, 90], "robot_rows": [49, 49, 49, 49, 49, 49, 49, 49, 49, 49, 49, 49, 49, 49, 49, 49, 49, 49, 49, 49, 49, 49, 49, 49, 49, 49, 49, 50, 52, 55, 58, 61, 63, 64, 65, 66, 66, 66, 66, 66, 66, 65, 65], "robot_cols": [33, 33, 33, 34, 36, 39, 42, 45, 48, 51, 54, 57, 60, 62, 65, 68, 71, 74, 77, 80, 83, 86, 88, 90, 91, 91, 91, 91, 91, 91, 91, 91, 91, 91, 91, 91, 91, 91, 90, 90, 90, 90, 90], "robot_speeds": [0, 0, 0, 1, 2, 3, 3, 3, 3, 3, 3, 3, 3, 2, 3, 3, 3, 3, 3, 3, 3, 3, 2, 2, 1, 0, 0, 1, 2, 3, 3, 3, 2, 1, 1, 1, 0, 0, 1, 0, 0, 1, 0], "robot_directions": [0, 3, 2, 2, 2, 2, 2, 2, 2, 2, 2, 2, 2, 2, 2, 2, 2, 2, 2, 2, 2, 2, 2, 2, 2, 2, 3, 3, 3, 3, 3, 3, 3, 3, 3, 3, 3, 0, 0, 0, 1, 1, 1], "action_accs": [0, 0, 1, 1, 1, 0, 0, 0, 0, 1, 0, 0, -1, 1, 0, 0, 0, 0, 1, 0, 0, -1, 0, -1, -1, 0, 1, 1, 1, 0, 0, -1, -1, 0, 0, -1, 0, 1, -1, 0, 1, -1], "action_rots": [-1, -1, 0, 0, 0, 0, 0, 0, 0, 0, 0, 0, 0, 0, 0, 0, 0, 0, 0, 0, 0, 0, 0, 0, 0, 1, 0, 0, 0, 0, 0, 0, 0, 0, 0, 0, 1, 0, 0, 1, 0, 0], "steps": 42, "is_goal": true}