{"map_file_path": "grid_maps/Ihlen/occ_grid_small.txt", "start_pos": [53, 66], "goal_pos": [22, 32], "robot_rows": [53, 53, 52, 50, 47, 44, 41, 43, 43, 43, 43, 43, 43, 43, 43, 43, 43, 43, 43, 43, 43, 43, 43, 44, 46, 49, 52, 55, 54, 54, 54, 54, 54, 54, 53, 52, 50, 47, 44, 41, 43, 42, 42, 42, 42, 41, 41, 41, 41, 41, 41], "robot_cols": [66, 66, 66, 66, 66, 66, 66, 66, 66, 66, 65, 63, 60, 62, 62, 62, 62, 62, 62, 62, 62, 62, 62, 62, 62, 62, 62, 62, 62, 62, 62, 62, 62, 62, 62, 62, 62, 62, 62, 62, 62, 62, 62, 62, 62, 62, 62, 62, 62, 61, 61], "robot_speeds": [0, 0, 1, 2, 3, 3, 3, 0, 0, 0, 1, 2, 3, 0, 0, 0, 0, 0, 0, 0, 0, 0, 0, 1, 2, 3, 3, 3, 0, 0, 0, 0, 0, 0, 1, 1, 2, 3, 3, 3, 0, 1, 0, 0, 0, 1, 0, 0, 0, 1, 0], "robot_directions": [0, 1, 1, 1, 1, 1, 1, 1, 1, 0, 0, 0, 0, 0, 0, 0, 3, 0, 3, 2, 1, 2, 3, 3, 3, 3, 3, 3, 3, 3, 0, 1, 0, 1, 1, 1, 1, 1, 1, 1, 1, 1, 1, 0, 1, 1, 1, 1, 0, 0, 0], "action_accs": [0, 1, 1, 1, 0, 0, 0, 0, 0, 1, 1, 1, 0, -1, 0, 0, 0, 0, 0, 0, 0, 0, 1, 1, 1, 0, 0, 0, -1, 0, 0, 0, 0, 1, 0, 1, 1, 0, 0, 0, 1, 1, 0, 0, 1, 0, -1, 0, 1, 1], "action_rots": [1, 0, 0, 0, 0, 0, 0, 0, -1, 0, 0, 0, 0, 0, 0, -1, 1, -1, -1, -1, 1, 1, 0, 0, 0, 0, 0, 0, 0, 1, 1, -1, 1, 0, 0, 0, 0, 0, 0, 0, 0, 0, -1, 1, 0, 0, 0, -1, 0, 0], "steps": 50, "is_goal": false}