{"map_file_path": "grid_maps/Ihlen/occ_grid_small.txt", "start_pos": [2, 37], "goal_pos": [41, 51], "robot_rows": [2, 2, 2, 2, 2, 2, 2, 2, 2, 2, 2, 2, 3, 5, 8, 11, 14, 16, 18, 21, 23, 26, 29, 32, 35, 38, 40, 41, 41], "robot_cols": [37, 37, 37, 38, 40, 43, 46, 48, 50, 51, 51, 51, 51, 51, 51, 51, 51, 51, 51, 51, 51, 51, 51, 51, 51, 51, 51, 51, 51], "robot_speeds": [0, 0, 0, 1, 2, 3, 3, 2, 2, 1, 0, 0, 1, 2, 3, 3, 3, 2, 2, 3, 2, 3, 3, 3, 3, 3, 2, 1, 0], "robot_directions": [0, 3, 2, 2, 2, 2, 2, 2, 2, 2, 2, 3, 3, 3, 3, 3, 3, 3, 3, 3, 3, 3, 3, 3, 3, 3, 3, 3, 3], "action_accs": [0, 0, 1, 1, 1, 0, -1, 0, -1, -1, 0, 1, 1, 1, 0, 0, -1, 0, 1, -1, 1, 0, 0, 0, 0, -1, -1, -1], "action_rots": [-1, -1, 0, 0, 0, 0, 0, 0, 0, 0, 1, 0, 0, 0, 0, 0, 0, 0, 0, 0, 0, 0, 0, 0, 0, 0, 0, 0], "steps": 28, "is_goal": true}