{"map_file_path": "grid_maps/Ihlen/occ_grid_small.txt", "start_pos": [24, 89], "goal_pos": [32, 33], "robot_rows": [24, 24, 25, 26, 28, 30, 31, 32, 32, 32, 32, 32, 32, 32, 32, 32, 32, 32, 32, 33, 35, 38, 41, 44, 47, 49, 50, 50, 50, 50, 50, 50, 50, 50, 50, 50, 50, 50, 50, 50, 50, 50, 50, 50, 50, 50, 50, 50, 50, 49, 47, 44, 41, 38, 35, 33, 32, 32], "robot_cols": [89, 89, 89, 89, 89, 89, 89, 89, 89, 89, 88, 86, 83, 80, 78, 77, 77, 77, 77, 77, 77, 77, 77, 77, 77, 77, 77, 77, 77, 76, 74, 71, 69, 66, 63, 60, 57, 54, 51, 48, 45, 42, 39, 36, 34, 33, 33, 33, 33, 33, 33, 33, 33, 33, 33, 33, 33, 33], "robot_speeds": [0, 0, 1, 1, 2, 2, 1, 1, 0, 0, 1, 2, 3, 3, 2, 1, 0, 0, 0, 1, 2, 3, 3, 3, 3, 2, 1, 0, 0, 1, 2, 3, 2, 3, 3, 3, 3, 3, 3, 3, 3, 3, 3, 3, 2, 1, 0, 0, 0, 1, 2, 3, 3, 3, 3, 2, 1, 0], "robot_directions": [0, 3, 3, 3, 3, 3, 3, 3, 3, 0, 0, 0, 0, 0, 0, 0, 0, 0, 3, 3, 3, 3, 3, 3, 3, 3, 3, 3, 0, 0, 0, 0, 0, 0, 0, 0, 0, 0, 0, 0, 0, 0, 0, 0, 0, 0, 0, 0, 1, 1, 1, 1, 1, 1, 1, 1, 1, 1], "action_accs": [0, 1, 0, 1, 0, -1, 0, -1, 0, 1, 1, 1, 0, -1, -1, -1, 0, 0, 1, 1, 1, 0, 0, 0, -1, -1, -1, 0, 1, 1, 1, -1, 1, 0, 0, 0, 0, 0, 0, 0, 0, 0, 0, -1, -1, -1, 0, 0, 1, 1, 1, 1, 0, 0, -1, -1, -1], "action_rots": [-1, 0, 0, 0, 0, 0, 0, 0, 1, 0, 0, 0, 0, 0, 0, 0, 0, -1, 0, 0, 0, 0, 0, 0, 0, 0, 0, 1, 0, 0, 0, 0, 0, 0, 0, 0, 0, 0, 0, 0, 0, 0, 0, 0, 0, 0, 0, 1, 0, 0, 0, 0, 0, 0, 0, 0, 0], "steps": 57, "is_goal": true}