{"map_file_path": "grid_maps/Ihlen/occ_grid_small.txt", "start_pos": [65, 84], "goal_pos": [24, 46], "robot_rows": [65, 65, 64, 62, 59, 56, 53, 51, 50, 50, 50, 50, 50, 50, 50, 50, 50, 50, 50, 50, 50, 50, 50, 50, 50, 50, 50, 50, 49, 47, 45, 42, 39, 36, 33, 30, 27, 25, 23, 21, 20, 20, 20, 20, 20, 20, 20, 20, 21, 23, 24, 24], "robot_cols": [84, 84, 84, 84, 84, 84, 84, 84, 84, 84, 84, 84, 83, 81, 78, 75, 72, 69, 66, 63, 60, 57, 54, 52, 51, 50, 50, 50, 50, 50, 50, 50, 50, 50, 50, 50, 50, 50, 50, 50, 50, 50, 50, 49, 47, 46, 46, 46, 46, 46, 46, 46], "robot_speeds": [0, 0, 1, 2, 3, 3, 3, 2, 1, 0, 0, 0, 1, 2, 3, 3, 3, 3, 3, 3, 3, 3, 3, 2, 1, 1, 0, 0, 1, 2, 2, 3, 3, 3, 3, 3, 3, 2, 2, 2, 1, 0, 0, 1, 2, 1, 0, 0, 1, 2, 1, 0], "robot_directions": [0, 1, 1, 1, 1, 1, 1, 1, 1, 1, 1, 0, 0, 0, 0, 0, 0, 0, 0, 0, 0, 0, 0, 0, 0, 0, 0, 1, 1, 1, 1, 1, 1, 1, 1, 1, 1, 1, 1, 1, 1, 1, 0, 0, 0, 0, 0, 3, 3, 3, 3, 3], "action_accs": [0, 1, 1, 1, 0, 1, -1, -1, -1, 0, 0, 1, 1, 1, 0, 0, 0, 0, 0, 0, 0, 1, -1, -1, 0, -1, 0, 1, 1, 0, 1, 0, 0, 0, 0, 0, -1, 0, 0, -1, -1, 0, 1, 1, -1, 0, 0, 1, 1, -1, -1], "action_rots": [1, 0, 0, 0, 0, 0, 0, 0, 0, 0, -1, 0, 0, 0, 0, 0, 0, 0, 0, 0, 0, 0, 0, 0, 0, 0, 1, 0, 0, 0, 0, 0, 0, 0, 0, 0, 0, 0, 0, 0, 0, -1, 0, 0, 0, 0, -1, 0, 0, 0, 0], "steps": 51, "is_goal": true}