{"map_file_path": "grid_maps/Ihlen/occ_grid_small.txt", "start_pos": [19, 60], "goal_pos": [64, 11], "robot_rows": [19, 19, 19, 19, 19, 19, 19, 19, 19, 20, 22, 25, 28, 31, 34, 37, 40, 43, 46, 48, 49, 49, 49, 49, 49, 49, 49, 49, 49, 49, 49, 49, 49, 49, 49, 49, 49, 50, 52, 55, 57, 59, 60, 60, 60, 60, 60, 60, 60, 60, 60, 60, 60, 60, 60, 60, 61, 63, 64, 64], "robot_cols": [60, 59, 57, 54, 52, 51, 50, 50, 50, 50, 50, 50, 50, 50, 50, 50, 50, 50, 50, 50, 50, 50, 50, 50, 49, 47, 44, 41, 38, 36, 33, 31, 30, 29, 29, 29, 29, 29, 29, 29, 29, 29, 29, 29, 29, 28, 27, 25, 23, 20, 17, 14, 12, 11, 11, 11, 11, 11, 11, 11], "robot_speeds": [0, 1, 2, 3, 2, 1, 1, 0, 0, 1, 2, 3, 3, 3, 3, 3, 3, 3, 3, 2, 1, 0, 0, 0, 1, 2, 3, 3, 3, 2, 3, 2, 1, 1, 0, 0, 0, 1, 2, 3, 2, 2, 1, 0, 0, 1, 1, 2, 2, 3, 3, 3, 2, 1, 0, 0, 1, 2, 1, 0], "robot_directions": [0, 0, 0, 0, 0, 0, 0, 0, 3, 3, 3, 3, 3, 3, 3, 3, 3, 3, 3, 3, 3, 3, 3, 0, 0, 0, 0, 0, 0, 0, 0, 0, 0, 0, 0, 3, 3, 3, 3, 3, 3, 3, 3, 3, 0, 0, 0, 0, 0, 0, 0, 0, 0, 0, 0, 3, 3, 3, 3, 3], "action_accs": [1, 1, 1, -1, -1, 0, -1, 0, 1, 1, 1, 0, 0, 0, 0, 0, 0, 1, -1, -1, -1, 0, 0, 1, 1, 1, 0, 0, -1, 1, -1, -1, 0, -1, 0, 0, 1, 1, 1, -1, 0, -1, 0, 0, 1, 0, 1, 0, 1, 0, 0, -1, -1, -1, 0, 1, 1, -1, -1], "action_rots": [0, 0, 0, 0, 0, 0, 0, -1, 0, 0, 0, 0, 0, 0, 0, 0, 0, 0, 0, 0, 0, 0, 1, 0, 0, 0, 0, 0, 0, 0, 0, 0, 0, 0, -1, 0, 0, 0, 0, 0, 0, 0, 0, 1, 0, 0, 0, 0, 0, 0, 0, 0, 0, 0, -1, 0, 0, 0, 0], "steps": 59, "is_goal": true}