{"map_file_path": "grid_maps/Ihlen/occ_grid_small.txt", "start_pos": [54, 23], "goal_pos": [29, 72], "robot_rows": [54, 54, 54, 54, 55, 57, 59, 62, 64, 64, 65, 65, 65, 65], "robot_cols": [23, 22, 22, 22, 22, 22, 22, 22, 22, 22, 22, 22, 22, 22], "robot_speeds": [0, 1, 0, 0, 1, 2, 2, 3, 2, 0, 1, 0, 0, 0], "robot_directions": [0, 0, 0, 3, 3, 3, 3, 3, 3, 3, 3, 3, 3, 3], "action_accs": [1, 0, 0, 1, 1, 0, 1, -1, 0, 1, 0, 1, 1], "action_rots": [0, 0, -1, 0, 0, 0, 0, 0, 0, 0, 0, 0, 0], "steps": 13, "is_goal": false}