{"map_file_path": "grid_maps/Ihlen/occ_grid_small.txt", "start_pos": [3, 5], "goal_pos": [87, 64], "robot_rows": [3, 3, 4, 5, 7, 9, 10, 12, 14, 16, 19, 21, 24, 27, 25, 25, 26, 26, 26, 26, 26, 26, 26, 26, 26, 26, 26, 26, 26, 26, 26, 26, 26, 26, 26, 26, 26, 26, 26, 26], "robot_cols": [5, 5, 5, 5, 5, 5, 5, 5, 5, 5, 5, 5, 5, 5, 5, 5, 5, 5, 5, 5, 4, 2, 2, 2, 2, 2, 2, 2, 2, 2, 3, 5, 7, 9, 9, 9, 9, 9, 10, 10], "robot_speeds": [0, 0, 1, 1, 2, 2, 1, 2, 2, 2, 3, 2, 3, 3, 0, 0, 1, 0, 0, 0, 1, 2, 0, 0, 0, 0, 0, 0, 0, 0, 1, 2, 2, 2, 0, 0, 0, 0, 1, 0], "robot_directions": [0, 3, 3, 3, 3, 3, 3, 3, 3, 3, 3, 3, 3, 3, 3, 3, 3, 3, 0, 0, 0, 0, 0, 0, 3, 2, 1, 1, 2, 2, 2, 2, 2, 2, 2, 2, 1, 2, 2, 2], "action_accs": [0, 1, 0, 1, 0, -1, 1, 0, 0, 1, -1, 1, 0, 0, -1, 1, 1, 0, 0, 1, 1, 0, 0, 0, 0, 0, 0, 0, 0, 1, 1, 0, 0, 0, 0, 0, 0, 1, 0], "action_rots": [-1, 0, 0, 0, 0, 0, 0, 0, 0, 0, 0, 0, 0, 0, 0, 0, 0, 1, 0, 0, 0, 0, 0, -1, -1, -1, 0, 1, 0, 0, 0, 0, 0, 0, 0, -1, 1, 0, 0], "steps": 39, "is_goal": false}