{"map_file_path": "grid_maps/Ihlen/occ_grid_small.txt", "start_pos": [80, 30], "goal_pos": [54, 61], "robot_rows": [80, 80, 80, 80, 80, 80, 80, 80, 80, 80, 80, 80, 80, 80, 80, 80, 80, 80, 80, 80, 80, 79, 79], "robot_cols": [30, 29, 27, 24, 21, 18, 15, 12, 9, 6, 3, 3, 2, 1, 1, 1, 1, 1, 1, 1, 1, 1, 1], "robot_speeds": [0, 1, 2, 3, 3, 3, 3, 3, 3, 3, 3, 0, 1, 1, 0, 0, 0, 0, 0, 0, 0, 1, 0], "robot_directions": [0, 0, 0, 0, 0, 0, 0, 0, 0, 0, 0, 0, 0, 0, 0, 0, 0, 1, 2, 2, 1, 1, 1], "action_accs": [1, 1, 1, 0, 1, 0, 0, 0, 0, 0, 0, 1, 0, 0, 1, 1, 0, 0, 0, 0, 1, 0], "action_rots": [0, 0, 0, 0, 0, 0, 0, 0, 0, 0, 0, 0, 0, 0, 0, 0, 1, 1, 0, -1, 0, 0], "steps": 22, "is_goal": false}