{"map_file_path": "grid_maps/Ihlen/occ_grid_small.txt", "start_pos": [41, 72], "goal_pos": [9, 44], "robot_rows": [41, 41, 41, 41, 41, 41, 41, 41, 41, 41, 40, 38, 35, 32, 29, 26, 23, 20, 17, 14, 12, 9, 9, 9, 9, 9, 9, 9, 9, 9, 9, 9, 9, 9, 9, 9, 9, 9, 9, 9, 9, 9, 9, 9], "robot_cols": [72, 72, 72, 72, 73, 75, 76, 77, 77, 77, 77, 77, 77, 77, 77, 77, 77, 77, 77, 77, 77, 77, 77, 77, 76, 74, 71, 68, 65, 62, 59, 56, 54, 51, 48, 46, 45, 44, 43, 43, 43, 43, 44, 44], "robot_speeds": [0, 0, 0, 0, 1, 2, 1, 1, 0, 0, 1, 2, 3, 3, 3, 3, 3, 3, 3, 3, 2, 3, 0, 0, 1, 2, 3, 3, 3, 3, 3, 3, 2, 3, 3, 2, 1, 1, 1, 0, 0, 0, 1, 0], "robot_directions": [0, 0, 3, 2, 2, 2, 2, 2, 2, 1, 1, 1, 1, 1, 1, 1, 1, 1, 1, 1, 1, 1, 1, 0, 0, 0, 0, 0, 0, 0, 0, 0, 0, 0, 0, 0, 0, 0, 0, 0, 3, 2, 2, 2], "action_accs": [0, 0, 0, 1, 1, -1, 0, -1, 0, 1, 1, 1, 0, 0, 0, 0, 0, 0, 0, -1, 1, 0, 0, 1, 1, 1, 0, 0, 0, 0, 0, -1, 1, 0, -1, -1, 0, 0, -1, 0, 0, 1, -1], "action_rots": [0, -1, -1, 0, 0, 0, 0, 0, -1, 0, 0, 0, 0, 0, 0, 0, 0, 0, 0, 0, 0, 0, -1, 0, 0, 0, 0, 0, 0, 0, 0, 0, 0, 0, 0, 0, 0, 0, 0, -1, -1, 0, 0], "steps": 43, "is_goal": true}