{"map_file_path": "grid_maps/Ihlen/occ_grid_small.txt", "start_pos": [45, 70], "goal_pos": [57, 28], "robot_rows": [45, 45, 46, 48, 50, 51, 51, 51, 51, 50, 50, 50, 50, 50, 50, 50, 50, 50, 50, 50, 50, 50, 50, 50, 50, 50, 50, 50, 50, 50, 51, 53, 55, 56, 57, 58, 59, 59, 59, 59, 59, 58, 57, 57], "robot_cols": [70, 70, 70, 70, 70, 70, 70, 70, 70, 70, 70, 70, 69, 67, 64, 61, 58, 55, 52, 49, 46, 43, 40, 37, 34, 31, 29, 28, 28, 28, 28, 28, 28, 28, 28, 28, 28, 28, 28, 28, 28, 28, 28, 28], "robot_speeds": [0, 0, 1, 2, 2, 1, 0, 0, 0, 1, 0, 0, 1, 2, 3, 3, 3, 3, 3, 3, 3, 3, 3, 3, 3, 3, 2, 1, 0, 0, 1, 2, 2, 1, 1, 1, 1, 0, 0, 0, 0, 1, 1, 0], "robot_directions": [0, 3, 3, 3, 3, 3, 3, 0, 1, 1, 1, 0, 0, 0, 0, 0, 0, 0, 0, 0, 0, 0, 0, 0, 0, 0, 0, 0, 0, 3, 3, 3, 3, 3, 3, 3, 3, 3, 3, 0, 1, 1, 1, 1], "action_accs": [0, 1, 1, 0, -1, -1, 0, 0, 1, -1, 0, 1, 1, 1, 0, 0, 0, 0, 0, 0, 0, 0, 0, 0, 0, -1, -1, -1, 0, 1, 1, 0, -1, 0, 0, 0, -1, 0, 0, 0, 1, 0, -1], "action_rots": [-1, 0, 0, 0, 0, 0, 1, 1, 0, 0, -1, 0, 0, 0, 0, 0, 0, 0, 0, 0, 0, 0, 0, 0, 0, 0, 0, 0, -1, 0, 0, 0, 0, 0, 0, 0, 0, 0, 1, 1, 0, 0, 0], "steps": 43, "is_goal": true}