{"map_file_path": "grid_maps/Ihlen/occ_grid_small.txt", "start_pos": [29, 93], "goal_pos": [55, 65], "robot_rows": [29, 29, 30, 32, 35, 32, 32, 32, 32, 32, 32, 32, 32, 32, 32, 32, 32, 32, 32, 32, 32, 32, 33, 33, 33, 33, 33, 33, 33, 33, 33, 32, 30, 28, 25, 22, 19, 16, 13, 10, 10, 10, 10, 11, 13, 16, 19, 22, 25, 28, 31, 31, 31, 31, 31, 31, 31, 31, 30, 28, 25, 22, 19, 16, 13, 10, 10, 9, 7, 8], "robot_cols": [93, 93, 93, 93, 93, 93, 93, 92, 90, 87, 84, 81, 78, 75, 72, 69, 66, 63, 60, 62, 62, 62, 62, 62, 62, 62, 62, 62, 61, 61, 61, 61, 61, 61, 61, 61, 61, 61, 61, 61, 61, 61, 61, 61, 61, 61, 61, 61, 61, 61, 61, 61, 61, 61, 61, 61, 61, 61, 61, 61, 61, 61, 61, 61, 61, 61, 61, 61, 61, 61], "robot_speeds": [0, 0, 1, 2, 3, 0, 0, 1, 2, 3, 3, 3, 3, 3, 3, 3, 3, 3, 3, 0, 0, 0, 1, 0, 0, 0, 0, 0, 1, 0, 0, 1, 2, 2, 3, 3, 3, 3, 3, 3, 0, 0, 0, 1, 2, 3, 3, 3, 3, 3, 3, 0, 0, 0, 0, 0, 0, 0, 1, 2, 3, 3, 3, 3, 3, 3, 0, 1, 2, 0], "robot_directions": [0, 3, 3, 3, 3, 3, 0, 0, 0, 0, 0, 0, 0, 0, 0, 0, 0, 0, 0, 0, 0, 3, 3, 3, 3, 0, 1, 0, 0, 0, 1, 1, 1, 1, 1, 1, 1, 1, 1, 1, 1, 0, 3, 3, 3, 3, 3, 3, 3, 3, 3, 3, 3, 0, 0, 3, 0, 1, 1, 1, 1, 1, 1, 1, 1, 1, 1, 1, 1, 1], "action_accs": [0, 1, 1, 1, 1, 0, 1, 1, 1, 1, 1, 1, 1, 1, 1, 1, 1, 0, 0, -1, 0, 1, 0, -1, 0, 0, 0, 1, 1, 0, 1, 1, 0, 1, 1, 1, 0, 1, 0, 1, 0, 0, 1, 1, 1, 1, 1, 1, 1, 1, 0, -1, 0, 0, 0, 0, 0, 1, 1, 1, 1, 1, 0, 1, 1, 1, 1, 1, 0], "action_rots": [-1, 0, 0, 0, 0, 1, 0, 0, 0, 0, 0, 0, 0, 0, 0, 0, 0, 0, 0, 0, -1, 0, 0, 0, 1, 1, -1, 0, 0, 1, 0, 0, 0, 0, 0, 0, 0, 0, 0, 0, -1, -1, 0, 0, 0, 0, 0, 0, 0, 0, 0, 0, 1, 0, -1, 1, 1, 0, 0, 0, 0, 0, 0, 0, 0, 0, 0, 0, 0], "steps": 69, "is_goal": false}