{"map_file_path": "grid_maps/Ihlen/occ_grid_small.txt", "start_pos": [80, 33], "goal_pos": [18, 83], "robot_rows": [80, 80, 80, 80, 80, 80, 80, 80, 80, 80, 80, 80, 80, 80, 79, 77, 74, 71, 68, 66, 63, 60, 57, 54, 51, 48, 45, 42, 39, 36, 33, 31, 28, 25, 22, 20, 19, 17, 16, 16, 16, 16, 17, 18, 18, 18, 18, 18, 18, 18, 18, 18, 18, 18, 18, 18, 18, 18, 18, 18], "robot_cols": [33, 33, 33, 34, 36, 39, 42, 45, 48, 50, 52, 53, 53, 53, 53, 53, 53, 53, 53, 53, 53, 53, 53, 53, 53, 53, 53, 53, 53, 53, 53, 53, 53, 53, 53, 53, 53, 53, 53, 53, 53, 53, 53, 53, 53, 53, 54, 56, 59, 61, 64, 67, 70, 73, 76, 79, 81, 82, 83, 83], "robot_speeds": [0, 0, 0, 1, 2, 3, 3, 3, 3, 2, 2, 1, 0, 0, 1, 2, 3, 3, 3, 2, 3, 3, 3, 3, 3, 3, 3, 3, 3, 3, 3, 2, 3, 3, 3, 2, 1, 2, 1, 0, 0, 0, 1, 1, 0, 0, 1, 2, 3, 2, 3, 3, 3, 3, 3, 3, 2, 1, 1, 0], "robot_directions": [0, 3, 2, 2, 2, 2, 2, 2, 2, 2, 2, 2, 2, 1, 1, 1, 1, 1, 1, 1, 1, 1, 1, 1, 1, 1, 1, 1, 1, 1, 1, 1, 1, 1, 1, 1, 1, 1, 1, 1, 0, 3, 3, 3, 3, 2, 2, 2, 2, 2, 2, 2, 2, 2, 2, 2, 2, 2, 2, 2], "action_accs": [0, 0, 1, 1, 1, 0, 0, 0, -1, 0, -1, -1, 0, 1, 1, 1, 0, 0, -1, 1, 1, 0, 0, 0, 0, 1, 0, 0, 0, 0, -1, 1, 0, 0, -1, -1, 1, -1, -1, 0, 0, 1, 0, -1, 0, 1, 1, 1, -1, 1, 1, 0, 0, 0, 0, -1, -1, 0, -1], "action_rots": [-1, -1, 0, 0, 0, 0, 0, 0, 0, 0, 0, 0, -1, 0, 0, 0, 0, 0, 0, 0, 0, 0, 0, 0, 0, 0, 0, 0, 0, 0, 0, 0, 0, 0, 0, 0, 0, 0, 0, -1, -1, 0, 0, 0, -1, 0, 0, 0, 0, 0, 0, 0, 0, 0, 0, 0, 0, 0, 0], "steps": 59, "is_goal": true}