{"map_file_path": "grid_maps/Ihlen/occ_grid_small.txt", "start_pos": [20, 5], "goal_pos": [55, 27], "robot_rows": [20, 20, 19, 18, 17, 16, 15, 15, 15, 15, 15, 15, 15, 15, 15, 15, 15, 15, 15, 15, 15, 15, 15, 15, 15, 15, 15, 15, 16, 18, 21, 24, 27, 29, 32, 35, 38, 41, 44, 46, 48, 49, 49, 49, 49, 49, 49, 49, 49, 49, 49, 49, 49, 49, 49, 49, 50, 52, 54, 55, 55], "robot_cols": [5, 5, 5, 5, 5, 5, 5, 5, 5, 6, 8, 11, 14, 17, 20, 23, 26, 29, 32, 35, 38, 41, 44, 47, 49, 50, 50, 50, 50, 50, 50, 50, 50, 50, 50, 50, 50, 50, 50, 50, 50, 50, 50, 50, 49, 47, 44, 41, 38, 35, 32, 30, 28, 27, 27, 27, 27, 27, 27, 27, 27], "robot_speeds": [0, 0, 1, 1, 1, 1, 1, 0, 0, 1, 2, 3, 3, 3, 3, 3, 3, 3, 3, 3, 3, 3, 3, 3, 2, 1, 0, 0, 1, 2, 3, 3, 3, 2, 3, 3, 3, 3, 3, 2, 2, 1, 0, 0, 1, 2, 3, 3, 3, 3, 3, 2, 2, 1, 0, 0, 1, 2, 2, 1, 0], "robot_directions": [0, 1, 1, 1, 1, 1, 1, 1, 2, 2, 2, 2, 2, 2, 2, 2, 2, 2, 2, 2, 2, 2, 2, 2, 2, 2, 2, 3, 3, 3, 3, 3, 3, 3, 3, 3, 3, 3, 3, 3, 3, 3, 3, 0, 0, 0, 0, 0, 0, 0, 0, 0, 0, 0, 0, 3, 3, 3, 3, 3, 3], "action_accs": [0, 1, 0, 0, 0, 0, -1, 0, 1, 1, 1, 0, 0, 0, 0, 0, 0, 0, 0, 0, 0, 0, 0, -1, -1, -1, 0, 1, 1, 1, 0, 0, -1, 1, 0, 0, 0, 0, -1, 0, -1, -1, 0, 1, 1, 1, 0, 0, 0, 0, -1, 0, -1, 0, 0, 1, 1, 0, -1, -1], "action_rots": [1, 0, 0, 0, 0, 0, 0, 1, 0, 0, 0, 0, 0, 0, 0, 0, 0, 0, 0, 0, 0, 0, 0, 0, 0, 0, 1, 0, 0, 0, 0, 0, 0, 0, 0, 0, 0, 0, 0, 0, 0, 0, 1, 0, 0, 0, 0, 0, 0, 0, 0, 0, 0, 0, -1, 0, 0, 0, 0, 0], "steps": 60, "is_goal": true}