{"map_file_path": "grid_maps/Ihlen/occ_grid_small.txt", "start_pos": [49, 80], "goal_pos": [59, 13], "robot_rows": [49, 49, 49, 49, 49, 49, 49, 49, 49, 49, 49, 49, 49, 49, 49, 49, 49, 49, 49, 49, 49, 49, 49, 49, 49, 49, 50, 52, 55, 58, 60, 59, 59, 59, 59, 59, 59, 59, 59, 59, 59, 59, 59], "robot_cols": [80, 80, 79, 77, 74, 71, 68, 65, 62, 59, 56, 53, 50, 47, 44, 41, 38, 36, 33, 30, 28, 28, 28, 27, 27, 27, 27, 27, 27, 27, 27, 27, 27, 27, 26, 25, 23, 20, 17, 15, 14, 13, 13], "robot_speeds": [0, 0, 1, 2, 3, 3, 3, 3, 3, 3, 3, 3, 3, 3, 3, 3, 3, 2, 3, 3, 2, 0, 0, 1, 0, 0, 1, 2, 3, 3, 2, 0, 0, 0, 1, 1, 2, 3, 3, 2, 1, 1, 0], "robot_directions": [0, 0, 0, 0, 0, 0, 0, 0, 0, 0, 0, 0, 0, 0, 0, 0, 0, 0, 0, 0, 0, 0, 0, 0, 0, 3, 3, 3, 3, 3, 3, 3, 3, 0, 0, 0, 0, 0, 0, 0, 0, 0, 0], "action_accs": [-1, 1, 1, 1, 0, 0, 0, 0, 0, 0, 0, 0, 0, 0, 0, 0, -1, 1, 0, -1, 0, 0, 1, -1, 0, 1, 1, 1, 0, -1, 0, -1, 0, 1, 0, 1, 1, 1, -1, -1, 0, -1], "action_rots": [0, 0, 0, 0, 0, 0, 0, 0, 0, 0, 0, 0, 0, 0, 0, 0, 0, 0, 0, 0, 0, 0, 0, 0, -1, 0, 0, 0, 0, 0, 0, 0, 1, 0, 0, 0, 0, 0, 0, 0, 0, 0], "steps": 42, "is_goal": true}