{"map_file_path": "grid_maps/Ihlen/occ_grid_small.txt", "start_pos": [56, 8], "goal_pos": [12, 71], "robot_rows": [56, 56, 56, 57, 58, 58, 58, 58, 58, 58, 58, 58, 58, 58, 58, 58, 58, 58, 58, 57, 55, 52, 50, 48, 47, 47, 47, 47, 47, 47, 47, 47, 47, 47, 47, 47, 47, 47, 47, 47, 47, 46, 44, 41, 39, 36, 33, 30, 27, 24, 21, 18, 15, 12, 10, 8, 7, 7, 7, 7, 7, 8, 10, 11, 12, 12, 12, 12, 12, 12, 12, 12, 12, 12, 12, 12, 12], "robot_cols": [8, 8, 8, 8, 8, 8, 8, 9, 11, 13, 16, 19, 22, 25, 27, 28, 29, 29, 29, 29, 29, 29, 29, 29, 29, 29, 29, 29, 30, 32, 34, 37, 40, 43, 46, 49, 51, 52, 53, 53, 53, 53, 53, 53, 53, 53, 53, 53, 53, 53, 53, 53, 53, 53, 53, 53, 53, 53, 53, 53, 53, 53, 53, 53, 53, 53, 53, 53, 54, 56, 59, 62, 65, 68, 70, 71, 71], "robot_speeds": [0, 0, 0, 1, 1, 0, 0, 1, 2, 2, 3, 3, 3, 3, 2, 1, 1, 0, 0, 1, 2, 3, 2, 2, 1, 0, 0, 0, 1, 2, 2, 3, 3, 3, 3, 3, 2, 1, 1, 0, 0, 1, 2, 3, 2, 3, 3, 3, 3, 3, 3, 3, 3, 3, 2, 2, 1, 0, 0, 0, 0, 1, 2, 1, 1, 0, 0, 0, 1, 2, 3, 3, 3, 3, 2, 1, 0], "robot_directions": [0, 3, 3, 3, 3, 3, 2, 2, 2, 2, 2, 2, 2, 2, 2, 2, 2, 2, 1, 1, 1, 1, 1, 1, 1, 1, 1, 2, 2, 2, 2, 2, 2, 2, 2, 2, 2, 2, 2, 2, 1, 1, 1, 1, 1, 1, 1, 1, 1, 1, 1, 1, 1, 1, 1, 1, 1, 1, 0, 3, 3, 3, 3, 3, 3, 3, 3, 2, 2, 2, 2, 2, 2, 2, 2, 2, 2], "action_accs": [0, 0, 1, 0, -1, 0, 1, 1, 0, 1, 0, 0, 0, -1, -1, 0, -1, 0, 1, 1, 1, -1, 0, -1, -1, 0, 0, 1, 1, 0, 1, 0, 0, 0, 1, -1, -1, 0, -1, 0, 1, 1, 1, -1, 1, 0, 0, 0, 1, 0, 0, 0, 0, -1, 0, -1, -1, 0, 0, 0, 1, 1, -1, 0, -1, 0, 0, 1, 1, 1, 0, 0, 0, -1, -1, -1], "action_rots": [-1, 0, 0, 0, 0, -1, 0, 0, 0, 0, 0, 0, 0, 0, 0, 0, 0, -1, 0, 0, 0, 0, 0, 0, 0, 0, 1, 0, 0, 0, 0, 0, 0, 0, 0, 0, 0, 0, 0, -1, 0, 0, 0, 0, 0, 0, 0, 0, 0, 0, 0, 0, 0, 0, 0, 0, 0, -1, -1, 0, 0, 0, 0, 0, 0, 0, -1, 0, 0, 0, 0, 0, 0, 0, 0, 0], "steps": 76, "is_goal": true}