{"map_file_path": "grid_maps/Ihlen/occ_grid_small.txt", "start_pos": [9, 96], "goal_pos": [46, 31], "robot_rows": [9, 9, 9, 9, 9, 9, 9, 9, 9, 9, 9, 9, 9, 9, 9, 9, 9, 9, 9, 9, 9, 9, 9, 9, 9, 9, 9, 10, 12, 15, 18, 21, 24, 27, 30, 33, 36, 39, 42, 44, 45, 46, 47, 47, 47, 47, 47, 47, 47, 47, 47, 47, 47, 47, 47, 47, 47, 46, 46], "robot_cols": [96, 95, 93, 90, 88, 85, 82, 79, 76, 73, 70, 67, 64, 62, 59, 57, 54, 51, 49, 48, 48, 48, 48, 49, 50, 50, 50, 50, 50, 50, 50, 50, 50, 50, 50, 50, 50, 50, 50, 50, 50, 50, 50, 50, 50, 50, 49, 47, 44, 41, 38, 35, 33, 32, 31, 31, 31, 31, 31], "robot_speeds": [0, 1, 2, 3, 2, 3, 3, 3, 3, 3, 3, 3, 3, 2, 3, 2, 3, 3, 2, 1, 0, 0, 0, 1, 1, 0, 0, 1, 2, 3, 3, 3, 3, 3, 3, 3, 3, 3, 3, 2, 1, 1, 1, 0, 0, 0, 1, 2, 3, 3, 3, 3, 2, 1, 1, 0, 0, 1, 0], "robot_directions": [0, 0, 0, 0, 0, 0, 0, 0, 0, 0, 0, 0, 0, 0, 0, 0, 0, 0, 0, 0, 0, 3, 2, 2, 2, 2, 3, 3, 3, 3, 3, 3, 3, 3, 3, 3, 3, 3, 3, 3, 3, 3, 3, 3, 0, 0, 0, 0, 0, 0, 0, 0, 0, 0, 0, 0, 1, 1, 1], "action_accs": [1, 1, 1, -1, 1, 0, 0, 0, 0, 0, 0, 0, -1, 1, -1, 1, 0, -1, -1, -1, 0, 0, 1, 0, -1, 0, 1, 1, 1, 0, 0, 0, 0, 0, 0, 0, 0, 0, -1, -1, 0, 0, -1, 0, 0, 1, 1, 1, 0, 0, 0, -1, -1, 0, -1, 0, 1, -1], "action_rots": [0, 0, 0, 0, 0, 0, 0, 0, 0, 0, 0, 0, 0, 0, 0, 0, 0, 0, 0, 0, -1, -1, 0, 0, 0, 1, 0, 0, 0, 0, 0, 0, 0, 0, 0, 0, 0, 0, 0, 0, 0, 0, 0, 1, 0, 0, 0, 0, 0, 0, 0, 0, 0, 0, 0, 1, 0, 0], "steps": 58, "is_goal": true}