{"map_file_path": "grid_maps/Ihlen/occ_grid_small.txt", "start_pos": [53, 77], "goal_pos": [88, 62], "robot_rows": [53, 53, 53, 53, 53, 53, 53, 53, 53, 53, 53, 53, 53, 53, 53, 54, 56, 59, 62, 65, 68, 71, 74, 77, 79, 81, 82, 82, 82, 82, 82, 82, 82, 82, 82, 83, 84, 86, 87, 88, 88], "robot_cols": [77, 77, 76, 74, 71, 68, 65, 62, 59, 57, 56, 56, 56, 56, 56, 56, 56, 56, 56, 56, 56, 56, 56, 56, 56, 56, 56, 56, 56, 57, 59, 61, 62, 62, 62, 62, 62, 62, 62, 62, 62], "robot_speeds": [0, 0, 1, 2, 3, 3, 3, 3, 3, 2, 1, 0, 0, 0, 0, 1, 2, 3, 3, 3, 3, 3, 3, 3, 2, 2, 1, 0, 0, 1, 2, 2, 1, 0, 0, 1, 1, 2, 1, 1, 0], "robot_directions": [0, 0, 0, 0, 0, 0, 0, 0, 0, 0, 0, 0, 3, 3, 3, 3, 3, 3, 3, 3, 3, 3, 3, 3, 3, 3, 3, 3, 2, 2, 2, 2, 2, 2, 3, 3, 3, 3, 3, 3, 3], "action_accs": [0, 1, 1, 1, 0, 0, 0, 0, -1, -1, -1, 0, 0, 0, 1, 1, 1, 0, 0, 0, 0, 0, 0, -1, 0, -1, -1, 0, 1, 1, 0, -1, -1, 0, 1, 0, 1, -1, 0, -1], "action_rots": [0, 0, 0, 0, 0, 0, 0, 0, 0, 0, 0, -1, 0, 0, 0, 0, 0, 0, 0, 0, 0, 0, 0, 0, 0, 0, 0, -1, 0, 0, 0, 0, 0, 1, 0, 0, 0, 0, 0, 0], "steps": 40, "is_goal": true}