{"map_file_path": "grid_maps/Ihlen/occ_grid_small.txt", "start_pos": [54, 89], "goal_pos": [10, 68], "robot_rows": [54, 54, 54, 54, 53, 51, 48, 48, 47, 47, 47, 47, 47, 47, 47, 46, 46, 46, 46, 47, 49, 52, 55, 58, 61, 64, 67, 70, 73, 71], "robot_cols": [89, 89, 89, 89, 89, 89, 89, 89, 89, 89, 89, 90, 91, 91, 91, 91, 91, 91, 91, 91, 91, 91, 91, 91, 91, 91, 91, 91, 91, 91], "robot_speeds": [0, 0, 0, 0, 1, 2, 3, 0, 1, 0, 0, 1, 1, 0, 0, 1, 0, 0, 0, 1, 2, 3, 3, 3, 3, 3, 3, 3, 3, 0], "robot_directions": [0, 1, 2, 1, 1, 1, 1, 1, 1, 1, 2, 2, 2, 2, 1, 1, 1, 2, 3, 3, 3, 3, 3, 3, 3, 3, 3, 3, 3, 3], "action_accs": [0, 0, 0, 1, 1, 1, 0, 1, 1, 0, 1, 0, 1, 0, 1, 0, 0, 0, 1, 1, 1, 0, 0, 0, 0, 0, 0, 0, 0], "action_rots": [1, 1, -1, 0, 0, 0, 0, 0, 0, 1, 0, 0, 0, -1, 0, 0, 1, 1, 0, 0, 0, 0, 0, 0, 0, 0, 0, 0, 0], "steps": 29, "is_goal": false}