{"map_file_path": "grid_maps/Ihlen/occ_grid_small.txt", "start_pos": [4, 11], "goal_pos": [80, 47], "robot_rows": [4, 4, 4, 4, 4, 4, 4, 4, 4, 4, 4, 4, 4, 4, 4, 4, 4, 4, 4, 4, 4, 4, 4, 4, 4, 4, 4, 4, 4, 4, 4, 4, 4, 4, 4, 4, 4, 4, 4, 4, 4, 4, 4, 4, 4, 4, 4, 4, 4, 5, 7, 10, 13, 16, 19, 22, 25, 25, 25, 25, 25, 25, 25, 25, 25, 25, 25, 25, 25, 26, 26], "robot_cols": [11, 10, 8, 5, 6, 6, 6, 6, 6, 7, 9, 12, 15, 17, 20, 23, 26, 28, 31, 34, 37, 40, 43, 46, 49, 52, 55, 53, 53, 53, 52, 50, 47, 44, 41, 38, 35, 32, 29, 26, 23, 20, 18, 15, 12, 9, 6, 6, 6, 6, 6, 6, 6, 6, 6, 6, 6, 6, 6, 6, 6, 6, 6, 6, 6, 6, 6, 6, 6, 6, 6], "robot_speeds": [0, 1, 2, 3, 0, 0, 0, 0, 0, 1, 2, 3, 3, 2, 3, 3, 3, 2, 3, 3, 3, 3, 3, 3, 3, 3, 3, 0, 0, 0, 1, 2, 3, 3, 3, 3, 3, 3, 3, 3, 3, 3, 2, 3, 3, 3, 3, 0, 0, 1, 2, 3, 3, 3, 3, 3, 3, 0, 0, 0, 0, 0, 0, 0, 0, 0, 0, 0, 0, 1, 0], "robot_directions": [0, 0, 0, 0, 0, 3, 2, 2, 2, 2, 2, 2, 2, 2, 2, 2, 2, 2, 2, 2, 2, 2, 2, 2, 2, 2, 2, 2, 3, 0, 0, 0, 0, 0, 0, 0, 0, 0, 0, 0, 0, 0, 0, 0, 0, 0, 0, 0, 3, 3, 3, 3, 3, 3, 3, 3, 3, 3, 2, 3, 2, 1, 2, 3, 0, 1, 0, 0, 3, 3, 3], "action_accs": [1, 1, 1, 0, 0, 0, 0, 0, 1, 1, 1, 0, -1, 1, 0, 0, -1, 1, 0, 0, 0, 0, 0, 0, 0, 0, 1, 0, 0, 1, 1, 1, 0, 0, 0, 0, 0, 0, 0, 1, 0, -1, 1, 0, 0, 0, 0, 0, 1, 1, 1, 0, 0, 0, 0, 0, 0, 0, 0, 0, 0, 0, 0, 0, 0, 0, 0, 0, 1, 1], "action_rots": [0, 0, 0, 0, -1, -1, 0, 0, 0, 0, 0, 0, 0, 0, 0, 0, 0, 0, 0, 0, 0, 0, 0, 0, 0, 0, 0, 1, 1, 0, 0, 0, 0, 0, 0, 0, 0, 0, 0, 0, 0, 0, 0, 0, 0, 0, 0, -1, 0, 0, 0, 0, 0, 0, 0, 0, 0, -1, 1, -1, -1, 1, 1, 1, 1, -1, 0, -1, 0, 0], "steps": 70, "is_goal": false}