{"map_file_path": "grid_maps/Ihlen/occ_grid_small.txt", "start_pos": [62, 89], "goal_pos": [10, 71], "robot_rows": [62, 62, 62, 62, 61, 59, 56, 53, 50, 48, 47, 46, 46, 46, 46, 46, 46, 46, 46, 46, 46, 46, 45, 43, 40, 37, 35, 33, 30, 28, 25, 22, 19, 16, 13, 11, 10, 10, 10, 10, 10, 10, 10, 10], "robot_cols": [89, 89, 89, 89, 89, 89, 89, 89, 89, 89, 89, 89, 89, 89, 88, 86, 83, 80, 78, 77, 77, 77, 77, 77, 77, 77, 77, 77, 77, 77, 77, 77, 77, 77, 77, 77, 77, 77, 77, 76, 74, 72, 71, 71], "robot_speeds": [0, 0, 0, 0, 1, 2, 3, 3, 3, 2, 1, 1, 0, 0, 1, 2, 3, 3, 2, 1, 0, 0, 1, 2, 3, 3, 2, 2, 3, 2, 3, 3, 3, 3, 3, 2, 1, 0, 0, 1, 2, 2, 1, 0], "robot_directions": [0, 0, 1, 1, 1, 1, 1, 1, 1, 1, 1, 1, 1, 0, 0, 0, 0, 0, 0, 0, 0, 1, 1, 1, 1, 1, 1, 1, 1, 1, 1, 1, 1, 1, 1, 1, 1, 1, 0, 0, 0, 0, 0, 0], "action_accs": [0, 0, 0, 1, 1, 1, 0, 0, -1, -1, 0, -1, 0, 1, 1, 1, 0, -1, -1, -1, 0, 1, 1, 1, 0, -1, 0, 1, -1, 1, 0, 0, 0, 0, -1, -1, -1, 0, 1, 1, 0, -1, -1], "action_rots": [0, 1, 0, 0, 0, 0, 0, 0, 0, 0, 0, 0, -1, 0, 0, 0, 0, 0, 0, 0, 1, 0, 0, 0, 0, 0, 0, 0, 0, 0, 0, 0, 0, 0, 0, 0, 0, -1, 0, 0, 0, 0, 0], "steps": 43, "is_goal": true}