{"map_file_path": "grid_maps/Ihlen/occ_grid_small.txt", "start_pos": [18, 81], "goal_pos": [81, 92], "robot_rows": [18, 18, 18, 18, 18, 18, 18, 18, 18, 18, 18, 18, 18, 18, 18, 18, 18, 18, 18, 18, 18, 18, 18, 18, 18, 18, 18, 18, 18, 18, 18, 18, 18], "robot_cols": [81, 81, 81, 81, 81, 81, 81, 80, 78, 76, 73, 70, 67, 64, 61, 58, 55, 52, 49, 46, 47, 47, 46, 46, 46, 46, 46, 46, 45, 45, 45, 45, 45], "robot_speeds": [0, 0, 0, 0, 0, 0, 0, 1, 2, 2, 3, 3, 3, 3, 3, 3, 3, 3, 3, 3, 0, 0, 1, 0, 0, 0, 0, 0, 1, 0, 0, 0, 0], "robot_directions": [0, 1, 0, 3, 2, 3, 0, 0, 0, 0, 0, 0, 0, 0, 0, 0, 0, 0, 0, 0, 0, 0, 0, 0, 3, 3, 0, 0, 0, 0, 0, 0, 0], "action_accs": [0, 0, 0, 0, 0, 0, 1, 1, 0, 1, 0, 0, 0, 0, 0, 0, 0, 0, 0, 0, -1, 1, 1, 0, 0, 0, 0, 1, 0, -1, 1, 1], "action_rots": [1, -1, -1, -1, 1, 1, 0, 0, 0, 0, 0, 0, 0, 0, 0, 0, 0, 0, 0, 0, 0, 0, 0, -1, 0, 1, 0, 0, 0, 0, 0, 0], "steps": 32, "is_goal": false}