{"map_file_path": "grid_maps/Ihlen/occ_grid_small.txt", "start_pos": [78, 53], "goal_pos": [7, 76], "robot_rows": [78, 78, 78, 78, 78, 78, 78, 78, 78, 78, 78, 78, 78, 78, 78, 78, 78, 78, 78, 78, 78, 78, 78, 78, 78, 79, 80, 82, 82, 83, 83], "robot_cols": [53, 52, 50, 47, 44, 41, 38, 40, 40, 40, 40, 40, 40, 40, 40, 40, 40, 40, 39, 39, 39, 39, 39, 39, 39, 39, 39, 39, 39, 39, 39], "robot_speeds": [0, 1, 2, 3, 3, 3, 3, 0, 0, 0, 0, 0, 0, 0, 0, 0, 0, 0, 1, 0, 0, 0, 0, 0, 0, 1, 1, 2, 0, 1, 0], "robot_directions": [0, 0, 0, 0, 0, 0, 0, 0, 0, 0, 1, 1, 1, 2, 3, 0, 3, 0, 0, 0, 1, 0, 1, 2, 3, 3, 3, 3, 3, 3, 3], "action_accs": [1, 1, 1, 1, 1, 0, 0, -1, 0, 0, 1, 0, 0, 0, 0, 0, 0, 1, 1, 0, 0, 0, 0, 0, 1, 0, 1, 1, 1, 1], "action_rots": [0, 0, 0, 0, 0, 0, 0, 0, 0, 1, 0, 0, 1, 1, 1, -1, 1, 0, 0, 1, -1, 1, 1, 1, 0, 0, 0, 0, 0, 0], "steps": 30, "is_goal": false}