{"map_file_path": "grid_maps/Ihlen/occ_grid_small.txt", "start_pos": [49, 83], "goal_pos": [81, 54], "robot_rows": [49, 49, 49, 49, 49, 49, 49, 49, 49, 49, 49, 49, 49, 49, 49, 49, 49, 49, 49, 49, 49, 49, 49, 49, 49, 49, 48, 46, 44, 42, 40, 38, 36, 36, 36, 35, 35, 35, 35, 35, 35, 35, 35, 35], "robot_cols": [83, 82, 80, 78, 76, 74, 72, 70, 68, 66, 63, 60, 57, 54, 51, 48, 45, 42, 39, 36, 33, 30, 27, 30, 30, 30, 30, 30, 30, 30, 30, 30, 30, 30, 30, 30, 30, 30, 30, 30, 30, 29, 27, 28], "robot_speeds": [0, 1, 2, 2, 2, 2, 2, 2, 2, 2, 3, 3, 3, 3, 3, 3, 3, 3, 3, 3, 3, 3, 3, 0, 0, 0, 1, 2, 2, 2, 2, 2, 2, 0, 0, 1, 0, 0, 0, 0, 0, 1, 2, 0], "robot_directions": [0, 0, 0, 0, 0, 0, 0, 0, 0, 0, 0, 0, 0, 0, 0, 0, 0, 0, 0, 0, 0, 0, 0, 0, 0, 1, 1, 1, 1, 1, 1, 1, 1, 1, 1, 1, 1, 1, 1, 1, 0, 0, 0, 0], "action_accs": [1, 1, 0, 0, 0, 0, 0, 0, 0, 1, 0, 1, 0, 0, 0, 0, 0, 0, 0, 0, 0, 0, 1, -1, 0, 1, 1, 0, 0, 0, 0, 0, 0, -1, 1, 0, -1, 0, 1, 0, 1, 1, 0], "action_rots": [0, 0, 0, 0, 0, 0, 0, 0, 0, 0, 0, 0, 0, 0, 0, 0, 0, 0, 0, 0, 0, 0, 0, 0, 1, 0, 0, 0, 0, 0, 0, 0, 0, 0, 0, 0, 0, 0, 0, -1, 0, 0, 0], "steps": 43, "is_goal": false}