{"map_file_path": "grid_maps/Ihlen/occ_grid_small.txt", "start_pos": [32, 49], "goal_pos": [71, 66], "robot_rows": [32, 32, 33, 35, 38, 41, 44, 47, 50, 52, 53, 53, 53, 53, 53, 53, 53, 53, 53, 53, 53, 53, 53, 53, 53, 53, 53, 53, 53, 54, 56, 59, 62, 65, 68, 70, 71, 71, 71, 71, 71, 71, 71, 71, 71, 71, 71, 71, 71, 71, 71, 71, 71, 71], "robot_cols": [49, 49, 49, 49, 49, 49, 49, 49, 49, 49, 49, 49, 49, 50, 52, 55, 58, 61, 64, 67, 70, 73, 76, 79, 81, 82, 83, 83, 83, 83, 83, 83, 83, 83, 83, 83, 83, 83, 83, 83, 82, 80, 77, 74, 71, 69, 67, 66, 65, 65, 65, 65, 66, 66], "robot_speeds": [0, 0, 1, 2, 3, 3, 3, 3, 3, 2, 1, 0, 0, 1, 2, 3, 3, 3, 3, 3, 3, 3, 3, 3, 2, 1, 1, 0, 0, 1, 2, 3, 3, 3, 3, 2, 1, 0, 0, 0, 1, 2, 3, 3, 3, 2, 2, 1, 1, 0, 0, 0, 1, 0], "robot_directions": [0, 3, 3, 3, 3, 3, 3, 3, 3, 3, 3, 3, 2, 2, 2, 2, 2, 2, 2, 2, 2, 2, 2, 2, 2, 2, 2, 2, 3, 3, 3, 3, 3, 3, 3, 3, 3, 3, 0, 0, 0, 0, 0, 0, 0, 0, 0, 0, 0, 0, 3, 2, 2, 2], "action_accs": [0, 1, 1, 1, 0, 0, 0, 0, -1, -1, -1, 0, 1, 1, 1, 0, 0, 0, 0, 0, 0, 0, 0, -1, -1, 0, -1, 0, 1, 1, 1, 0, 0, 0, -1, -1, -1, 0, 0, 1, 1, 1, 0, 0, -1, 0, -1, 0, -1, 0, 0, 1, -1], "action_rots": [-1, 0, 0, 0, 0, 0, 0, 0, 0, 0, 0, -1, 0, 0, 0, 0, 0, 0, 0, 0, 0, 0, 0, 0, 0, 0, 0, 1, 0, 0, 0, 0, 0, 0, 0, 0, 0, 1, 0, 0, 0, 0, 0, 0, 0, 0, 0, 0, 0, -1, -1, 0, 0], "steps": 53, "is_goal": true}