{"map_file_path": "grid_maps/Ihlen/occ_grid_small.txt", "start_pos": [68, 53], "goal_pos": [39, 32], "robot_rows": [68, 68, 68, 68, 68, 68, 68, 68, 68, 68, 68, 68, 68, 68, 68, 68, 67, 65, 62, 59, 56, 54, 51, 48, 45, 42, 39, 36, 33, 33, 33, 33, 33, 33, 33, 33, 33, 33, 33, 33, 33, 33], "robot_cols": [53, 53, 53, 53, 53, 52, 50, 48, 49, 49, 49, 49, 49, 49, 49, 49, 49, 49, 49, 49, 49, 49, 49, 49, 49, 49, 49, 49, 49, 49, 49, 49, 49, 49, 49, 49, 49, 49, 49, 49, 49, 49], "robot_speeds": [0, 0, 0, 0, 0, 1, 2, 2, 0, 0, 0, 0, 0, 0, 0, 0, 1, 2, 3, 3, 3, 2, 3, 3, 3, 3, 3, 3, 3, 0, 0, 0, 0, 0, 0, 0, 0, 0, 0, 0, 0, 0], "robot_directions": [0, 3, 0, 3, 0, 0, 0, 0, 0, 1, 2, 3, 3, 0, 0, 1, 1, 1, 1, 1, 1, 1, 1, 1, 1, 1, 1, 1, 1, 1, 0, 0, 1, 0, 0, 3, 2, 3, 0, 3, 0, 0], "action_accs": [0, 0, 0, 0, 1, 1, 0, 0, 0, 0, 0, 0, 0, 0, 0, 1, 1, 1, 0, 0, -1, 1, 0, 0, 0, 0, 0, 0, 0, 0, 1, 0, 0, 1, 0, 0, 0, 0, 0, 0, 1], "action_rots": [-1, 1, -1, 1, 0, 0, 0, 0, 1, 1, 1, 0, 1, 0, 1, 0, 0, 0, 0, 0, 0, 0, 0, 0, 0, 0, 0, 0, 0, -1, 0, 1, -1, 0, -1, -1, 1, 1, -1, 1, 0], "steps": 41, "is_goal": false}