{"map_file_path": "grid_maps/Ihlen/occ_grid_small.txt", "start_pos": [32, 78], "goal_pos": [82, 54], "robot_rows": [32, 32, 32, 32, 32, 32, 32, 32, 32, 32, 32, 32, 32, 32, 32, 32, 32, 32, 32, 32, 32, 32, 32, 32, 32, 32, 32, 32, 32, 32, 32, 32, 32, 32, 32, 32, 32, 31, 30, 28, 25, 22, 19, 16, 13, 10, 10, 10, 10, 9, 7, 8, 8, 8, 8], "robot_cols": [78, 77, 75, 72, 69, 66, 63, 63, 63, 63, 63, 63, 64, 66, 69, 72, 75, 78, 81, 84, 87, 90, 93, 96, 95, 95, 96, 96, 96, 96, 96, 96, 97, 97, 97, 97, 97, 97, 97, 97, 97, 97, 97, 97, 97, 97, 97, 97, 97, 97, 97, 97, 97, 97, 97], "robot_speeds": [0, 1, 2, 3, 3, 3, 3, 0, 0, 0, 0, 0, 1, 2, 3, 3, 3, 3, 3, 3, 3, 3, 3, 3, 0, 0, 1, 0, 0, 0, 0, 0, 1, 0, 0, 0, 0, 1, 1, 2, 3, 3, 3, 3, 3, 3, 0, 0, 0, 1, 2, 0, 0, 0, 0], "robot_directions": [0, 0, 0, 0, 0, 0, 0, 0, 3, 0, 1, 2, 2, 2, 2, 2, 2, 2, 2, 2, 2, 2, 2, 2, 2, 2, 2, 2, 3, 2, 1, 2, 2, 2, 2, 1, 1, 1, 1, 1, 1, 1, 1, 1, 1, 1, 1, 2, 1, 1, 1, 1, 1, 2, 2], "action_accs": [1, 1, 1, 1, 1, 1, 1, 0, 0, 0, 0, 1, 1, 1, 0, 1, 1, 1, 1, 0, 1, 1, 1, 0, -1, 1, 1, 0, 0, 0, 0, 1, 0, -1, 0, 0, 1, 0, 1, 1, 0, 1, 1, 1, 0, 1, 0, 0, 1, 1, 0, -1, 0, 1], "action_rots": [0, 0, 0, 0, 0, 0, 0, -1, 1, 1, 1, 0, 0, 0, 0, 0, 0, 0, 0, 0, 0, 0, 0, 0, 0, 0, 0, 1, -1, -1, 1, 0, 0, 0, -1, 0, 0, 0, 0, 0, 0, 0, 0, 0, 0, 0, 1, -1, 0, 0, 0, 0, 1, 0], "steps": 54, "is_goal": false}