{"map_file_path": "grid_maps/Ihlen/occ_grid_small.txt", "start_pos": [63, 82], "goal_pos": [27, 67], "robot_rows": [63, 63, 63, 64, 64, 64, 64, 64, 64, 64, 64, 64, 64, 64, 63, 61, 58, 55, 52, 49, 46, 43, 40, 41, 41, 40, 40, 40, 40, 40, 40, 40, 40, 41, 43, 46, 49, 52, 55, 58, 61, 61, 61, 61, 61, 61, 61, 61, 61, 61, 61, 61, 61, 61, 61, 61, 61, 60, 59, 57, 54, 51, 48, 48, 48, 48, 48, 48, 48, 48, 48, 48, 48, 48, 48, 48, 48, 48], "robot_cols": [82, 82, 82, 82, 82, 82, 82, 82, 82, 82, 82, 82, 82, 82, 82, 82, 82, 82, 82, 82, 82, 82, 82, 82, 82, 82, 82, 82, 82, 82, 82, 82, 82, 82, 82, 82, 82, 82, 82, 82, 82, 82, 82, 82, 82, 82, 82, 83, 85, 88, 88, 88, 88, 88, 88, 88, 88, 88, 88, 88, 88, 88, 88, 88, 88, 88, 88, 87, 85, 82, 79, 76, 73, 70, 67, 64, 61, 62], "robot_speeds": [0, 0, 0, 1, 0, 0, 0, 0, 0, 0, 0, 0, 0, 0, 1, 2, 3, 3, 3, 3, 3, 3, 3, 0, 0, 1, 0, 0, 0, 0, 0, 0, 0, 1, 2, 3, 3, 3, 3, 3, 3, 0, 0, 0, 0, 0, 0, 1, 2, 3, 0, 0, 0, 0, 0, 0, 0, 1, 1, 2, 3, 3, 3, 0, 0, 0, 0, 1, 2, 3, 3, 3, 3, 3, 3, 3, 3, 0], "robot_directions": [0, 0, 3, 3, 3, 3, 3, 2, 1, 1, 2, 3, 2, 1, 1, 1, 1, 1, 1, 1, 1, 1, 1, 1, 1, 1, 1, 2, 1, 2, 1, 0, 3, 3, 3, 3, 3, 3, 3, 3, 3, 3, 2, 1, 2, 1, 2, 2, 2, 2, 2, 3, 0, 0, 3, 2, 1, 1, 1, 1, 1, 1, 1, 1, 2, 1, 0, 0, 0, 0, 0, 0, 0, 0, 0, 0, 0, 0], "action_accs": [1, 0, 1, 0, -1, 0, 0, 0, 0, 0, 0, 0, 0, 1, 1, 1, 1, 1, 1, 1, 1, 1, 0, -1, 1, 1, 0, 0, 0, 0, 0, 0, 1, 1, 1, 1, 1, 1, 1, 1, 1, 0, 0, 0, 0, 0, 1, 1, 1, 1, 0, 0, 0, 0, 0, 0, 1, 0, 1, 1, 1, 1, 1, 0, 0, 0, 1, 1, 1, 1, 1, 1, 1, 1, 1, 1, 0], "action_rots": [0, -1, 0, 0, 0, 0, -1, -1, 0, 1, 1, -1, -1, 0, 0, 0, 0, 0, 0, 0, 0, 0, 0, 0, 0, 0, 1, -1, 1, -1, -1, -1, 0, 0, 0, 0, 0, 0, 0, 0, 0, -1, -1, 1, -1, 1, 0, 0, 0, 0, 1, 1, 0, -1, -1, -1, 0, 0, 0, 0, 0, 0, 0, 1, -1, -1, 0, 0, 0, 0, 0, 0, 0, 0, 0, 0, 0], "steps": 77, "is_goal": false}