{"map_file_path": "grid_maps/Ihlen/occ_grid_small.txt", "start_pos": [22, 92], "goal_pos": [15, 5], "robot_rows": [22, 22, 22, 22, 22, 22, 22, 22, 22, 22, 21, 19, 17, 16, 16, 16, 16, 16, 16, 16, 16, 16, 16, 16, 16, 16, 16, 16, 16, 16, 16, 16, 16, 16, 16, 16, 16, 16, 16, 16, 16, 16, 16, 16, 16, 15, 15, 15, 15, 15, 15], "robot_cols": [92, 91, 89, 86, 83, 80, 78, 77, 77, 77, 77, 77, 77, 77, 77, 77, 76, 74, 71, 68, 65, 62, 59, 56, 53, 51, 48, 45, 42, 39, 36, 33, 30, 27, 24, 21, 18, 16, 13, 10, 8, 5, 3, 3, 3, 3, 3, 3, 4, 5, 5], "robot_speeds": [0, 1, 2, 3, 3, 3, 2, 1, 0, 0, 1, 2, 2, 1, 0, 0, 1, 2, 3, 3, 3, 3, 3, 3, 3, 2, 3, 3, 3, 3, 3, 3, 3, 3, 3, 3, 3, 2, 3, 3, 2, 3, 2, 0, 0, 1, 0, 0, 1, 1, 0], "robot_directions": [0, 0, 0, 0, 0, 0, 0, 0, 0, 1, 1, 1, 1, 1, 1, 0, 0, 0, 0, 0, 0, 0, 0, 0, 0, 0, 0, 0, 0, 0, 0, 0, 0, 0, 0, 0, 0, 0, 0, 0, 0, 0, 0, 0, 1, 1, 1, 2, 2, 2, 2], "action_accs": [1, 1, 1, 0, 0, -1, -1, -1, 0, 1, 1, 0, -1, -1, 0, 1, 1, 1, 0, 0, 0, 0, 0, 0, -1, 1, 0, 0, 0, 0, 0, 0, 0, 0, 0, 0, -1, 1, 0, -1, 1, -1, -1, 0, 1, -1, 0, 1, 0, -1], "action_rots": [0, 0, 0, 0, 0, 0, 0, 0, 1, 0, 0, 0, 0, 0, -1, 0, 0, 0, 0, 0, 0, 0, 0, 0, 0, 0, 0, 0, 0, 0, 0, 0, 0, 0, 0, 0, 0, 0, 0, 0, 0, 0, 0, 1, 0, 0, 1, 0, 0, 0], "steps": 50, "is_goal": true}