{"map_file_path": "grid_maps/Ihlen/occ_grid_small.txt", "start_pos": [21, 1], "goal_pos": [44, 52], "robot_rows": [21, 21, 21, 21, 21, 21, 21, 21, 21, 21, 21, 20, 18, 16, 15, 15, 15, 15, 15, 15, 15, 15, 15, 15, 15, 15, 15, 15, 15, 15, 15, 15, 15, 15, 15, 15, 15, 16, 18, 21, 24, 27, 30, 33, 36, 39, 41, 43, 44, 44], "robot_cols": [1, 1, 1, 1, 2, 4, 7, 9, 10, 10, 10, 10, 10, 10, 10, 10, 10, 11, 13, 16, 19, 22, 24, 27, 30, 33, 35, 38, 41, 44, 47, 49, 51, 52, 52, 52, 52, 52, 52, 52, 52, 52, 52, 52, 52, 52, 52, 52, 52, 52], "robot_speeds": [0, 0, 0, 0, 1, 2, 3, 2, 1, 0, 0, 1, 2, 2, 1, 0, 0, 1, 2, 3, 3, 3, 2, 3, 3, 3, 2, 3, 3, 3, 3, 2, 2, 1, 0, 0, 0, 1, 2, 3, 3, 3, 3, 3, 3, 3, 2, 2, 1, 0], "robot_directions": [0, 0, 3, 2, 2, 2, 2, 2, 2, 2, 1, 1, 1, 1, 1, 1, 2, 2, 2, 2, 2, 2, 2, 2, 2, 2, 2, 2, 2, 2, 2, 2, 2, 2, 2, 3, 3, 3, 3, 3, 3, 3, 3, 3, 3, 3, 3, 3, 3, 3], "action_accs": [0, 0, 0, 1, 1, 1, -1, -1, -1, 0, 1, 1, 0, -1, -1, 0, 1, 1, 1, 0, 0, -1, 1, 0, 0, -1, 1, 0, 0, 0, -1, 0, -1, -1, 0, 0, 1, 1, 1, 0, 0, 0, 0, 0, 0, -1, 0, -1, -1], "action_rots": [0, -1, -1, 0, 0, 0, 0, 0, 0, -1, 0, 0, 0, 0, 0, 1, 0, 0, 0, 0, 0, 0, 0, 0, 0, 0, 0, 0, 0, 0, 0, 0, 0, 0, 1, 0, 0, 0, 0, 0, 0, 0, 0, 0, 0, 0, 0, 0, 0], "steps": 49, "is_goal": true}