{"map_file_path": "grid_maps/Ihlen/occ_grid_small.txt", "start_pos": [93, 61], "goal_pos": [30, 78], "robot_rows": [93, 93, 92, 91, 89, 86, 84, 82, 81, 81, 81, 81, 81, 81, 81, 81, 81, 81, 80, 79, 78, 76, 73, 70, 67, 64, 61, 58, 55, 52, 50, 49, 49, 49, 49, 49, 49, 49, 49, 49, 49, 49, 49, 49, 49, 49, 49, 49, 48, 47, 45, 42, 39, 36, 33, 31, 30, 30], "robot_cols": [61, 61, 61, 61, 61, 61, 61, 61, 61, 61, 61, 60, 58, 55, 53, 52, 52, 52, 52, 52, 52, 52, 52, 52, 52, 52, 52, 52, 52, 52, 52, 52, 52, 52, 52, 53, 55, 58, 61, 64, 67, 70, 73, 75, 77, 78, 78, 78, 78, 78, 78, 78, 78, 78, 78, 78, 78, 78], "robot_speeds": [0, 0, 1, 1, 2, 3, 2, 2, 1, 0, 0, 1, 2, 3, 2, 1, 0, 0, 1, 1, 1, 2, 3, 3, 3, 3, 3, 3, 3, 3, 2, 1, 0, 0, 0, 1, 2, 3, 3, 3, 3, 3, 3, 2, 2, 1, 0, 0, 1, 1, 2, 3, 3, 3, 3, 2, 1, 0], "robot_directions": [0, 1, 1, 1, 1, 1, 1, 1, 1, 1, 0, 0, 0, 0, 0, 0, 0, 1, 1, 1, 1, 1, 1, 1, 1, 1, 1, 1, 1, 1, 1, 1, 1, 2, 2, 2, 2, 2, 2, 2, 2, 2, 2, 2, 2, 2, 2, 1, 1, 1, 1, 1, 1, 1, 1, 1, 1, 1], "action_accs": [0, 1, 0, 1, 1, -1, 0, -1, -1, 0, 1, 1, 1, -1, -1, -1, 0, 1, 0, 0, 1, 1, 0, 0, 0, 0, 0, 0, 0, -1, -1, -1, 0, 0, 1, 1, 1, 0, 0, 0, 0, 0, -1, 0, -1, -1, 0, 1, 0, 1, 1, 0, 0, 0, -1, -1, -1], "action_rots": [1, 0, 0, 0, 0, 0, 0, 0, 0, -1, 0, 0, 0, 0, 0, 0, 1, 0, 0, 0, 0, 0, 0, 0, 0, 0, 0, 0, 0, 0, 0, 0, 1, 0, 0, 0, 0, 0, 0, 0, 0, 0, 0, 0, 0, 0, -1, 0, 0, 0, 0, 0, 0, 0, 0, 0, 0], "steps": 57, "is_goal": true}