{"map_file_path": "grid_maps/Ihlen/occ_grid_small.txt", "start_pos": [50, 69], "goal_pos": [93, 10], "robot_rows": [50, 50, 50, 50, 50, 50, 50, 50, 50, 50, 50, 50, 50, 50, 50, 50, 50, 51, 53, 56, 59, 62, 65, 68, 71, 74, 77, 79, 80, 81, 81, 81, 81, 81, 81, 81, 81, 81, 81, 81, 81, 81, 81, 81, 81, 81, 81, 81, 81, 81, 81, 81, 81, 82, 84, 87, 90, 92, 93, 93, 93, 93, 93, 93, 93], "robot_cols": [69, 68, 66, 63, 60, 57, 54, 52, 50, 49, 48, 48, 48, 48, 49, 49, 49, 49, 49, 49, 49, 49, 49, 49, 49, 49, 49, 49, 49, 49, 49, 49, 49, 48, 47, 45, 42, 40, 37, 35, 32, 29, 26, 23, 20, 17, 14, 11, 9, 7, 6, 6, 6, 6, 6, 6, 6, 6, 6, 6, 6, 7, 9, 10, 10], "robot_speeds": [0, 1, 2, 3, 3, 3, 3, 2, 2, 1, 1, 0, 0, 0, 1, 0, 0, 1, 2, 3, 3, 3, 3, 3, 3, 3, 3, 2, 1, 1, 0, 0, 0, 1, 1, 2, 3, 2, 3, 2, 3, 3, 3, 3, 3, 3, 3, 3, 2, 2, 1, 0, 0, 1, 2, 3, 3, 2, 1, 0, 0, 1, 2, 1, 0], "robot_directions": [0, 0, 0, 0, 0, 0, 0, 0, 0, 0, 0, 0, 3, 2, 2, 2, 3, 3, 3, 3, 3, 3, 3, 3, 3, 3, 3, 3, 3, 3, 3, 3, 0, 0, 0, 0, 0, 0, 0, 0, 0, 0, 0, 0, 0, 0, 0, 0, 0, 0, 0, 0, 3, 3, 3, 3, 3, 3, 3, 3, 2, 2, 2, 2, 2], "action_accs": [1, 1, 1, 0, 0, 0, -1, 0, -1, 0, -1, 0, 0, 1, -1, 0, 1, 1, 1, 0, 0, 0, 0, 0, 0, 0, -1, -1, 0, -1, 0, 0, 1, 0, 1, 1, -1, 1, -1, 1, 0, 0, 0, 0, 0, 0, 0, -1, 0, -1, -1, 0, 1, 1, 1, 0, -1, -1, -1, 0, 1, 1, -1, -1], "action_rots": [0, 0, 0, 0, 0, 0, 0, 0, 0, 0, 0, -1, -1, 0, 0, 1, 0, 0, 0, 0, 0, 0, 0, 0, 0, 0, 0, 0, 0, 0, 0, 1, 0, 0, 0, 0, 0, 0, 0, 0, 0, 0, 0, 0, 0, 0, 0, 0, 0, 0, 0, -1, 0, 0, 0, 0, 0, 0, 0, -1, 0, 0, 0, 0], "steps": 64, "is_goal": true}