{"map_file_path": "grid_maps/Ihlen/occ_grid_small.txt", "start_pos": [77, 3], "goal_pos": [46, 81], "robot_rows": [77, 77, 78, 79, 79, 79, 79, 79, 79, 79, 79, 79, 79, 79, 79, 79, 79, 79, 79, 79, 79, 79, 79, 79, 79, 79, 79, 79, 78, 76, 73, 70, 67, 64, 61, 58, 55, 52, 50, 49, 49, 49, 49, 49, 49, 49, 49, 49, 49, 49, 49, 49, 49, 49, 49, 49, 49, 48, 47, 46, 46, 46, 46, 46, 46], "robot_cols": [3, 3, 3, 3, 3, 3, 4, 6, 9, 12, 14, 17, 20, 22, 25, 28, 31, 34, 37, 40, 43, 46, 49, 51, 53, 54, 54, 54, 54, 54, 54, 54, 54, 54, 54, 54, 54, 54, 54, 54, 54, 54, 55, 56, 58, 61, 64, 67, 70, 73, 76, 78, 80, 82, 83, 83, 83, 83, 83, 83, 83, 83, 82, 81, 81], "robot_speeds": [0, 0, 1, 1, 0, 0, 1, 2, 3, 3, 2, 3, 3, 2, 3, 3, 3, 3, 3, 3, 3, 3, 3, 2, 2, 1, 0, 0, 1, 2, 3, 3, 3, 3, 3, 3, 3, 3, 2, 1, 0, 0, 1, 1, 2, 3, 3, 3, 3, 3, 3, 2, 2, 2, 1, 0, 0, 1, 1, 1, 0, 0, 1, 1, 0], "robot_directions": [0, 3, 3, 3, 3, 2, 2, 2, 2, 2, 2, 2, 2, 2, 2, 2, 2, 2, 2, 2, 2, 2, 2, 2, 2, 2, 2, 1, 1, 1, 1, 1, 1, 1, 1, 1, 1, 1, 1, 1, 1, 2, 2, 2, 2, 2, 2, 2, 2, 2, 2, 2, 2, 2, 2, 2, 1, 1, 1, 1, 1, 0, 0, 0, 0], "action_accs": [0, 1, 0, -1, 0, 1, 1, 1, 0, -1, 1, 0, -1, 1, 0, 0, 0, 0, 0, 0, 0, 0, -1, 0, -1, -1, 0, 1, 1, 1, 0, 0, 0, 0, 0, 0, 1, -1, -1, -1, 0, 1, 0, 1, 1, 0, 0, 0, 0, 0, -1, 0, 0, -1, -1, 0, 1, 0, 0, -1, 0, 1, 0, -1], "action_rots": [-1, 0, 0, 0, -1, 0, 0, 0, 0, 0, 0, 0, 0, 0, 0, 0, 0, 0, 0, 0, 0, 0, 0, 0, 0, 0, -1, 0, 0, 0, 0, 0, 0, 0, 0, 0, 0, 0, 0, 0, 1, 0, 0, 0, 0, 0, 0, 0, 0, 0, 0, 0, 0, 0, 0, -1, 0, 0, 0, 0, -1, 0, 0, 0], "steps": 64, "is_goal": true}