{"map_file_path": "grid_maps/Ihlen/occ_grid_small.txt", "start_pos": [58, 2], "goal_pos": [30, 50], "robot_rows": [58, 58, 58, 58, 58, 58, 58, 58, 58, 58, 58, 58, 58, 58, 58, 58, 57, 55, 52, 50, 48, 47, 47, 47, 47, 47, 47, 47, 47, 47, 47, 47, 47, 47, 47, 47, 46, 44, 42, 39, 36, 33, 31, 30, 30], "robot_cols": [2, 2, 2, 3, 5, 8, 11, 14, 17, 20, 23, 26, 28, 29, 29, 29, 29, 29, 29, 29, 29, 29, 29, 29, 30, 32, 35, 38, 40, 43, 46, 48, 49, 50, 50, 50, 50, 50, 50, 50, 50, 50, 50, 50, 50], "robot_speeds": [0, 0, 0, 1, 2, 3, 3, 3, 3, 3, 3, 3, 2, 1, 0, 0, 1, 2, 3, 2, 2, 1, 0, 0, 1, 2, 3, 3, 2, 3, 3, 2, 1, 1, 0, 0, 1, 2, 2, 3, 3, 3, 2, 1, 0], "robot_directions": [0, 3, 2, 2, 2, 2, 2, 2, 2, 2, 2, 2, 2, 2, 2, 1, 1, 1, 1, 1, 1, 1, 1, 2, 2, 2, 2, 2, 2, 2, 2, 2, 2, 2, 2, 1, 1, 1, 1, 1, 1, 1, 1, 1, 1], "action_accs": [0, 0, 1, 1, 1, 0, 0, 0, 0, 0, 0, -1, -1, -1, 0, 1, 1, 1, -1, 0, -1, -1, 0, 1, 1, 1, 0, -1, 1, 0, -1, -1, 0, -1, 0, 1, 1, 0, 1, 0, 0, -1, -1, -1], "action_rots": [-1, -1, 0, 0, 0, 0, 0, 0, 0, 0, 0, 0, 0, 0, -1, 0, 0, 0, 0, 0, 0, 0, 1, 0, 0, 0, 0, 0, 0, 0, 0, 0, 0, 0, -1, 0, 0, 0, 0, 0, 0, 0, 0, 0], "steps": 44, "is_goal": true}