{"map_file_path": "grid_maps/Ihlen/occ_grid_small.txt", "start_pos": [14, 89], "goal_pos": [4, 34], "robot_rows": [14, 14, 13, 13, 13, 13, 13, 13, 13, 13, 13, 13, 13, 13, 13, 13, 13, 13, 13, 13, 13, 13, 13, 13, 13, 13, 13, 13, 13, 12, 10, 8, 6, 5, 4, 4, 4, 4, 4], "robot_cols": [89, 89, 89, 89, 89, 89, 88, 86, 83, 80, 77, 74, 72, 69, 66, 63, 60, 57, 54, 51, 48, 45, 42, 39, 36, 34, 33, 33, 33, 33, 33, 33, 33, 33, 33, 33, 33, 34, 34], "robot_speeds": [0, 0, 1, 0, 0, 0, 1, 2, 3, 3, 3, 3, 2, 3, 3, 3, 3, 3, 3, 3, 3, 3, 3, 3, 3, 2, 1, 0, 0, 1, 2, 2, 2, 1, 1, 0, 0, 1, 0], "robot_directions": [0, 1, 1, 1, 1, 0, 0, 0, 0, 0, 0, 0, 0, 0, 0, 0, 0, 0, 0, 0, 0, 0, 0, 0, 0, 0, 0, 0, 1, 1, 1, 1, 1, 1, 1, 1, 2, 2, 2], "action_accs": [0, 1, -1, 0, 0, 1, 1, 1, 0, 0, 0, -1, 1, 0, 0, 0, 0, 0, 0, 0, 0, 0, 0, 0, -1, -1, -1, 0, 1, 1, 0, 0, -1, 0, -1, 0, 1, -1], "action_rots": [1, 0, 0, 0, -1, 0, 0, 0, 0, 0, 0, 0, 0, 0, 0, 0, 0, 0, 0, 0, 0, 0, 0, 0, 0, 0, 0, 1, 0, 0, 0, 0, 0, 0, 0, 1, 0, 0], "steps": 38, "is_goal": true}