{"map_file_path": "grid_maps/Ihlen/occ_grid_small.txt", "start_pos": [7, 31], "goal_pos": [90, 93], "robot_rows": [7, 7, 7, 7, 7, 7, 7, 7, 7, 7, 7, 7, 7, 7, 7, 7, 7, 7, 7, 7, 7, 7, 7, 7, 7, 7, 7, 7, 7, 8, 9, 11, 14, 17, 20, 23, 26, 26], "robot_cols": [31, 30, 28, 28, 28, 28, 27, 27, 27, 27, 27, 27, 28, 30, 32, 35, 38, 41, 44, 47, 50, 53, 56, 54, 54, 54, 55, 55, 55, 55, 55, 55, 55, 55, 55, 55, 55, 55], "robot_speeds": [0, 1, 2, 0, 0, 0, 1, 0, 0, 0, 0, 0, 1, 2, 2, 3, 3, 3, 3, 3, 3, 3, 3, 0, 0, 0, 1, 0, 0, 1, 1, 2, 3, 3, 3, 3, 3, 0], "robot_directions": [0, 0, 0, 0, 1, 0, 0, 0, 1, 1, 1, 2, 2, 2, 2, 2, 2, 2, 2, 2, 2, 2, 2, 2, 3, 2, 2, 2, 3, 3, 3, 3, 3, 3, 3, 3, 3, 3], "action_accs": [1, 1, 1, 0, 0, 1, 1, 0, 0, 0, 0, 1, 1, 0, 1, 0, 0, 0, 0, 0, 0, 0, 0, 0, 0, 1, 1, 0, 1, 0, 1, 1, 0, 0, 0, 0, -1], "action_rots": [0, 0, 0, 1, -1, 0, 0, 1, 0, 0, 1, 0, 0, 0, 0, 0, 0, 0, 0, 0, 0, 0, 0, 1, -1, 0, 0, 1, 0, 0, 0, 0, 0, 0, 0, 0, 0], "steps": 37, "is_goal": false}