{"map_file_path": "grid_maps/Ihlen/occ_grid_small.txt", "start_pos": [95, 29], "goal_pos": [32, 73], "robot_rows": [95, 95, 95, 95, 95, 95, 95, 95, 95, 95, 95, 95, 95, 95, 95, 95, 95, 95, 96, 97, 97, 97, 97, 97, 97, 97, 97, 97, 97, 96, 95, 94, 93, 92, 91, 91, 90, 88, 85, 82, 80, 78, 78, 78], "robot_cols": [29, 29, 29, 29, 29, 28, 27, 26, 25, 24, 23, 23, 23, 23, 23, 23, 23, 23, 23, 23, 23, 23, 23, 23, 23, 23, 23, 23, 23, 23, 23, 23, 23, 23, 23, 23, 23, 23, 23, 23, 23, 23, 23, 23], "robot_speeds": [0, 0, 0, 0, 0, 1, 1, 1, 1, 1, 1, 0, 0, 0, 0, 0, 0, 0, 1, 1, 0, 0, 0, 0, 0, 0, 0, 0, 0, 1, 1, 1, 1, 1, 1, 0, 1, 2, 3, 3, 2, 2, 0, 0], "robot_directions": [0, 3, 2, 3, 0, 0, 0, 0, 0, 0, 0, 0, 3, 0, 0, 1, 2, 3, 3, 3, 3, 0, 3, 3, 0, 0, 3, 2, 1, 1, 1, 1, 1, 1, 1, 1, 1, 1, 1, 1, 1, 1, 1, 1], "action_accs": [0, 0, 0, 0, 1, 0, 0, 0, 0, 0, -1, 0, 0, 0, 0, 0, 0, 1, 0, 0, 0, 0, 1, 0, 1, 0, 0, 0, 1, 0, 0, 0, 0, 0, -1, 1, 1, 1, 0, -1, 0, -1, 1], "action_rots": [-1, -1, 1, 1, 0, 0, 0, 0, 0, 0, 0, -1, 1, 0, 1, 1, 1, 0, 0, 0, 1, -1, 0, 1, 0, -1, -1, -1, 0, 0, 0, 0, 0, 0, 0, 0, 0, 0, 0, 0, 0, 0, 0], "steps": 43, "is_goal": false}