{"map_file_path": "grid_maps/Ihlen/occ_grid_small.txt", "start_pos": [8, 40], "goal_pos": [55, 83], "robot_rows": [8, 8, 8, 8, 8, 8, 8, 8, 8, 8, 8, 8, 8, 8, 8, 8, 8, 8, 8, 8, 8, 8, 8, 8, 9, 11, 14, 17, 20, 23, 26, 29, 32, 35, 38, 41, 44, 47, 50, 52, 54, 56, 57, 57, 57, 57, 57, 57, 57, 57, 56, 55, 55], "robot_cols": [40, 40, 40, 40, 40, 41, 43, 46, 49, 52, 55, 58, 61, 64, 67, 70, 73, 76, 78, 79, 79, 79, 79, 79, 79, 79, 79, 79, 79, 79, 79, 79, 79, 79, 79, 79, 79, 79, 79, 79, 79, 79, 79, 79, 79, 80, 82, 83, 83, 83, 83, 83, 83], "robot_speeds": [0, 0, 0, 0, 0, 1, 2, 3, 3, 3, 3, 3, 3, 3, 3, 3, 3, 3, 2, 1, 0, 0, 0, 0, 1, 2, 3, 3, 3, 3, 3, 3, 3, 3, 3, 3, 3, 3, 3, 2, 2, 2, 1, 0, 0, 1, 2, 1, 0, 0, 1, 1, 0], "robot_directions": [0, 3, 3, 3, 2, 2, 2, 2, 2, 2, 2, 2, 2, 2, 2, 2, 2, 2, 2, 2, 2, 2, 3, 3, 3, 3, 3, 3, 3, 3, 3, 3, 3, 3, 3, 3, 3, 3, 3, 3, 3, 3, 3, 3, 2, 2, 2, 2, 2, 1, 1, 1, 1], "action_accs": [0, 0, 0, 0, 1, 1, 1, 0, 0, 0, 0, 0, 0, 1, 0, 0, 0, -1, -1, -1, 0, 0, 0, 1, 1, 1, 0, 0, 0, 0, 0, 0, 0, 0, 0, 0, 0, 0, -1, 0, 0, -1, 0, 0, 1, 1, -1, -1, 0, 1, 0, -1], "action_rots": [-1, 0, 0, -1, 0, 0, 0, 0, 0, 0, 0, 0, 0, 0, 0, 0, 0, 0, 0, 0, 0, 1, 0, 0, 0, 0, 0, 0, 0, 0, 0, 0, 0, 0, 0, 0, 0, 0, 0, 0, 0, 0, 0, -1, 0, 0, 0, 0, -1, 0, 0, 0], "steps": 52, "is_goal": true}