{"map_file_path": "grid_maps/Ihlen/occ_grid_small.txt", "start_pos": [37, 30], "goal_pos": [83, 47], "robot_rows": [37, 37, 38, 39, 41, 44, 47, 49, 50, 50, 50, 50, 50, 50, 50, 50, 50, 50, 50, 50, 50, 50, 50, 51, 53, 56, 58, 61, 64, 67, 70, 73, 75, 78, 80, 82, 84, 84, 84, 84, 84, 84, 84, 83, 83], "robot_cols": [30, 30, 30, 30, 30, 30, 30, 30, 30, 30, 30, 30, 31, 33, 36, 39, 42, 45, 47, 48, 49, 49, 49, 49, 49, 49, 49, 49, 49, 49, 49, 49, 49, 49, 49, 49, 49, 49, 49, 48, 47, 47, 47, 47, 47], "robot_speeds": [0, 0, 1, 1, 2, 3, 3, 2, 1, 0, 0, 0, 1, 2, 3, 3, 3, 3, 2, 1, 1, 0, 0, 1, 2, 3, 2, 3, 3, 3, 3, 3, 2, 3, 2, 2, 2, 0, 0, 1, 1, 0, 0, 1, 0], "robot_directions": [0, 3, 3, 3, 3, 3, 3, 3, 3, 3, 3, 2, 2, 2, 2, 2, 2, 2, 2, 2, 2, 2, 3, 3, 3, 3, 3, 3, 3, 3, 3, 3, 3, 3, 3, 3, 3, 3, 0, 0, 0, 0, 1, 1, 1], "action_accs": [0, 1, 0, 1, 1, 0, -1, -1, -1, 0, 0, 1, 1, 1, 0, 0, 0, -1, -1, 0, -1, 0, 1, 1, 1, -1, 1, 0, 0, 0, 0, -1, 1, -1, 0, 0, -1, 0, 1, 0, -1, 0, 1, -1], "action_rots": [-1, 0, 0, 0, 0, 0, 0, 0, 0, 0, -1, 0, 0, 0, 0, 0, 0, 0, 0, 0, 0, 1, 0, 0, 0, 0, 0, 0, 0, 0, 0, 0, 0, 0, 0, 0, 0, 1, 0, 0, 0, 1, 0, 0], "steps": 44, "is_goal": true}