{"map_file_path": "grid_maps/Ihlen/occ_grid_small.txt", "start_pos": [11, 38], "goal_pos": [68, 68], "robot_rows": [11, 11, 11, 11, 11, 11, 11, 11, 11, 11, 11, 11, 11, 11, 11, 11, 11, 11, 11, 11, 11, 12, 14, 17, 20, 23, 26, 29, 32, 35, 38, 41, 44, 47, 50, 53, 55, 56, 56, 56, 56, 56, 56, 56, 56, 57, 59, 62, 65, 67, 68, 69, 69, 69, 69, 69, 69, 69, 69, 69, 69, 69, 69, 68, 68], "robot_cols": [38, 38, 38, 39, 41, 44, 47, 50, 53, 56, 59, 62, 65, 68, 71, 74, 76, 78, 79, 79, 79, 79, 79, 79, 79, 79, 79, 79, 79, 79, 79, 79, 79, 79, 79, 79, 79, 79, 79, 79, 80, 82, 83, 83, 83, 83, 83, 83, 83, 83, 83, 83, 83, 83, 82, 80, 77, 74, 71, 69, 68, 68, 68, 68, 68], "robot_speeds": [0, 0, 0, 1, 2, 3, 3, 3, 3, 3, 3, 3, 3, 3, 3, 3, 2, 2, 1, 0, 0, 1, 2, 3, 3, 3, 3, 3, 3, 3, 3, 3, 3, 3, 3, 3, 2, 1, 0, 0, 1, 2, 1, 0, 0, 1, 2, 3, 3, 2, 1, 1, 0, 0, 1, 2, 3, 3, 3, 2, 1, 0, 0, 1, 0], "robot_directions": [0, 3, 2, 2, 2, 2, 2, 2, 2, 2, 2, 2, 2, 2, 2, 2, 2, 2, 2, 2, 3, 3, 3, 3, 3, 3, 3, 3, 3, 3, 3, 3, 3, 3, 3, 3, 3, 3, 3, 2, 2, 2, 2, 2, 3, 3, 3, 3, 3, 3, 3, 3, 3, 0, 0, 0, 0, 0, 0, 0, 0, 0, 1, 1, 1], "action_accs": [0, 0, 1, 1, 1, 0, 0, 0, 0, 0, 0, 0, 0, 0, 1, -1, 0, -1, -1, 0, 1, 1, 1, 0, 1, 0, 0, 0, 0, 0, 0, 0, 0, 0, 0, -1, -1, -1, 0, 1, 1, -1, -1, 0, 1, 1, 1, 0, -1, -1, 0, -1, 0, 1, 1, 1, 0, 0, -1, -1, -1, 0, 1, -1], "action_rots": [-1, -1, 0, 0, 0, 0, 0, 0, 0, 0, 0, 0, 0, 0, 0, 0, 0, 0, 0, 1, 0, 0, 0, 0, 0, 0, 0, 0, 0, 0, 0, 0, 0, 0, 0, 0, 0, 0, -1, 0, 0, 0, 0, 1, 0, 0, 0, 0, 0, 0, 0, 0, 1, 0, 0, 0, 0, 0, 0, 0, 0, 1, 0, 0], "steps": 64, "is_goal": true}