{"map_file_path": "grid_maps/Ihlen/occ_grid_small.txt", "start_pos": [15, 57], "goal_pos": [52, 3], "robot_rows": [15, 15, 15, 15, 15, 15, 14, 12, 9, 10, 10, 9, 9, 9, 9, 9, 9, 9, 9, 9, 9, 9, 9, 9, 9, 9, 9, 9, 9, 9, 9, 9, 8, 8, 8, 8, 8, 8, 8, 8, 8, 8, 8, 8, 8, 8, 8, 8, 8, 8, 8, 8, 8, 8, 8, 8, 8, 8, 8, 8], "robot_cols": [57, 57, 57, 57, 57, 57, 57, 57, 57, 57, 57, 57, 57, 57, 58, 60, 63, 66, 69, 71, 74, 77, 80, 83, 86, 89, 92, 95, 95, 95, 95, 95, 95, 95, 95, 94, 92, 89, 86, 84, 81, 78, 75, 72, 69, 66, 63, 60, 57, 54, 51, 49, 46, 43, 40, 37, 34, 31, 28, 28], "robot_speeds": [0, 0, 0, 0, 0, 0, 1, 2, 3, 0, 0, 1, 0, 0, 1, 2, 3, 3, 3, 2, 3, 3, 3, 3, 3, 3, 3, 3, 0, 0, 0, 0, 1, 0, 0, 1, 2, 3, 3, 2, 3, 3, 3, 3, 3, 3, 3, 3, 3, 3, 3, 2, 3, 3, 3, 3, 3, 3, 3, 0], "robot_directions": [0, 1, 0, 1, 0, 1, 1, 1, 1, 1, 1, 1, 1, 2, 2, 2, 2, 2, 2, 2, 2, 2, 2, 2, 2, 2, 2, 2, 2, 2, 2, 1, 1, 1, 0, 0, 0, 0, 0, 0, 0, 0, 0, 0, 0, 0, 0, 0, 0, 0, 0, 0, 0, 0, 0, 0, 0, 0, 0, 0], "action_accs": [0, 0, 0, 0, 0, 1, 1, 1, 0, -1, 1, 1, 0, 1, 1, 1, 0, 0, -1, 1, 1, 0, 0, 0, 0, 1, 0, 0, -1, 0, 0, 1, 1, 0, 1, 1, 1, 0, -1, 1, 0, 0, 0, 1, 0, 0, 0, 0, 0, 0, -1, 1, 0, 0, 0, 0, 0, 0, 0], "action_rots": [1, -1, 1, -1, 1, 0, 0, 0, 0, 0, 0, 0, 1, 0, 0, 0, 0, 0, 0, 0, 0, 0, 0, 0, 0, 0, 0, 0, 0, 0, -1, 0, 0, -1, 0, 0, 0, 0, 0, 0, 0, 0, 0, 0, 0, 0, 0, 0, 0, 0, 0, 0, 0, 0, 0, 0, 0, 0, 0], "steps": 59, "is_goal": false}