{"map_file_path": "grid_maps/Ihlen/occ_grid_small.txt", "start_pos": [55, 26], "goal_pos": [28, 88], "robot_rows": [55, 55, 55, 55, 55, 55, 55, 55, 55, 54, 53, 51, 50, 49, 49, 49, 49, 49, 49, 49, 49, 49, 49, 49, 49, 49, 49, 49, 49, 49, 49, 49, 49, 49, 49, 49, 49, 48, 46, 43, 40, 38, 35, 32, 30, 29, 28, 28, 28, 28, 28, 28, 28, 28, 28, 28, 28, 28, 28, 28, 28, 28, 28, 28, 28], "robot_cols": [26, 26, 26, 26, 27, 28, 29, 29, 29, 29, 29, 29, 29, 29, 29, 29, 30, 32, 35, 38, 41, 44, 47, 50, 53, 56, 59, 62, 65, 68, 71, 74, 76, 78, 79, 79, 79, 79, 79, 79, 79, 79, 79, 79, 79, 79, 79, 79, 79, 80, 82, 85, 88, 90, 92, 93, 93, 93, 93, 93, 92, 91, 89, 88, 88], "robot_speeds": [0, 0, 0, 0, 1, 1, 1, 0, 0, 1, 1, 2, 1, 1, 0, 0, 1, 2, 3, 3, 3, 3, 3, 3, 3, 3, 3, 3, 3, 3, 3, 3, 2, 2, 1, 0, 0, 1, 2, 3, 3, 2, 3, 3, 2, 1, 1, 0, 0, 1, 2, 3, 3, 2, 2, 1, 0, 0, 0, 0, 1, 1, 2, 1, 0], "robot_directions": [0, 3, 3, 2, 2, 2, 2, 2, 1, 1, 1, 1, 1, 1, 1, 2, 2, 2, 2, 2, 2, 2, 2, 2, 2, 2, 2, 2, 2, 2, 2, 2, 2, 2, 2, 2, 1, 1, 1, 1, 1, 1, 1, 1, 1, 1, 1, 1, 2, 2, 2, 2, 2, 2, 2, 2, 2, 2, 3, 0, 0, 0, 0, 0, 0], "action_accs": [0, 0, 0, 1, 0, 0, -1, 0, 1, 0, 1, -1, 0, -1, 0, 1, 1, 1, 0, 0, 0, 0, 0, 0, 0, 0, 0, 0, 0, 0, 0, -1, 0, -1, -1, 0, 1, 1, 1, 0, -1, 1, 0, -1, -1, 0, -1, 0, 1, 1, 1, 0, -1, 0, -1, -1, 0, 0, 0, 1, 0, 1, -1, -1], "action_rots": [-1, 0, -1, 0, 0, 0, 0, -1, 0, 0, 0, 0, 0, 0, 1, 0, 0, 0, 0, 0, 0, 0, 0, 0, 0, 0, 0, 0, 0, 0, 0, 0, 0, 0, 0, -1, 0, 0, 0, 0, 0, 0, 0, 0, 0, 0, 0, 1, 0, 0, 0, 0, 0, 0, 0, 0, 0, 1, 1, 0, 0, 0, 0, 0], "steps": 64, "is_goal": true}