{"map_file_path": "grid_maps/Ihlen/occ_grid_small.txt", "start_pos": [19, 91], "goal_pos": [70, 88], "robot_rows": [19, 19, 19, 19, 19, 19, 19, 19, 19, 20, 21, 23, 26, 29, 32, 35, 38, 41, 44, 47, 50, 52, 54, 55, 55, 55, 55, 55, 55, 55, 55, 55, 55, 56, 58, 61, 64, 67, 69, 70, 70, 70, 70, 70, 70], "robot_cols": [91, 90, 88, 85, 82, 80, 79, 79, 79, 79, 79, 79, 79, 79, 79, 79, 79, 79, 79, 79, 79, 79, 79, 79, 79, 79, 80, 82, 85, 88, 90, 90, 90, 90, 90, 90, 90, 90, 90, 90, 90, 90, 89, 88, 88], "robot_speeds": [0, 1, 2, 3, 3, 2, 1, 0, 0, 1, 1, 2, 3, 3, 3, 3, 3, 3, 3, 3, 3, 2, 2, 1, 0, 0, 1, 2, 3, 3, 2, 0, 0, 1, 2, 3, 3, 3, 2, 1, 0, 0, 1, 1, 0], "robot_directions": [0, 0, 0, 0, 0, 0, 0, 0, 3, 3, 3, 3, 3, 3, 3, 3, 3, 3, 3, 3, 3, 3, 3, 3, 3, 2, 2, 2, 2, 2, 2, 2, 3, 3, 3, 3, 3, 3, 3, 3, 3, 0, 0, 0, 0], "action_accs": [1, 1, 1, 0, -1, -1, -1, 0, 1, 0, 1, 1, 0, 1, 0, 0, 0, 0, 0, 0, -1, 0, -1, -1, 0, 1, 1, 1, 0, -1, 0, 0, 1, 1, 1, 0, 0, -1, -1, -1, 0, 1, 0, -1], "action_rots": [0, 0, 0, 0, 0, 0, 0, -1, 0, 0, 0, 0, 0, 0, 0, 0, 0, 0, 0, 0, 0, 0, 0, 0, -1, 0, 0, 0, 0, 0, 0, 1, 0, 0, 0, 0, 0, 0, 0, 0, 1, 0, 0, 0], "steps": 44, "is_goal": true}