{"map_file_path": "grid_maps/Ihlen/occ_grid_small.txt", "start_pos": [12, 49], "goal_pos": [20, 96], "robot_rows": [12, 12, 12, 12, 12, 12, 12, 12, 12, 12, 12, 12, 12, 12, 12, 12, 12, 12, 12, 12, 12, 12, 12, 12, 13, 15, 18, 20, 22, 23, 24, 24, 24, 24, 24, 24, 23, 21, 20, 20], "robot_cols": [49, 49, 49, 50, 52, 55, 58, 61, 64, 67, 70, 73, 76, 79, 82, 85, 88, 91, 93, 95, 97, 97, 97, 97, 97, 97, 97, 97, 97, 97, 97, 97, 97, 96, 96, 96, 96, 96, 96, 96], "robot_speeds": [0, 0, 0, 1, 2, 3, 3, 3, 3, 3, 3, 3, 3, 3, 3, 3, 3, 3, 2, 2, 2, 0, 0, 0, 1, 2, 3, 2, 2, 1, 1, 0, 0, 1, 0, 0, 1, 2, 1, 0], "robot_directions": [0, 3, 2, 2, 2, 2, 2, 2, 2, 2, 2, 2, 2, 2, 2, 2, 2, 2, 2, 2, 2, 2, 3, 3, 3, 3, 3, 3, 3, 3, 3, 3, 0, 0, 0, 1, 1, 1, 1, 1], "action_accs": [0, 0, 1, 1, 1, 0, 0, 0, 0, 0, 0, 0, 0, 0, 0, 0, 0, -1, 0, 0, -1, 0, 0, 1, 1, 1, -1, 0, -1, 0, -1, 0, 1, -1, 0, 1, 1, -1, -1], "action_rots": [-1, -1, 0, 0, 0, 0, 0, 0, 0, 0, 0, 0, 0, 0, 0, 0, 0, 0, 0, 0, 0, 1, 0, 0, 0, 0, 0, 0, 0, 0, 0, 1, 0, 0, 1, 0, 0, 0, 0], "steps": 39, "is_goal": true}