{"map_file_path": "grid_maps/Ihlen/occ_grid_small.txt", "start_pos": [58, 18], "goal_pos": [81, 72], "robot_rows": [58, 58, 58, 58, 58, 58, 58, 58, 58, 58, 58, 57, 55, 53, 51, 50, 49, 49, 49, 49, 49, 49, 49, 49, 49, 49, 49, 49, 49, 49, 49, 49, 50, 52, 55, 58, 61, 64, 67, 70, 73, 76, 78, 80, 81, 81, 81, 81, 81, 81, 81, 81, 81, 81, 81, 81, 81, 81, 81, 81, 81, 81, 81, 81, 81, 81, 81, 81, 81, 81, 81, 81], "robot_cols": [18, 18, 18, 19, 21, 24, 27, 29, 30, 30, 30, 30, 30, 30, 30, 30, 30, 30, 30, 31, 33, 36, 39, 42, 45, 48, 51, 53, 54, 55, 55, 55, 55, 55, 55, 55, 55, 55, 55, 55, 55, 55, 55, 55, 55, 55, 55, 55, 56, 58, 61, 64, 67, 69, 72, 74, 75, 75, 75, 75, 74, 73, 71, 70, 70, 70, 70, 70, 70, 71, 72, 72], "robot_speeds": [0, 0, 0, 1, 2, 3, 3, 2, 1, 0, 0, 1, 2, 2, 2, 1, 1, 0, 0, 1, 2, 3, 3, 3, 3, 3, 3, 2, 1, 1, 0, 0, 1, 2, 3, 3, 3, 3, 3, 3, 3, 3, 2, 2, 1, 0, 0, 0, 1, 2, 3, 3, 3, 2, 3, 2, 1, 0, 0, 0, 1, 1, 2, 1, 0, 0, 0, 0, 0, 1, 1, 0], "robot_directions": [0, 3, 2, 2, 2, 2, 2, 2, 2, 2, 1, 1, 1, 1, 1, 1, 1, 1, 2, 2, 2, 2, 2, 2, 2, 2, 2, 2, 2, 2, 2, 3, 3, 3, 3, 3, 3, 3, 3, 3, 3, 3, 3, 3, 3, 3, 3, 2, 2, 2, 2, 2, 2, 2, 2, 2, 2, 2, 3, 0, 0, 0, 0, 0, 0, 0, 3, 2, 2, 2, 2, 2], "action_accs": [0, 0, 1, 1, 1, 0, -1, -1, -1, 0, 1, 1, 0, 0, -1, 0, -1, 0, 1, 1, 1, 1, 0, 0, 1, 0, -1, -1, 0, -1, 0, 1, 1, 1, 0, 0, 0, 0, 0, 0, 0, -1, 0, -1, -1, 0, 0, 1, 1, 1, 0, 0, -1, 1, -1, -1, -1, 0, 0, 1, 0, 1, -1, -1, 0, 0, 0, 0, 1, 0, -1], "action_rots": [-1, -1, 0, 0, 0, 0, 0, 0, 0, -1, 0, 0, 0, 0, 0, 0, 0, 1, 0, 0, 0, 0, 0, 0, 0, 0, 0, 0, 0, 0, 1, 0, 0, 0, 0, 0, 0, 0, 0, 0, 0, 0, 0, 0, 0, 0, -1, 0, 0, 0, 0, 0, 0, 0, 0, 0, 0, 1, 1, 0, 0, 0, 0, 0, 0, -1, -1, 0, 0, 0, 0], "steps": 71, "is_goal": true}