{"map_file_path": "grid_maps/Ihlen/occ_grid_small.txt", "start_pos": [31, 32], "goal_pos": [55, 77], "robot_rows": [31, 31, 32, 34, 37, 40, 43, 46, 49, 52, 55, 55, 56, 56, 57, 57, 57, 57, 57], "robot_cols": [32, 32, 32, 32, 32, 32, 32, 32, 32, 32, 32, 32, 32, 32, 32, 32, 32, 32, 32], "robot_speeds": [0, 0, 1, 2, 3, 3, 3, 3, 3, 3, 3, 0, 1, 0, 1, 0, 0, 0, 0], "robot_directions": [0, 3, 3, 3, 3, 3, 3, 3, 3, 3, 3, 3, 3, 3, 3, 3, 3, 3, 3], "action_accs": [0, 1, 1, 1, 0, 0, 0, 1, 0, 0, 0, 1, 1, 1, 0, 0, 1, 1], "action_rots": [-1, 0, 0, 0, 0, 0, 0, 0, 0, 0, 0, 0, 0, 0, 0, 0, 0, 0], "steps": 18, "is_goal": false}