{"map_file_path": "grid_maps/Ihlen/occ_grid_small.txt", "start_pos": [30, 87], "goal_pos": [44, 50], "robot_rows": [30, 30, 30, 30, 30, 30, 30, 30, 30, 30, 30, 30, 30, 30, 29, 27, 25, 24, 24, 24, 24, 24, 24, 24, 24, 24, 24, 24, 24, 25, 27, 30, 33, 36, 39, 41, 43, 44, 44], "robot_cols": [87, 86, 84, 81, 78, 75, 72, 69, 66, 63, 61, 60, 60, 60, 60, 60, 60, 60, 60, 60, 59, 57, 55, 53, 52, 51, 50, 50, 50, 50, 50, 50, 50, 50, 50, 50, 50, 50, 50], "robot_speeds": [0, 1, 2, 3, 3, 3, 3, 3, 3, 3, 2, 1, 0, 0, 1, 2, 2, 1, 0, 0, 1, 2, 2, 2, 1, 1, 1, 0, 0, 1, 2, 3, 3, 3, 3, 2, 2, 1, 0], "robot_directions": [0, 0, 0, 0, 0, 0, 0, 0, 0, 0, 0, 0, 0, 1, 1, 1, 1, 1, 1, 0, 0, 0, 0, 0, 0, 0, 0, 0, 3, 3, 3, 3, 3, 3, 3, 3, 3, 3, 3], "action_accs": [1, 1, 1, 0, 0, 0, 0, 0, 0, -1, -1, -1, 0, 1, 1, 0, -1, -1, 0, 1, 1, 0, 0, -1, 0, 0, -1, 0, 1, 1, 1, 0, 0, 0, -1, 0, -1, -1], "action_rots": [0, 0, 0, 0, 0, 0, 0, 0, 0, 0, 0, 0, 1, 0, 0, 0, 0, 0, -1, 0, 0, 0, 0, 0, 0, 0, 0, -1, 0, 0, 0, 0, 0, 0, 0, 0, 0, 0], "steps": 38, "is_goal": true}