{"map_file_path": "grid_maps/Ihlen/occ_grid_small.txt", "start_pos": [29, 73], "goal_pos": [13, 28], "robot_rows": [29, 29, 29, 29, 29, 29, 29, 29, 29, 29, 29, 30, 32, 32, 32, 32, 32, 32, 32, 32, 32, 32, 32, 32, 32, 32, 32, 32, 32, 32, 32, 32, 32, 32, 32, 32, 32, 32, 32, 32, 32, 32], "robot_cols": [73, 73, 73, 72, 70, 67, 64, 61, 62, 62, 62, 62, 62, 62, 62, 62, 62, 62, 61, 61, 61, 61, 62, 64, 67, 70, 73, 76, 79, 82, 85, 88, 91, 94, 97, 95, 95, 95, 95, 96, 97, 97], "robot_speeds": [0, 0, 0, 1, 2, 3, 3, 3, 0, 0, 0, 1, 2, 0, 0, 0, 0, 0, 1, 0, 0, 0, 1, 2, 3, 3, 3, 3, 3, 3, 3, 3, 3, 3, 3, 0, 0, 0, 0, 1, 1, 0], "robot_directions": [0, 3, 0, 0, 0, 0, 0, 0, 0, 0, 3, 3, 3, 3, 3, 2, 3, 0, 0, 0, 1, 2, 2, 2, 2, 2, 2, 2, 2, 2, 2, 2, 2, 2, 2, 2, 2, 3, 2, 2, 2, 2], "action_accs": [0, 0, 1, 1, 1, 0, 0, 0, -1, 0, 1, 1, 0, -1, 0, 0, 0, 1, 1, 0, 0, 1, 1, 1, 0, 0, 0, 0, 0, 0, 0, 0, 0, 0, 0, -1, 0, 0, 1, 0, 0], "action_rots": [-1, 1, 0, 0, 0, 0, 0, 0, 0, -1, 0, 0, 0, 0, -1, 1, 1, 0, 0, 1, 1, 0, 0, 0, 0, 0, 0, 0, 0, 0, 0, 0, 0, 0, 0, 0, 1, -1, 0, 0, 0], "steps": 41, "is_goal": false}