{"map_file_path": "grid_maps/Ihlen/occ_grid_small.txt", "start_pos": [48, 51], "goal_pos": [15, 26], "robot_rows": [48, 48, 48, 48, 48, 48, 48, 48, 48, 48, 48, 48, 48, 48, 48, 48, 48, 48, 48, 48, 48, 48, 47, 45, 42, 39, 36, 37], "robot_cols": [51, 50, 49, 47, 44, 41, 38, 35, 32, 29, 29, 28, 28, 28, 27, 27, 27, 27, 27, 27, 27, 27, 27, 27, 27, 27, 27, 27], "robot_speeds": [0, 1, 1, 2, 3, 3, 3, 3, 3, 3, 0, 1, 0, 0, 1, 0, 0, 0, 0, 0, 0, 0, 1, 2, 3, 3, 3, 0], "robot_directions": [0, 0, 0, 0, 0, 0, 0, 0, 0, 0, 0, 0, 0, 0, 0, 0, 0, 3, 0, 1, 0, 1, 1, 1, 1, 1, 1, 1], "action_accs": [1, 0, 1, 1, 1, 0, 0, 0, 0, 0, 1, 1, 0, 1, 0, 1, 0, 0, 0, 0, 0, 1, 1, 1, 0, 0, 0], "action_rots": [0, 0, 0, 0, 0, 0, 0, 0, 0, 0, 0, 0, 0, 0, 0, 0, -1, 1, 1, -1, 1, 0, 0, 0, 0, 0, 0], "steps": 27, "is_goal": false}