{"map_file_path": "grid_maps/Ihlen/occ_grid_small.txt", "start_pos": [47, 2], "goal_pos": [82, 54], "robot_rows": [47, 47, 47, 47, 47, 47, 47, 47, 47, 47, 47, 46, 46, 46, 46, 46, 46, 46, 46, 46], "robot_cols": [2, 2, 2, 2, 2, 1, 1, 1, 1, 1, 1, 1, 1, 1, 1, 1, 1, 1, 1, 1], "robot_speeds": [0, 0, 0, 0, 0, 1, 0, 0, 0, 0, 0, 1, 0, 0, 0, 0, 0, 0, 0, 0], "robot_directions": [0, 1, 0, 1, 0, 0, 0, 3, 0, 0, 1, 1, 1, 1, 0, 1, 1, 1, 1, 1], "action_accs": [0, 0, 0, 0, 1, -1, 0, 0, 0, 0, 1, -1, 1, 0, 0, 1, 1, 1, 1], "action_rots": [1, -1, 1, -1, 0, 0, -1, 1, 0, 1, 0, 0, 0, -1, 1, 0, 0, 0, 0], "steps": 19, "is_goal": false}