{"map_file_path": "grid_maps/Ihlen/occ_grid_small.txt", "start_pos": [19, 48], "goal_pos": [34, 92], "robot_rows": [19, 19, 19, 19, 19, 19, 19, 19, 19, 19, 20, 22, 25, 25, 26, 26, 26, 26, 26, 26, 26, 25, 23, 20, 17, 14, 11, 8, 5, 2, 3, 3, 3, 2, 2], "robot_cols": [48, 47, 45, 46, 46, 46, 46, 46, 46, 46, 46, 46, 46, 46, 46, 46, 46, 46, 46, 46, 46, 46, 46, 46, 46, 46, 46, 46, 46, 46, 46, 46, 46, 46, 46], "robot_speeds": [0, 1, 2, 0, 0, 0, 0, 0, 0, 0, 1, 2, 3, 0, 1, 0, 0, 0, 0, 0, 0, 1, 2, 3, 3, 3, 3, 3, 3, 3, 0, 0, 0, 1, 0], "robot_directions": [0, 0, 0, 0, 3, 0, 3, 3, 0, 3, 3, 3, 3, 3, 3, 3, 2, 2, 3, 2, 1, 1, 1, 1, 1, 1, 1, 1, 1, 1, 1, 2, 1, 1, 1], "action_accs": [1, 1, 0, 0, 0, 0, 0, 0, 0, 1, 1, 1, 0, 1, 1, 0, 0, 0, 0, 0, 1, 1, 1, 0, 0, 0, 0, 0, 0, 0, 0, 0, 1, 1], "action_rots": [0, 0, 0, -1, 1, -1, 0, 1, -1, 0, 0, 0, 0, 0, 0, -1, 0, 1, -1, -1, 0, 0, 0, 0, 0, 0, 0, 0, 0, 0, 1, -1, 0, 0], "steps": 34, "is_goal": false}