{"map_file_path": "grid_maps/Ihlen/occ_grid_small.txt", "start_pos": [14, 23], "goal_pos": [72, 87], "robot_rows": [14, 14, 14, 14, 14, 14, 14, 14, 14, 14, 14, 14, 14, 14, 14, 14, 14, 14, 14, 14, 14, 14, 14, 14, 14, 15, 16, 17, 19, 22, 25, 28, 31, 34, 37, 40, 43, 46, 48, 50, 51, 51, 51, 51, 51, 51, 51, 51, 51, 51, 51, 51, 51, 51, 51, 51, 51, 51, 51, 51, 51, 52, 54, 57, 60, 63, 66, 69, 71, 73, 73, 73, 73, 73, 73, 72, 72], "robot_cols": [23, 23, 23, 24, 26, 29, 32, 35, 38, 41, 44, 47, 50, 52, 53, 54, 55, 55, 55, 55, 55, 54, 53, 53, 53, 53, 53, 53, 53, 53, 53, 53, 53, 53, 53, 53, 53, 53, 53, 53, 53, 53, 53, 53, 54, 56, 59, 62, 65, 68, 71, 74, 77, 80, 82, 84, 86, 87, 88, 88, 88, 88, 88, 88, 88, 88, 88, 88, 88, 88, 88, 88, 87, 87, 87, 87, 87], "robot_speeds": [0, 0, 0, 1, 2, 3, 3, 3, 3, 3, 3, 3, 3, 2, 1, 1, 1, 0, 0, 0, 0, 1, 1, 0, 0, 1, 1, 1, 2, 3, 3, 3, 3, 3, 3, 3, 3, 3, 2, 2, 1, 0, 0, 0, 1, 2, 3, 3, 3, 3, 3, 3, 3, 3, 2, 2, 2, 1, 1, 0, 0, 1, 2, 3, 3, 3, 3, 3, 2, 2, 0, 0, 1, 0, 0, 1, 0], "robot_directions": [0, 3, 2, 2, 2, 2, 2, 2, 2, 2, 2, 2, 2, 2, 2, 2, 2, 2, 3, 0, 0, 0, 0, 0, 3, 3, 3, 3, 3, 3, 3, 3, 3, 3, 3, 3, 3, 3, 3, 3, 3, 3, 2, 2, 2, 2, 2, 2, 2, 2, 2, 2, 2, 2, 2, 2, 2, 2, 2, 2, 3, 3, 3, 3, 3, 3, 3, 3, 3, 3, 3, 0, 0, 0, 1, 1, 1], "action_accs": [0, 0, 1, 1, 1, 0, 0, 0, 0, 0, 0, 0, -1, -1, 0, 0, -1, 0, 0, 0, 1, 0, -1, 0, 1, 0, 0, 1, 1, 0, 0, 0, 0, 0, 0, 0, 0, -1, 0, -1, -1, 0, 0, 1, 1, 1, 0, 0, 1, 0, 0, 0, 0, -1, 0, 0, -1, 0, -1, 0, 1, 1, 1, 0, 0, 0, 0, -1, 0, -1, 0, 1, -1, 0, 1, -1], "action_rots": [-1, -1, 0, 0, 0, 0, 0, 0, 0, 0, 0, 0, 0, 0, 0, 0, 0, 1, 1, 0, 0, 0, 0, -1, 0, 0, 0, 0, 0, 0, 0, 0, 0, 0, 0, 0, 0, 0, 0, 0, 0, -1, 0, 0, 0, 0, 0, 0, 0, 0, 0, 0, 0, 0, 0, 0, 0, 0, 0, 1, 0, 0, 0, 0, 0, 0, 0, 0, 0, 0, 1, 0, 0, 1, 0, 0], "steps": 76, "is_goal": true}