{"map_file_path": "grid_maps/Ihlen/occ_grid_small.txt", "start_pos": [17, 9], "goal_pos": [47, 87], "robot_rows": [17, 17, 17, 16, 14, 11, 8, 5, 2, 3, 2, 2, 1, 1, 1, 1, 1, 2, 4, 7, 10, 13, 16, 19, 22, 25, 25], "robot_cols": [9, 9, 9, 9, 9, 9, 9, 9, 9, 9, 9, 9, 9, 9, 9, 9, 9, 9, 9, 9, 9, 9, 9, 9, 9, 9, 9], "robot_speeds": [0, 0, 0, 1, 2, 3, 3, 3, 3, 0, 1, 0, 1, 0, 0, 0, 0, 1, 2, 3, 3, 3, 3, 3, 3, 3, 0], "robot_directions": [0, 1, 1, 1, 1, 1, 1, 1, 1, 1, 1, 1, 1, 1, 1, 2, 3, 3, 3, 3, 3, 3, 3, 3, 3, 3, 3], "action_accs": [0, 0, 1, 1, 1, 0, 0, 0, 0, 1, 1, 1, 0, 1, 0, 0, 1, 1, 1, 1, 0, 0, 0, 0, 0, 0], "action_rots": [1, 0, 0, 0, 0, 0, 0, 0, 0, 0, 0, 0, 0, 0, 1, 1, 0, 0, 0, 0, 0, 0, 0, 0, 0, 0], "steps": 26, "is_goal": false}