{"map_file_path": "grid_maps/Ihlen/occ_grid_small.txt", "start_pos": [4, 44], "goal_pos": [39, 2], "robot_rows": [4, 4, 4, 4, 4, 4, 4, 4, 4, 4, 4, 4, 4, 4, 4, 4, 4, 4, 4, 4, 4, 4, 5, 7, 10, 13, 16, 19, 22, 25, 25, 25, 25, 25, 25, 25, 24, 22, 19, 16, 13, 10, 7, 4, 4, 4, 4, 4, 4, 4, 4, 4, 4], "robot_cols": [44, 44, 44, 43, 41, 38, 35, 32, 29, 26, 23, 20, 17, 14, 11, 8, 5, 6, 6, 5, 5, 5, 5, 5, 5, 5, 5, 5, 5, 5, 5, 5, 5, 5, 5, 5, 5, 5, 5, 5, 5, 5, 5, 5, 5, 5, 5, 5, 5, 4, 4, 4, 4], "robot_speeds": [0, 0, 0, 1, 2, 3, 3, 3, 3, 3, 3, 3, 3, 3, 3, 3, 3, 0, 0, 1, 0, 0, 1, 2, 3, 3, 3, 3, 3, 3, 0, 0, 0, 0, 0, 0, 1, 2, 3, 3, 3, 3, 3, 3, 0, 0, 0, 0, 0, 1, 0, 0, 0], "robot_directions": [0, 3, 0, 0, 0, 0, 0, 0, 0, 0, 0, 0, 0, 0, 0, 0, 0, 0, 0, 0, 0, 3, 3, 3, 3, 3, 3, 3, 3, 3, 3, 3, 0, 3, 0, 1, 1, 1, 1, 1, 1, 1, 1, 1, 1, 1, 0, 1, 0, 0, 0, 0, 0], "action_accs": [0, 0, 1, 1, 1, 1, 1, 1, 1, 1, 1, 1, 1, 1, 1, 1, 0, -1, 1, 1, 0, 1, 1, 1, 1, 1, 1, 1, 0, 0, -1, 0, 0, 0, 0, 1, 1, 1, 1, 1, 1, 1, 1, 1, 0, 0, 0, 0, 1, 0, -1, 1], "action_rots": [-1, 1, 0, 0, 0, 0, 0, 0, 0, 0, 0, 0, 0, 0, 0, 0, 0, 0, 0, 0, -1, 0, 0, 0, 0, 0, 0, 0, 0, 0, 0, 1, -1, 1, 1, 0, 0, 0, 0, 0, 0, 0, 0, 0, 0, -1, 1, -1, 0, 0, 0, 0], "steps": 52, "is_goal": false}