{"map_file_path": "grid_maps/Ihlen/occ_grid_small.txt", "start_pos": [17, 56], "goal_pos": [64, 3], "robot_rows": [17, 17, 16, 14, 11, 8, 5, 2, 3, 2, 2, 2, 2, 2, 1, 1, 1], "robot_cols": [56, 56, 56, 56, 56, 56, 56, 56, 56, 56, 56, 56, 56, 56, 56, 56, 56], "robot_speeds": [0, 0, 1, 2, 3, 3, 3, 3, 0, 1, 0, 0, 0, 0, 1, 0, 0], "robot_directions": [0, 1, 1, 1, 1, 1, 1, 1, 1, 1, 1, 2, 2, 1, 1, 1, 1], "action_accs": [0, 1, 1, 1, 0, 0, 0, 0, 1, 1, 0, 1, 0, 1, 0, 1], "action_rots": [1, 0, 0, 0, 0, 0, 0, 0, 0, 0, 1, 0, -1, 0, 0, 0], "steps": 16, "is_goal": false}