{"map_file_path": "grid_maps/Ihlen/occ_grid_small.txt", "start_pos": [7, 29], "goal_pos": [55, 63], "robot_rows": [7, 7, 7, 7, 7, 7, 7, 7, 7, 7, 7, 7, 7, 7, 7, 7, 7, 7, 7, 6, 4, 1, 3, 3, 2, 2, 2, 2, 3, 5, 8, 11, 14, 17, 19, 22, 25, 25], "robot_cols": [29, 29, 29, 30, 32, 35, 38, 41, 44, 47, 49, 52, 55, 54, 54, 55, 55, 55, 55, 55, 55, 55, 55, 55, 55, 55, 55, 55, 55, 55, 55, 55, 55, 55, 55, 55, 55, 55], "robot_speeds": [0, 0, 0, 1, 2, 3, 3, 3, 3, 3, 2, 3, 3, 0, 0, 1, 0, 0, 0, 1, 2, 3, 0, 0, 1, 0, 0, 0, 1, 2, 3, 3, 3, 3, 2, 3, 3, 0], "robot_directions": [0, 3, 2, 2, 2, 2, 2, 2, 2, 2, 2, 2, 2, 2, 2, 2, 2, 2, 1, 1, 1, 1, 1, 1, 1, 1, 0, 3, 3, 3, 3, 3, 3, 3, 3, 3, 3, 3], "action_accs": [0, 0, 1, 1, 1, 0, 0, 0, 0, -1, 1, 0, 0, -1, 1, 1, 0, 0, 1, 1, 1, 0, -1, 1, 1, 0, 0, 1, 1, 1, 0, 0, 0, -1, 1, 0, 0], "action_rots": [-1, -1, 0, 0, 0, 0, 0, 0, 0, 0, 0, 0, 0, 0, 0, 0, 0, -1, 0, 0, 0, 0, 0, 0, 0, -1, -1, 0, 0, 0, 0, 0, 0, 0, 0, 0, 0], "steps": 37, "is_goal": false}