{"map_file_path": "grid_maps/Ihlen/occ_grid_small.txt", "start_pos": [63, 24], "goal_pos": [3, 16], "robot_rows": [63, 63, 62, 60, 57, 55, 53, 52, 52, 52, 52, 52, 52, 52, 52, 51, 50, 49, 48, 48, 48, 48, 48, 48, 48, 48, 48, 48, 48, 48, 48, 48, 48, 48, 48, 47, 45, 43, 40, 37, 34, 31, 28, 25, 22, 19, 16, 13, 10, 8, 6, 4, 2, 1, 1, 1, 1, 1, 1, 1, 1, 1, 1, 1, 1, 1, 1, 1, 1, 1, 1, 1, 1, 1, 2, 3, 3, 3, 3, 3, 3], "robot_cols": [24, 24, 24, 24, 24, 24, 24, 24, 24, 24, 25, 26, 27, 27, 27, 27, 27, 27, 27, 27, 27, 28, 30, 33, 36, 39, 42, 45, 47, 49, 51, 52, 53, 53, 53, 53, 53, 53, 53, 53, 53, 53, 53, 53, 53, 53, 53, 53, 53, 53, 53, 53, 53, 53, 53, 53, 52, 50, 47, 44, 41, 38, 35, 32, 29, 26, 23, 20, 18, 17, 15, 14, 14, 14, 14, 14, 14, 14, 15, 16, 16], "robot_speeds": [0, 0, 1, 2, 3, 2, 2, 1, 0, 0, 1, 1, 1, 0, 0, 1, 1, 1, 1, 0, 0, 1, 2, 3, 3, 3, 3, 3, 2, 2, 2, 1, 1, 0, 0, 1, 2, 2, 3, 3, 3, 3, 3, 3, 3, 3, 3, 3, 3, 2, 2, 2, 2, 1, 0, 0, 1, 2, 3, 3, 3, 3, 3, 3, 3, 3, 3, 3, 2, 1, 2, 1, 0, 0, 1, 1, 0, 0, 1, 1, 0], "robot_directions": [0, 1, 1, 1, 1, 1, 1, 1, 1, 2, 2, 2, 2, 2, 1, 1, 1, 1, 1, 1, 2, 2, 2, 2, 2, 2, 2, 2, 2, 2, 2, 2, 2, 2, 1, 1, 1, 1, 1, 1, 1, 1, 1, 1, 1, 1, 1, 1, 1, 1, 1, 1, 1, 1, 1, 0, 0, 0, 0, 0, 0, 0, 0, 0, 0, 0, 0, 0, 0, 0, 0, 0, 0, 3, 3, 3, 3, 2, 2, 2, 2], "action_accs": [0, 1, 1, 1, -1, 0, -1, -1, 0, 1, 0, 0, -1, 0, 1, 0, 0, 0, -1, 0, 1, 1, 1, 0, 0, 0, 0, -1, 0, 0, -1, 0, -1, 0, 1, 1, 0, 1, 0, 0, 0, 0, 0, 0, 0, 0, 0, 0, -1, 0, 0, 0, -1, -1, 0, 1, 1, 1, 0, 0, 0, 0, 0, 0, 0, 0, 0, -1, -1, 1, -1, -1, 0, 1, 0, -1, 0, 1, 0, -1], "action_rots": [1, 0, 0, 0, 0, 0, 0, 0, 1, 0, 0, 0, 0, -1, 0, 0, 0, 0, 0, 1, 0, 0, 0, 0, 0, 0, 0, 0, 0, 0, 0, 0, 0, -1, 0, 0, 0, 0, 0, 0, 0, 0, 0, 0, 0, 0, 0, 0, 0, 0, 0, 0, 0, 0, -1, 0, 0, 0, 0, 0, 0, 0, 0, 0, 0, 0, 0, 0, 0, 0, 0, 0, -1, 0, 0, 0, -1, 0, 0, 0], "steps": 80, "is_goal": true}