{"map_file_path": "grid_maps/Ihlen/occ_grid_small.txt", "start_pos": [29, 96], "goal_pos": [16, 53], "robot_rows": [29, 29, 28, 26, 23, 21, 19, 18, 18, 18, 18, 18, 18, 18, 18, 18, 18, 18, 18, 18, 18, 18, 18, 18, 18, 18, 18, 18, 18, 17, 16, 16], "robot_cols": [96, 96, 96, 96, 96, 96, 96, 96, 96, 96, 95, 93, 90, 87, 84, 81, 78, 75, 72, 69, 66, 63, 60, 58, 56, 54, 53, 53, 53, 53, 53, 53], "robot_speeds": [0, 0, 1, 2, 3, 2, 2, 1, 0, 0, 1, 2, 3, 3, 3, 3, 3, 3, 3, 3, 3, 3, 3, 2, 2, 2, 1, 0, 0, 1, 1, 0], "robot_directions": [0, 1, 1, 1, 1, 1, 1, 1, 1, 0, 0, 0, 0, 0, 0, 0, 0, 0, 0, 0, 0, 0, 0, 0, 0, 0, 0, 0, 1, 1, 1, 1], "action_accs": [0, 1, 1, 1, -1, 0, -1, -1, 0, 1, 1, 1, 0, 0, 0, 0, 1, 0, 0, 0, 0, 0, -1, 0, 0, -1, -1, 0, 1, 0, -1], "action_rots": [1, 0, 0, 0, 0, 0, 0, 0, -1, 0, 0, 0, 0, 0, 0, 0, 0, 0, 0, 0, 0, 0, 0, 0, 0, 0, 0, 1, 0, 0, 0], "steps": 31, "is_goal": true}