{"map_file_path": "grid_maps/Ihlen/occ_grid_small.txt", "start_pos": [71, 90], "goal_pos": [9, 83], "robot_rows": [71, 71, 71, 71, 72, 73, 72, 73, 73, 73, 73, 73, 73, 73, 73, 73, 73, 73, 73, 73, 73, 73, 73, 73, 73, 74, 74, 74, 74, 74, 74, 74, 74], "robot_cols": [90, 90, 90, 90, 90, 90, 90, 90, 90, 90, 89, 87, 84, 81, 78, 75, 72, 69, 66, 67, 67, 67, 67, 67, 67, 67, 67, 67, 68, 70, 73, 76, 75], "robot_speeds": [0, 0, 0, 0, 1, 1, 0, 1, 0, 0, 1, 2, 3, 3, 3, 3, 3, 3, 3, 0, 0, 0, 0, 0, 0, 1, 0, 0, 1, 2, 3, 3, 0], "robot_directions": [0, 3, 3, 3, 3, 3, 3, 3, 3, 0, 0, 0, 0, 0, 0, 0, 0, 0, 0, 0, 3, 0, 3, 2, 3, 3, 3, 2, 2, 2, 2, 2, 2], "action_accs": [0, 0, 0, 1, 0, 1, 1, 0, 0, 1, 1, 1, 1, 0, 0, 0, 0, 0, 0, 0, 0, 0, 0, 0, 1, 0, 0, 1, 1, 1, 0, 1], "action_rots": [-1, 0, 0, 0, 0, 0, 0, 0, 1, 0, 0, 0, 0, 0, 0, 0, 0, 0, 0, -1, 1, -1, -1, 1, 0, 0, -1, 0, 0, 0, 0, 0], "steps": 32, "is_goal": false}