{"map_file_path": "grid_maps/Ihlen/occ_grid_small.txt", "start_pos": [57, 86], "goal_pos": [63, 9], "robot_rows": [57, 57, 57, 56, 54, 52, 51, 50, 49, 49, 49, 49, 49, 49, 49, 49, 49, 49, 49, 49, 49, 49, 49, 49, 49, 49, 49, 49, 49, 49, 49, 49, 49, 49, 49, 49, 49, 50, 52, 55, 57, 58, 59, 59, 59, 59, 59, 59, 59, 59, 59, 59, 59, 59, 59, 59, 60, 62, 63, 64, 64, 64, 64, 64, 63, 63], "robot_cols": [86, 86, 86, 86, 86, 86, 86, 86, 86, 86, 86, 86, 85, 83, 80, 77, 75, 72, 69, 66, 63, 60, 57, 55, 52, 49, 46, 43, 40, 37, 34, 31, 29, 28, 27, 27, 27, 27, 27, 27, 27, 27, 27, 27, 27, 27, 26, 24, 21, 18, 15, 12, 10, 9, 9, 9, 9, 9, 9, 9, 9, 9, 9, 9, 9, 9], "robot_speeds": [0, 0, 0, 1, 2, 2, 1, 1, 1, 0, 0, 0, 1, 2, 3, 3, 2, 3, 3, 3, 3, 3, 3, 2, 3, 3, 3, 3, 3, 3, 3, 3, 2, 1, 1, 0, 0, 1, 2, 3, 2, 1, 1, 0, 0, 0, 1, 2, 3, 3, 3, 3, 2, 1, 0, 0, 1, 2, 1, 1, 0, 0, 0, 0, 1, 0], "robot_directions": [0, 0, 1, 1, 1, 1, 1, 1, 1, 1, 1, 0, 0, 0, 0, 0, 0, 0, 0, 0, 0, 0, 0, 0, 0, 0, 0, 0, 0, 0, 0, 0, 0, 0, 0, 0, 3, 3, 3, 3, 3, 3, 3, 3, 0, 0, 0, 0, 0, 0, 0, 0, 0, 0, 0, 3, 3, 3, 3, 3, 3, 0, 0, 1, 1, 1], "action_accs": [0, 0, 1, 1, 0, -1, 0, 0, -1, 0, 0, 1, 1, 1, 0, -1, 1, 0, 0, 0, 0, 0, -1, 1, 0, 0, 0, 0, 0, 0, 0, -1, -1, 0, -1, 0, 1, 1, 1, -1, -1, 0, -1, 0, 0, 1, 1, 1, 0, 0, 0, -1, -1, -1, 0, 1, 1, -1, 0, -1, 0, 0, 0, 1, -1], "action_rots": [0, 1, 0, 0, 0, 0, 0, 0, 0, 0, -1, 0, 0, 0, 0, 0, 0, 0, 0, 0, 0, 0, 0, 0, 0, 0, 0, 0, 0, 0, 0, 0, 0, 0, 0, -1, 0, 0, 0, 0, 0, 0, 0, 1, 0, 0, 0, 0, 0, 0, 0, 0, 0, 0, -1, 0, 0, 0, 0, 0, 1, 0, 1, 0, 0], "steps": 65, "is_goal": true}