{"map_file_path": "grid_maps/Ihlen/occ_grid_small.txt", "start_pos": [56, 78], "goal_pos": [15, 94], "robot_rows": [56, 56, 55, 54, 52, 49, 46, 43, 40, 37, 34, 32, 29, 26, 23, 21, 19, 18, 18, 18, 18, 18, 18, 18, 18, 18, 18, 18, 18, 18, 18, 17, 16, 15, 14, 13, 13, 13, 13, 14, 15, 15], "robot_cols": [78, 78, 78, 78, 78, 78, 78, 78, 78, 78, 78, 78, 78, 78, 78, 78, 78, 78, 78, 78, 79, 81, 84, 87, 90, 92, 93, 94, 94, 94, 94, 94, 94, 94, 94, 94, 94, 94, 94, 94, 94, 94], "robot_speeds": [0, 0, 1, 1, 2, 3, 3, 3, 3, 3, 3, 2, 3, 3, 3, 2, 2, 1, 0, 0, 1, 2, 3, 3, 3, 2, 1, 1, 0, 0, 0, 1, 1, 1, 1, 1, 0, 0, 0, 1, 1, 0], "robot_directions": [0, 1, 1, 1, 1, 1, 1, 1, 1, 1, 1, 1, 1, 1, 1, 1, 1, 1, 1, 2, 2, 2, 2, 2, 2, 2, 2, 2, 2, 2, 1, 1, 1, 1, 1, 1, 1, 0, 3, 3, 3, 3], "action_accs": [0, 1, 0, 1, 1, 0, 0, 0, 0, 0, -1, 1, 0, 0, -1, 0, -1, -1, 0, 1, 1, 1, 0, 0, -1, -1, 0, -1, 0, 0, 1, 0, 0, 0, 0, -1, 0, 0, 1, 0, -1], "action_rots": [1, 0, 0, 0, 0, 0, 0, 0, 0, 0, 0, 0, 0, 0, 0, 0, 0, 0, 1, 0, 0, 0, 0, 0, 0, 0, 0, 0, 0, -1, 0, 0, 0, 0, 0, 0, -1, -1, 0, 0, 0], "steps": 41, "is_goal": true}