{"map_file_path": "grid_maps/Ihlen/occ_grid_small.txt", "start_pos": [14, 94], "goal_pos": [23, 6], "robot_rows": [14, 14, 14, 14, 14, 14, 14, 14, 14, 14, 14, 14, 14, 13, 11, 8, 9, 9, 9, 9, 10, 12, 15, 18, 21, 24, 27, 30, 33, 32, 32, 33, 33], "robot_cols": [94, 94, 94, 95, 97, 96, 96, 97, 97, 97, 97, 97, 97, 97, 97, 97, 97, 97, 97, 97, 97, 97, 97, 97, 97, 97, 97, 97, 97, 97, 97, 97, 97], "robot_speeds": [0, 0, 0, 1, 2, 0, 0, 1, 0, 0, 0, 0, 0, 1, 2, 3, 0, 0, 0, 0, 1, 2, 3, 3, 3, 3, 3, 3, 3, 0, 0, 1, 0], "robot_directions": [0, 3, 2, 2, 2, 2, 2, 2, 2, 2, 1, 0, 1, 1, 1, 1, 1, 1, 2, 3, 3, 3, 3, 3, 3, 3, 3, 3, 3, 3, 3, 3, 3], "action_accs": [0, 0, 1, 1, 0, -1, 1, 0, 0, 0, 0, 0, 1, 1, 1, 0, -1, 0, 0, 1, 1, 1, 1, 1, 1, 1, 1, 1, 0, -1, 1, 1], "action_rots": [-1, -1, 0, 0, 0, 0, 0, 0, 0, -1, -1, 1, 0, 0, 0, 0, 0, 1, 1, 0, 0, 0, 0, 0, 0, 0, 0, 0, 0, 0, 0, 0], "steps": 32, "is_goal": false}