{"map_file_path": "grid_maps/Ihlen/occ_grid_small.txt", "start_pos": [3, 49], "goal_pos": [86, 87], "robot_rows": [3, 3, 2, 2, 2, 2, 1, 1, 1, 1, 1, 1, 1, 1, 1, 1, 1, 1, 1, 1, 1, 1, 1], "robot_cols": [49, 49, 49, 49, 49, 49, 49, 49, 49, 49, 49, 49, 49, 49, 49, 49, 49, 49, 49, 50, 52, 55, 55], "robot_speeds": [0, 0, 1, 0, 0, 0, 1, 0, 0, 0, 0, 0, 0, 0, 0, 0, 0, 0, 0, 1, 2, 3, 0], "robot_directions": [0, 1, 1, 1, 0, 1, 1, 1, 1, 1, 1, 2, 1, 0, 3, 2, 1, 1, 2, 2, 2, 2, 2], "action_accs": [0, 1, 1, 0, 0, 1, 0, -1, 1, 0, 0, 0, 0, 0, 0, 0, 1, 0, 1, 1, 1, -1], "action_rots": [1, 0, 0, -1, 1, 0, 0, 0, 0, 0, 1, -1, -1, -1, -1, -1, 0, 1, 0, 0, 0, 0], "steps": 22, "is_goal": false}