{"map_file_path": "grid_maps/Ihlen/occ_grid_small.txt", "start_pos": [78, 68], "goal_pos": [50, 32], "robot_rows": [78, 78, 79, 79, 79, 79, 79, 79, 79, 79, 79, 79, 79, 79, 79, 79, 79, 79, 79, 79, 78, 76, 73, 70, 67, 64, 61, 58, 55, 53, 51, 50, 50, 50, 50, 50, 50, 50, 50, 50, 50, 50, 50, 50, 50, 50, 50, 50, 50, 50, 50, 50, 50], "robot_cols": [68, 68, 68, 68, 68, 67, 65, 62, 59, 57, 54, 51, 49, 48, 48, 48, 48, 49, 49, 49, 49, 49, 49, 49, 49, 49, 49, 49, 49, 49, 49, 49, 49, 49, 49, 48, 46, 43, 40, 37, 34, 32, 31, 31, 31, 31, 32, 33, 33, 33, 33, 32, 32], "robot_speeds": [0, 0, 1, 0, 0, 1, 2, 3, 3, 2, 3, 3, 2, 1, 0, 0, 0, 1, 0, 0, 1, 2, 3, 3, 3, 3, 3, 3, 3, 2, 2, 1, 0, 0, 0, 1, 2, 3, 3, 3, 3, 2, 1, 0, 0, 0, 1, 1, 0, 0, 0, 1, 0], "robot_directions": [0, 3, 3, 3, 0, 0, 0, 0, 0, 0, 0, 0, 0, 0, 0, 3, 2, 2, 2, 1, 1, 1, 1, 1, 1, 1, 1, 1, 1, 1, 1, 1, 1, 1, 0, 0, 0, 0, 0, 0, 0, 0, 0, 0, 3, 2, 2, 2, 2, 3, 0, 0, 0], "action_accs": [0, 1, -1, 0, 1, 1, 1, 0, -1, 1, 0, -1, -1, -1, 0, 0, 1, -1, 0, 1, 1, 1, 0, 0, 0, 0, 0, 1, -1, 0, -1, -1, 0, 0, 1, 1, 1, 0, 0, 0, -1, -1, -1, 0, 0, 1, 0, -1, 0, 0, 1, -1], "action_rots": [-1, 0, 0, 1, 0, 0, 0, 0, 0, 0, 0, 0, 0, 0, -1, -1, 0, 0, -1, 0, 0, 0, 0, 0, 0, 0, 0, 0, 0, 0, 0, 0, 0, -1, 0, 0, 0, 0, 0, 0, 0, 0, 0, -1, -1, 0, 0, 0, 1, 1, 0, 0], "steps": 52, "is_goal": true}