{"map_file_path": "grid_maps/Ihlen/occ_grid_small.txt", "start_pos": [71, 52], "goal_pos": [56, 6], "robot_rows": [71, 71, 71, 70, 69, 67, 64, 61, 58, 55, 53, 50, 48, 47, 47, 47, 47, 47, 47, 47, 47, 47, 47, 47, 47, 47, 47, 47, 47, 47, 47, 48, 49, 50, 51, 53, 55, 56, 57, 58, 58, 58, 58, 58, 58, 58, 58, 58, 58, 58, 58, 58, 58, 58, 57, 56, 55, 55, 55, 55, 55, 56, 56], "robot_cols": [52, 52, 52, 52, 52, 52, 52, 52, 52, 52, 52, 52, 52, 52, 52, 52, 52, 51, 49, 46, 43, 40, 37, 35, 32, 30, 29, 28, 27, 27, 27, 27, 27, 27, 27, 27, 27, 27, 27, 27, 27, 27, 26, 25, 23, 20, 17, 14, 11, 9, 7, 6, 6, 6, 6, 6, 6, 6, 6, 6, 6, 6, 6], "robot_speeds": [0, 0, 0, 1, 1, 2, 3, 3, 3, 3, 2, 3, 2, 1, 0, 0, 0, 1, 2, 3, 3, 3, 3, 2, 3, 2, 1, 1, 1, 0, 0, 1, 1, 1, 1, 2, 2, 1, 1, 1, 0, 0, 1, 1, 2, 3, 3, 3, 3, 2, 2, 1, 0, 0, 1, 1, 1, 0, 0, 0, 0, 1, 0], "robot_directions": [0, 0, 1, 1, 1, 1, 1, 1, 1, 1, 1, 1, 1, 1, 1, 0, 0, 0, 0, 0, 0, 0, 0, 0, 0, 0, 0, 0, 0, 0, 3, 3, 3, 3, 3, 3, 3, 3, 3, 3, 3, 0, 0, 0, 0, 0, 0, 0, 0, 0, 0, 0, 0, 1, 1, 1, 1, 1, 1, 0, 3, 3, 3], "action_accs": [0, 0, 1, 0, 1, 1, 1, 0, 0, -1, 1, -1, -1, -1, 0, 0, 1, 1, 1, 0, 0, 0, -1, 1, -1, -1, 0, 0, -1, 0, 1, 0, 0, 0, 1, 0, -1, 0, 0, -1, 0, 1, 0, 1, 1, 0, 0, 0, -1, 0, -1, -1, 0, 1, 0, 0, -1, 0, 0, 0, 1, -1], "action_rots": [0, 1, 0, 0, 0, 0, 0, 0, 0, 0, 0, 0, 0, 0, -1, 0, 0, 0, 0, 0, 0, 0, 0, 0, 0, 0, 0, 0, 0, -1, 0, 0, 0, 0, 0, 0, 0, 0, 0, 0, 1, 0, 0, 0, 0, 0, 0, 0, 0, 0, 0, 0, 1, 0, 0, 0, 0, 0, -1, -1, 0, 0], "steps": 62, "is_goal": true}