{"map_file_path": "grid_maps/Ihlen/occ_grid_small.txt", "start_pos": [12, 49], "goal_pos": [45, 83], "robot_rows": [12, 12, 12, 12, 12, 12, 12, 12, 12, 12, 12, 12, 12, 12, 12, 12, 12, 13, 15, 18, 21, 24, 27, 30, 33, 36, 39, 42, 44, 46, 48, 49, 49, 49, 49, 49, 49, 49, 49, 48, 46, 46, 46, 45, 45], "robot_cols": [49, 49, 49, 50, 52, 55, 58, 61, 64, 67, 70, 73, 76, 78, 79, 79, 79, 79, 79, 79, 79, 79, 79, 79, 79, 79, 79, 79, 79, 79, 79, 79, 79, 79, 80, 82, 83, 83, 83, 83, 83, 83, 83, 83, 83], "robot_speeds": [0, 0, 0, 1, 2, 3, 3, 3, 3, 3, 3, 3, 3, 2, 1, 0, 0, 1, 2, 3, 3, 3, 3, 3, 3, 3, 3, 3, 2, 2, 2, 1, 0, 0, 1, 2, 1, 0, 0, 1, 2, 0, 0, 1, 0], "robot_directions": [0, 3, 2, 2, 2, 2, 2, 2, 2, 2, 2, 2, 2, 2, 2, 2, 3, 3, 3, 3, 3, 3, 3, 3, 3, 3, 3, 3, 3, 3, 3, 3, 3, 2, 2, 2, 2, 2, 1, 1, 1, 1, 1, 1, 1], "action_accs": [0, 0, 1, 1, 1, 0, 0, 0, 0, 0, 0, 0, -1, -1, -1, 0, 1, 1, 1, 1, 0, 0, 0, 0, 0, 0, 0, -1, 0, 0, -1, -1, 0, 1, 1, -1, -1, 0, 1, 1, 0, 0, 1, -1], "action_rots": [-1, -1, 0, 0, 0, 0, 0, 0, 0, 0, 0, 0, 0, 0, 0, 1, 0, 0, 0, 0, 0, 0, 0, 0, 0, 0, 0, 0, 0, 0, 0, 0, -1, 0, 0, 0, 0, -1, 0, 0, 0, 0, 0, 0], "steps": 44, "is_goal": true}