{"map_file_path": "grid_maps/Ihlen/occ_grid_small.txt", "start_pos": [53, 61], "goal_pos": [13, 40], "robot_rows": [53, 53, 54, 56, 55, 55, 55, 55, 55, 55, 55, 55, 55, 55, 55, 55, 55, 55, 55, 55, 55, 55, 55, 55, 55, 55, 55, 55, 55, 55, 55, 55, 55, 55, 55, 55, 55, 55, 55, 55, 55, 55, 55, 55, 55, 55, 55, 55, 55, 55, 55, 55, 55], "robot_cols": [61, 61, 61, 61, 61, 61, 62, 64, 67, 69, 71, 74, 77, 80, 83, 86, 89, 89, 89, 89, 88, 86, 83, 80, 77, 74, 71, 68, 65, 62, 62, 62, 62, 62, 62, 62, 62, 61, 61, 61, 61, 62, 64, 67, 70, 73, 76, 79, 82, 85, 88, 91, 89], "robot_speeds": [0, 0, 1, 2, 0, 0, 1, 2, 3, 2, 2, 3, 3, 3, 3, 3, 3, 0, 0, 0, 1, 2, 3, 3, 3, 3, 3, 3, 3, 3, 0, 0, 0, 0, 0, 0, 0, 1, 0, 0, 0, 1, 2, 3, 3, 3, 3, 3, 3, 3, 3, 3, 0], "robot_directions": [0, 3, 3, 3, 3, 2, 2, 2, 2, 2, 2, 2, 2, 2, 2, 2, 2, 2, 3, 0, 0, 0, 0, 0, 0, 0, 0, 0, 0, 0, 0, 3, 0, 3, 3, 3, 0, 0, 0, 3, 2, 2, 2, 2, 2, 2, 2, 2, 2, 2, 2, 2, 2], "action_accs": [0, 1, 1, 0, 0, 1, 1, 1, -1, 0, 1, 0, 0, 0, 0, 0, 0, 0, 0, 1, 1, 1, 0, 0, 0, 0, 0, 0, 0, 0, 0, 0, 0, 0, 0, 0, 1, 1, 0, 0, 1, 1, 1, 0, 0, 0, 0, 0, 0, 0, 0, 0], "action_rots": [-1, 0, 0, 0, -1, 0, 0, 0, 0, 0, 0, 0, 0, 0, 0, 0, 0, 1, 1, 0, 0, 0, 0, 0, 0, 0, 0, 0, 0, 0, -1, 1, -1, 0, 0, 1, 0, 0, -1, -1, 0, 0, 0, 0, 0, 0, 0, 0, 0, 0, 0, 0], "steps": 52, "is_goal": false}