{"map_file_path": "grid_maps/Ihlen/occ_grid_small.txt", "start_pos": [33, 92], "goal_pos": [9, 46], "robot_rows": [33, 33, 32, 30, 27, 24, 22, 19, 16, 13, 11, 10, 9, 9, 9, 9, 9, 9, 9, 9, 9, 9, 9, 9, 9, 9, 9, 9, 9, 9, 9, 9, 9, 9, 9, 9, 9, 9, 9, 9, 9], "robot_cols": [92, 92, 92, 92, 92, 92, 92, 92, 92, 92, 92, 92, 92, 92, 92, 91, 89, 86, 83, 80, 77, 74, 72, 70, 67, 64, 61, 58, 55, 52, 49, 47, 45, 44, 44, 44, 44, 44, 45, 46, 46], "robot_speeds": [0, 0, 1, 2, 3, 3, 2, 3, 3, 3, 2, 1, 1, 0, 0, 1, 2, 3, 3, 3, 3, 3, 2, 2, 3, 3, 3, 3, 3, 3, 3, 2, 2, 1, 0, 0, 0, 0, 1, 1, 0], "robot_directions": [0, 1, 1, 1, 1, 1, 1, 1, 1, 1, 1, 1, 1, 1, 0, 0, 0, 0, 0, 0, 0, 0, 0, 0, 0, 0, 0, 0, 0, 0, 0, 0, 0, 0, 0, 3, 3, 2, 2, 2, 2], "action_accs": [0, 1, 1, 1, 0, -1, 1, 0, 0, -1, -1, 0, -1, 0, 1, 1, 1, 0, 0, 0, 0, -1, 0, 1, 0, 0, 0, 0, 0, 0, -1, 0, -1, -1, 0, 0, 0, 1, 0, -1], "action_rots": [1, 0, 0, 0, 0, 0, 0, 0, 0, 0, 0, 0, 0, -1, 0, 0, 0, 0, 0, 0, 0, 0, 0, 0, 0, 0, 0, 0, 0, 0, 0, 0, 0, 0, -1, 0, -1, 0, 0, 0], "steps": 40, "is_goal": true}