{"map_file_path": "grid_maps/Ihlen/occ_grid_small.txt", "start_pos": [7, 37], "goal_pos": [57, 9], "robot_rows": [7, 7, 7, 7, 7, 7, 7, 7, 7, 7, 7, 7, 8, 10, 13, 16, 18, 21, 24, 27, 30, 33, 36, 39, 42, 45, 47, 48, 49, 49, 49, 49, 49, 49, 49, 49, 49, 49, 49, 49, 49, 49, 50, 51, 53, 55, 57, 58, 58, 58, 58, 58, 58, 58, 58, 58, 58, 58, 58, 58, 57, 57], "robot_cols": [37, 37, 37, 38, 40, 43, 46, 48, 49, 50, 50, 50, 50, 50, 50, 50, 50, 50, 50, 50, 50, 50, 50, 50, 50, 50, 50, 50, 50, 50, 50, 49, 47, 44, 41, 38, 35, 32, 29, 27, 27, 27, 27, 27, 27, 27, 27, 27, 27, 27, 26, 24, 21, 18, 15, 12, 10, 9, 9, 9, 9, 9], "robot_speeds": [0, 0, 0, 1, 2, 3, 3, 2, 1, 1, 0, 0, 1, 2, 3, 3, 2, 3, 3, 3, 3, 3, 3, 3, 3, 3, 2, 1, 1, 0, 0, 1, 2, 3, 3, 3, 3, 3, 3, 2, 0, 0, 1, 1, 2, 2, 2, 1, 0, 0, 1, 2, 3, 3, 3, 3, 2, 1, 0, 0, 1, 0], "robot_directions": [0, 3, 2, 2, 2, 2, 2, 2, 2, 2, 2, 3, 3, 3, 3, 3, 3, 3, 3, 3, 3, 3, 3, 3, 3, 3, 3, 3, 3, 3, 0, 0, 0, 0, 0, 0, 0, 0, 0, 0, 0, 3, 3, 3, 3, 3, 3, 3, 3, 0, 0, 0, 0, 0, 0, 0, 0, 0, 0, 1, 1, 1], "action_accs": [0, 0, 1, 1, 1, 0, -1, -1, 0, -1, 0, 1, 1, 1, 0, -1, 1, 0, 0, 0, 1, 1, 0, 1, 0, -1, -1, 0, -1, 0, 1, 1, 1, 0, 0, 0, 0, 0, -1, -1, 0, 1, 0, 1, 0, 0, -1, -1, 0, 1, 1, 1, 1, 0, 0, -1, -1, -1, 0, 1, -1], "action_rots": [-1, -1, 0, 0, 0, 0, 0, 0, 0, 0, 1, 0, 0, 0, 0, 0, 0, 0, 0, 0, 0, 0, 0, 0, 0, 0, 0, 0, 0, 1, 0, 0, 0, 0, 0, 0, 0, 0, 0, 0, -1, 0, 0, 0, 0, 0, 0, 0, 1, 0, 0, 0, 0, 0, 0, 0, 0, 0, 1, 0, 0], "steps": 61, "is_goal": true}