{"map_file_path": "grid_maps/Ihlen/occ_grid_small.txt", "start_pos": [90, 91], "goal_pos": [14, 55], "robot_rows": [90, 90, 89, 87, 85, 84, 84, 83, 83, 83, 83, 83, 83, 83, 83, 83, 83, 83, 83, 83, 83, 83, 83, 83, 83, 83, 83, 83, 83, 82, 80, 77, 75, 72, 69, 66, 63, 60, 57, 54, 51, 48, 45, 42, 39, 36, 33, 30, 27, 24, 21, 19, 17, 15, 13, 12, 12, 12, 12, 12, 12, 12, 13, 14, 14], "robot_cols": [91, 91, 91, 91, 91, 91, 91, 91, 91, 91, 90, 89, 87, 84, 82, 79, 76, 74, 71, 68, 65, 62, 59, 57, 56, 55, 54, 54, 54, 54, 54, 54, 54, 54, 54, 54, 54, 54, 54, 54, 54, 54, 54, 54, 54, 54, 54, 54, 54, 54, 54, 54, 54, 54, 54, 54, 54, 54, 55, 55, 55, 55, 55, 55, 55], "robot_speeds": [0, 0, 1, 2, 2, 1, 0, 1, 0, 0, 1, 1, 2, 3, 2, 3, 3, 2, 3, 3, 3, 3, 3, 2, 1, 1, 1, 0, 0, 1, 2, 3, 2, 3, 3, 3, 3, 3, 3, 3, 3, 3, 3, 3, 3, 3, 3, 3, 3, 3, 3, 2, 2, 2, 2, 1, 0, 0, 1, 0, 0, 0, 1, 1, 0], "robot_directions": [0, 1, 1, 1, 1, 1, 1, 1, 1, 0, 0, 0, 0, 0, 0, 0, 0, 0, 0, 0, 0, 0, 0, 0, 0, 0, 0, 0, 1, 1, 1, 1, 1, 1, 1, 1, 1, 1, 1, 1, 1, 1, 1, 1, 1, 1, 1, 1, 1, 1, 1, 1, 1, 1, 1, 1, 1, 2, 2, 2, 2, 3, 3, 3, 3], "action_accs": [0, 1, 1, 0, -1, -1, 1, -1, 0, 1, 0, 1, 1, -1, 1, 0, -1, 1, 0, 0, 0, 0, -1, -1, 0, 0, -1, 0, 1, 1, 1, -1, 1, 0, 0, 0, 0, 0, 0, 0, 0, 0, 0, 1, 0, 0, 0, 0, 0, 0, -1, 0, 0, 0, -1, -1, 0, 1, -1, 0, 0, 1, 0, -1], "action_rots": [1, 0, 0, 0, 0, 0, 0, 0, -1, 0, 0, 0, 0, 0, 0, 0, 0, 0, 0, 0, 0, 0, 0, 0, 0, 0, 0, 1, 0, 0, 0, 0, 0, 0, 0, 0, 0, 0, 0, 0, 0, 0, 0, 0, 0, 0, 0, 0, 0, 0, 0, 0, 0, 0, 0, 0, 1, 0, 0, 0, 1, 0, 0, 0], "steps": 64, "is_goal": true}