{"map_file_path": "grid_maps/Ihlen/occ_grid_small.txt", "start_pos": [86, 30], "goal_pos": [12, 59], "robot_rows": [86, 86, 86, 86, 86, 86, 86, 86, 86, 86, 86, 86, 86, 86, 85, 83, 80, 80, 79, 79, 79, 79, 79, 79, 80, 82, 85, 85, 85, 85, 85, 85, 85, 85, 85, 85, 85, 85, 85, 85, 85, 85], "robot_cols": [30, 30, 30, 29, 27, 24, 21, 18, 15, 12, 9, 6, 8, 8, 8, 8, 8, 8, 8, 8, 8, 8, 8, 8, 8, 8, 8, 8, 8, 8, 8, 9, 11, 14, 17, 20, 22, 25, 28, 30, 33, 32], "robot_speeds": [0, 0, 0, 1, 2, 3, 3, 3, 3, 3, 3, 3, 0, 0, 1, 2, 3, 0, 1, 0, 0, 0, 0, 0, 1, 2, 3, 0, 0, 0, 0, 1, 2, 3, 3, 3, 2, 3, 3, 2, 3, 0], "robot_directions": [0, 3, 0, 0, 0, 0, 0, 0, 0, 0, 0, 0, 0, 1, 1, 1, 1, 1, 1, 1, 0, 3, 2, 3, 3, 3, 3, 3, 2, 1, 2, 2, 2, 2, 2, 2, 2, 2, 2, 2, 2, 2], "action_accs": [0, 0, 1, 1, 1, 0, 0, 0, 0, 0, 0, 0, 0, 1, 1, 1, 0, 1, 1, 0, 0, 0, 0, 1, 1, 1, 0, 0, 0, 0, 1, 1, 1, 0, 0, -1, 1, 0, -1, 1, 0], "action_rots": [-1, 1, 0, 0, 0, 0, 0, 0, 0, 0, 0, 0, 1, 0, 0, 0, 0, 0, 0, -1, -1, -1, 1, 0, 0, 0, 0, -1, -1, 1, 0, 0, 0, 0, 0, 0, 0, 0, 0, 0, 0], "steps": 41, "is_goal": false}