{"map_file_path": "grid_maps/Ihlen/occ_grid_small.txt", "start_pos": [61, 14], "goal_pos": [4, 41], "robot_rows": [61, 61, 61, 61, 62, 64, 64, 64, 64, 64, 64, 64, 65, 65, 65, 65, 65, 65, 65, 65, 65, 64, 62, 59, 60], "robot_cols": [14, 14, 14, 14, 14, 14, 14, 14, 14, 14, 14, 14, 14, 14, 14, 14, 14, 14, 14, 14, 14, 14, 14, 14, 14], "robot_speeds": [0, 0, 0, 0, 1, 2, 0, 0, 0, 0, 0, 0, 1, 0, 0, 0, 0, 0, 0, 0, 0, 1, 2, 3, 0], "robot_directions": [0, 3, 3, 3, 3, 3, 3, 3, 2, 3, 2, 3, 3, 3, 3, 2, 3, 3, 3, 0, 1, 1, 1, 1, 1], "action_accs": [0, 0, 0, 1, 1, 0, -1, 0, 0, 0, 0, 1, 0, -1, 0, 0, 1, 1, 0, 0, 1, 1, 1, 0], "action_rots": [-1, 0, 0, 0, 0, 0, 0, -1, 1, -1, 1, 0, 0, 0, -1, 1, 0, 0, 1, 1, 0, 0, 0, 0], "steps": 24, "is_goal": false}