{"map_file_path": "grid_maps/Ihlen/occ_grid_small.txt", "start_pos": [83, 21], "goal_pos": [13, 40], "robot_rows": [83, 83, 83, 83, 83, 83, 83, 83, 83, 83, 83, 83, 83, 83, 83, 83, 83, 83, 83, 82, 80, 77, 74, 71, 69, 66, 63, 60, 57, 54, 51, 48, 45, 42, 39, 36, 33, 30, 27, 24, 21, 18, 16, 14, 13, 13, 13, 13, 13, 13, 13, 13, 13, 13, 13], "robot_cols": [21, 21, 21, 22, 23, 25, 28, 30, 33, 36, 39, 42, 45, 47, 49, 50, 51, 51, 51, 51, 51, 51, 51, 51, 51, 51, 51, 51, 51, 51, 51, 51, 51, 51, 51, 51, 51, 51, 51, 51, 51, 51, 51, 51, 51, 51, 51, 50, 48, 46, 44, 42, 41, 40, 40], "robot_speeds": [0, 0, 0, 1, 1, 2, 3, 2, 3, 3, 3, 3, 3, 2, 2, 1, 1, 0, 0, 1, 2, 3, 3, 3, 2, 3, 3, 3, 3, 3, 3, 3, 3, 3, 3, 3, 3, 3, 3, 3, 3, 3, 2, 2, 1, 0, 0, 1, 2, 2, 2, 2, 1, 1, 0], "robot_directions": [0, 3, 2, 2, 2, 2, 2, 2, 2, 2, 2, 2, 2, 2, 2, 2, 2, 2, 1, 1, 1, 1, 1, 1, 1, 1, 1, 1, 1, 1, 1, 1, 1, 1, 1, 1, 1, 1, 1, 1, 1, 1, 1, 1, 1, 1, 0, 0, 0, 0, 0, 0, 0, 0, 0], "action_accs": [0, 0, 1, 0, 1, 1, -1, 1, 0, 0, 0, 0, -1, 0, -1, 0, -1, 0, 1, 1, 1, 0, 0, -1, 1, 0, 0, 0, 0, 0, 0, 0, 0, 0, 0, 0, 0, 0, 0, 0, 0, -1, 0, -1, -1, 0, 1, 1, 0, 0, 0, -1, 0, -1], "action_rots": [-1, -1, 0, 0, 0, 0, 0, 0, 0, 0, 0, 0, 0, 0, 0, 0, 0, -1, 0, 0, 0, 0, 0, 0, 0, 0, 0, 0, 0, 0, 0, 0, 0, 0, 0, 0, 0, 0, 0, 0, 0, 0, 0, 0, 0, -1, 0, 0, 0, 0, 0, 0, 0, 0], "steps": 54, "is_goal": true}