{"map_file_path": "grid_maps/Ihlen/occ_grid_small.txt", "start_pos": [48, 30], "goal_pos": [87, 61], "robot_rows": [48, 48, 48, 48, 48, 48, 48, 48, 48, 48, 48, 48, 48, 48, 48, 48, 49, 51, 53, 55, 58, 61, 64, 67, 70, 73, 76, 79, 81, 82, 83, 83, 83, 83, 83, 83, 83, 83, 83, 83, 84, 86, 87, 87], "robot_cols": [30, 30, 30, 31, 33, 36, 39, 42, 44, 47, 50, 52, 54, 55, 55, 55, 55, 55, 55, 55, 55, 55, 55, 55, 55, 55, 55, 55, 55, 55, 55, 55, 55, 56, 58, 60, 61, 61, 61, 61, 61, 61, 61, 61], "robot_speeds": [0, 0, 0, 1, 2, 3, 3, 3, 2, 3, 3, 2, 2, 1, 0, 0, 1, 2, 2, 2, 3, 3, 3, 3, 3, 3, 3, 3, 2, 1, 1, 0, 0, 1, 2, 2, 1, 0, 0, 0, 1, 2, 1, 0], "robot_directions": [0, 3, 2, 2, 2, 2, 2, 2, 2, 2, 2, 2, 2, 2, 2, 3, 3, 3, 3, 3, 3, 3, 3, 3, 3, 3, 3, 3, 3, 3, 3, 3, 2, 2, 2, 2, 2, 2, 2, 3, 3, 3, 3, 3], "action_accs": [0, 0, 1, 1, 1, 0, 0, -1, 1, 0, -1, 0, -1, -1, 0, 1, 1, 0, 0, 1, 0, 0, 0, 0, 0, 0, 0, -1, -1, 0, -1, 0, 1, 1, 0, -1, -1, 0, 0, 1, 1, -1, -1], "action_rots": [-1, -1, 0, 0, 0, 0, 0, 0, 0, 0, 0, 0, 0, 0, 1, 0, 0, 0, 0, 0, 0, 0, 0, 0, 0, 0, 0, 0, 0, 0, 0, -1, 0, 0, 0, 0, 0, 0, 1, 0, 0, 0, 0], "steps": 43, "is_goal": true}