{"map_file_path": "grid_maps/Ihlen/occ_grid_small.txt", "start_pos": [47, 51], "goal_pos": [72, 78], "robot_rows": [47, 47, 47, 47, 47, 47, 47, 47, 47, 47, 47, 47, 47, 47, 48, 50, 52, 55, 58, 58, 58, 58, 58, 58, 58, 58, 58, 58, 58, 58, 58, 58, 58, 59, 59, 59, 59, 59], "robot_cols": [51, 50, 48, 45, 42, 39, 36, 33, 30, 27, 29, 29, 29, 29, 29, 29, 29, 29, 29, 29, 29, 29, 29, 29, 30, 30, 30, 30, 30, 30, 30, 30, 30, 30, 30, 30, 30, 30], "robot_speeds": [0, 1, 2, 3, 3, 3, 3, 3, 3, 3, 0, 0, 0, 0, 1, 2, 2, 3, 3, 0, 0, 0, 0, 0, 1, 0, 0, 0, 0, 0, 0, 0, 0, 1, 0, 0, 0, 0], "robot_directions": [0, 0, 0, 0, 0, 0, 0, 0, 0, 0, 0, 3, 2, 3, 3, 3, 3, 3, 3, 3, 0, 0, 3, 2, 2, 2, 3, 3, 3, 2, 3, 0, 3, 3, 3, 0, 3, 3], "action_accs": [1, 1, 1, 0, 0, 0, 0, 0, 0, 0, 0, 0, 0, 1, 1, 0, 1, 0, 0, 0, 0, 0, 0, 1, 0, 0, 0, 0, 0, 0, 0, 0, 1, 0, 0, 0, 1], "action_rots": [0, 0, 0, 0, 0, 0, 0, 0, 0, 0, -1, -1, 1, 0, 0, 0, 0, 0, 0, 1, 0, -1, -1, 0, 0, 1, 0, 0, -1, 1, 1, -1, 0, 0, 1, -1, 0], "steps": 37, "is_goal": false}