{"map_file_path": "grid_maps/Ihlen/occ_grid_small.txt", "start_pos": [70, 65], "goal_pos": [91, 11], "robot_rows": [70, 70, 70, 70, 69, 70, 69, 69, 69, 69, 69, 69, 69, 69, 69, 69, 69, 69, 69, 69, 69], "robot_cols": [65, 65, 65, 65, 65, 65, 65, 65, 65, 65, 65, 66, 68, 71, 74, 77, 80, 83, 86, 89, 89], "robot_speeds": [0, 0, 0, 0, 1, 0, 1, 0, 0, 0, 0, 1, 2, 3, 3, 3, 3, 3, 3, 3, 0], "robot_directions": [0, 0, 0, 1, 1, 1, 1, 1, 2, 3, 2, 2, 2, 2, 2, 2, 2, 2, 2, 2, 2], "action_accs": [1, 1, 0, 1, 1, 1, 0, 0, 0, 0, 1, 1, 1, 0, 0, 0, 0, 0, 0, 0], "action_rots": [0, 0, 1, 0, 0, 0, 0, 1, 1, -1, 0, 0, 0, 0, 0, 0, 0, 0, 0, 0], "steps": 20, "is_goal": false}