{"map_file_path": "grid_maps/Ihlen/occ_grid_small.txt", "start_pos": [7, 91], "goal_pos": [15, 20], "robot_rows": [7, 7, 7, 7, 7, 7, 7, 7, 7, 7, 7, 7, 7, 7, 7, 7, 7, 7, 8, 10, 12, 14, 15, 15, 15, 15, 15, 15, 15, 15, 15, 15, 15, 15, 15, 15, 15, 15, 15, 15, 15, 15], "robot_cols": [91, 91, 91, 90, 88, 85, 82, 80, 77, 74, 71, 68, 65, 63, 62, 60, 60, 60, 60, 60, 60, 60, 60, 60, 60, 59, 57, 54, 51, 48, 45, 42, 39, 36, 33, 30, 27, 24, 22, 21, 20, 20], "robot_speeds": [0, 0, 0, 1, 2, 3, 3, 2, 3, 3, 3, 3, 3, 2, 1, 2, 0, 0, 1, 2, 2, 2, 1, 0, 0, 1, 2, 3, 3, 3, 3, 3, 3, 3, 3, 3, 3, 3, 2, 1, 1, 0], "robot_directions": [0, 0, 0, 0, 0, 0, 0, 0, 0, 0, 0, 0, 0, 0, 0, 0, 0, 3, 3, 3, 3, 3, 3, 3, 0, 0, 0, 0, 0, 0, 0, 0, 0, 0, 0, 0, 0, 0, 0, 0, 0, 0], "action_accs": [0, 0, 1, 1, 1, 1, -1, 1, 0, 0, 0, 1, -1, -1, 1, -1, 0, 1, 1, 0, 0, -1, -1, 0, 1, 1, 1, 0, 0, 0, 0, 0, 0, 0, 0, 0, 0, -1, -1, 0, -1], "action_rots": [0, 0, 0, 0, 0, 0, 0, 0, 0, 0, 0, 0, 0, 0, 0, 0, -1, 0, 0, 0, 0, 0, 0, 1, 0, 0, 0, 0, 0, 0, 0, 0, 0, 0, 0, 0, 0, 0, 0, 0, 0], "steps": 41, "is_goal": true}