{"map_file_path": "grid_maps/Ihlen/occ_grid_small.txt", "start_pos": [78, 72], "goal_pos": [91, 11], "robot_rows": [78, 78, 79, 79, 79, 79, 79, 79, 79, 79, 79, 79, 79, 79, 79, 79, 79, 79, 79, 79, 79, 79, 79, 79, 79, 79, 79, 79, 79, 79, 79, 79, 80, 82, 85, 88, 90, 91, 91, 91, 91, 91, 91, 91, 91], "robot_cols": [72, 72, 72, 72, 72, 71, 69, 66, 63, 60, 57, 54, 51, 48, 45, 42, 39, 36, 33, 30, 27, 24, 21, 19, 16, 13, 10, 8, 7, 6, 6, 6, 6, 6, 6, 6, 6, 6, 6, 6, 7, 9, 10, 11, 11], "robot_speeds": [0, 0, 1, 0, 0, 1, 2, 3, 3, 3, 3, 3, 3, 3, 3, 3, 3, 3, 3, 3, 3, 3, 3, 2, 3, 3, 3, 2, 1, 1, 0, 0, 1, 2, 3, 3, 2, 1, 0, 0, 1, 2, 1, 1, 0], "robot_directions": [0, 3, 3, 3, 0, 0, 0, 0, 0, 0, 0, 0, 0, 0, 0, 0, 0, 0, 0, 0, 0, 0, 0, 0, 0, 0, 0, 0, 0, 0, 0, 3, 3, 3, 3, 3, 3, 3, 3, 2, 2, 2, 2, 2, 2], "action_accs": [0, 1, -1, 0, 1, 1, 1, 0, 0, 0, 0, 0, 0, 0, 0, 0, 0, 0, 0, 0, 1, 0, -1, 1, 0, 0, -1, -1, 0, -1, 0, 1, 1, 1, 0, -1, -1, -1, 0, 1, 1, -1, 0, -1], "action_rots": [-1, 0, 0, 1, 0, 0, 0, 0, 0, 0, 0, 0, 0, 0, 0, 0, 0, 0, 0, 0, 0, 0, 0, 0, 0, 0, 0, 0, 0, 0, -1, 0, 0, 0, 0, 0, 0, 0, -1, 0, 0, 0, 0, 0], "steps": 44, "is_goal": true}