{"map_file_path": "grid_maps/Ihlen/occ_grid_small.txt", "start_pos": [91, 3], "goal_pos": [81, 47], "robot_rows": [91, 91, 91, 91, 90, 88, 85, 83, 81, 80, 80, 80, 80, 80, 80, 80, 80, 80, 80, 80, 80, 80, 80, 80, 80, 80, 80, 80, 80, 80, 80, 80, 80, 81, 81], "robot_cols": [3, 2, 2, 2, 2, 2, 2, 2, 2, 2, 2, 2, 2, 3, 5, 8, 11, 14, 17, 20, 23, 26, 29, 32, 35, 38, 41, 43, 45, 46, 47, 47, 47, 47, 47], "robot_speeds": [0, 1, 0, 0, 1, 2, 3, 2, 2, 1, 0, 0, 0, 1, 2, 3, 3, 3, 3, 3, 3, 3, 3, 3, 3, 3, 3, 2, 2, 1, 1, 0, 0, 1, 0], "robot_directions": [0, 0, 0, 1, 1, 1, 1, 1, 1, 1, 1, 2, 2, 2, 2, 2, 2, 2, 2, 2, 2, 2, 2, 2, 2, 2, 2, 2, 2, 2, 2, 2, 3, 3, 3], "action_accs": [1, -1, 0, 1, 1, 1, -1, 0, -1, -1, 0, 0, 1, 1, 1, 0, 0, 0, 0, 0, 0, 0, 0, 0, 0, 0, -1, 0, -1, 0, -1, 0, 1, -1], "action_rots": [0, 0, 1, 0, 0, 0, 0, 0, 0, 0, 1, 0, 0, 0, 0, 0, 0, 0, 0, 0, 0, 0, 0, 0, 0, 0, 0, 0, 0, 0, 0, 1, 0, 0], "steps": 34, "is_goal": true}