{"map_file_path": "grid_maps/Ihlen/occ_grid_small.txt", "start_pos": [40, 27], "goal_pos": [90, 18], "robot_rows": [40, 40, 41, 43, 45, 47, 49, 50, 50, 50, 50, 50, 50, 50, 50, 50, 50, 50, 50, 50, 50, 50, 50, 51, 53, 56, 59, 62, 65, 68, 70, 73, 76, 78, 80, 82, 83, 83, 83, 83, 83, 83, 83, 83, 83, 83, 83, 83, 83, 83, 83, 83, 83, 83, 83, 83, 83, 83, 83, 84, 86, 88, 89, 90, 90, 90, 90, 90, 90, 90, 90, 90, 90], "robot_cols": [27, 27, 27, 27, 27, 27, 27, 27, 27, 27, 28, 30, 33, 35, 38, 41, 44, 46, 48, 50, 51, 51, 51, 51, 51, 51, 51, 51, 51, 51, 51, 51, 51, 51, 51, 51, 51, 51, 51, 51, 50, 48, 45, 42, 39, 36, 33, 30, 27, 24, 21, 18, 15, 12, 9, 7, 6, 6, 6, 6, 6, 6, 6, 6, 6, 6, 7, 9, 12, 15, 17, 18, 18], "robot_speeds": [0, 0, 1, 2, 2, 2, 2, 1, 0, 0, 1, 2, 3, 2, 3, 3, 3, 2, 2, 2, 1, 0, 0, 1, 2, 3, 3, 3, 3, 3, 2, 3, 3, 2, 2, 2, 1, 0, 0, 0, 1, 2, 3, 3, 3, 3, 3, 3, 3, 3, 3, 3, 3, 3, 3, 2, 1, 0, 0, 1, 2, 2, 1, 1, 0, 0, 1, 2, 3, 3, 2, 1, 0], "robot_directions": [0, 3, 3, 3, 3, 3, 3, 3, 3, 2, 2, 2, 2, 2, 2, 2, 2, 2, 2, 2, 2, 2, 3, 3, 3, 3, 3, 3, 3, 3, 3, 3, 3, 3, 3, 3, 3, 3, 0, 0, 0, 0, 0, 0, 0, 0, 0, 0, 0, 0, 0, 0, 0, 0, 0, 0, 0, 0, 3, 3, 3, 3, 3, 3, 3, 2, 2, 2, 2, 2, 2, 2, 2], "action_accs": [0, 1, 1, 0, 0, 0, -1, -1, 0, 1, 1, 1, -1, 1, 0, 1, -1, 0, 0, -1, -1, 0, 1, 1, 1, 0, 0, 0, 0, -1, 1, 0, -1, 0, 0, -1, -1, 0, 0, 1, 1, 1, 0, 0, 0, 0, 0, 0, 0, 0, 0, 0, 0, 0, -1, -1, -1, 0, 1, 1, 0, -1, 0, -1, 0, 1, 1, 1, 0, -1, -1, -1], "action_rots": [-1, 0, 0, 0, 0, 0, 0, 0, -1, 0, 0, 0, 0, 0, 0, 0, 0, 0, 0, 0, 0, 1, 0, 0, 0, 0, 0, 0, 0, 0, 0, 0, 0, 0, 0, 0, 0, 1, 0, 0, 0, 0, 0, 0, 0, 0, 0, 0, 0, 0, 0, 0, 0, 0, 0, 0, 0, -1, 0, 0, 0, 0, 0, 0, -1, 0, 0, 0, 0, 0, 0, 0], "steps": 72, "is_goal": true}