{"map_file_path": "grid_maps/Ihlen/occ_grid_small.txt", "start_pos": [16, 21], "goal_pos": [94, 8], "robot_rows": [16, 16, 16, 16, 16, 16, 16, 16, 16, 16, 16, 16, 16, 16, 16, 16, 16, 16, 16, 16, 17, 19, 22, 25, 28, 30, 32, 35, 38, 41, 44, 47, 50, 53, 56, 59, 62, 65, 68, 71, 74, 76, 79, 82, 84, 84, 84, 84, 83, 83, 83, 83, 83, 83, 83, 83, 83, 83, 83, 83, 83, 83, 83, 83, 83, 83, 83, 83, 83, 83, 84, 86, 89, 92, 94, 95, 95, 95, 95, 95, 95, 95, 94, 94], "robot_cols": [21, 21, 21, 22, 24, 26, 29, 32, 35, 37, 39, 41, 44, 47, 49, 50, 50, 50, 50, 50, 50, 50, 50, 50, 50, 50, 50, 50, 50, 50, 50, 50, 50, 50, 50, 50, 50, 50, 50, 50, 50, 50, 50, 50, 50, 50, 50, 50, 50, 50, 50, 49, 47, 44, 41, 38, 35, 32, 29, 26, 23, 20, 17, 14, 11, 9, 7, 6, 6, 6, 6, 6, 6, 6, 6, 6, 6, 6, 7, 8, 8, 8, 8, 8], "robot_speeds": [0, 0, 0, 1, 2, 2, 3, 3, 3, 2, 2, 2, 3, 3, 2, 1, 0, 0, 0, 0, 1, 2, 3, 3, 3, 2, 2, 3, 3, 3, 3, 3, 3, 3, 3, 3, 3, 3, 3, 3, 3, 2, 3, 3, 2, 0, 0, 0, 1, 0, 0, 1, 2, 3, 3, 3, 3, 3, 3, 3, 3, 3, 3, 3, 3, 2, 2, 1, 0, 0, 1, 2, 3, 3, 2, 1, 0, 0, 1, 1, 0, 0, 1, 0], "robot_directions": [0, 3, 2, 2, 2, 2, 2, 2, 2, 2, 2, 2, 2, 2, 2, 2, 2, 2, 3, 3, 3, 3, 3, 3, 3, 3, 3, 3, 3, 3, 3, 3, 3, 3, 3, 3, 3, 3, 3, 3, 3, 3, 3, 3, 3, 3, 0, 1, 1, 1, 0, 0, 0, 0, 0, 0, 0, 0, 0, 0, 0, 0, 0, 0, 0, 0, 0, 0, 0, 3, 3, 3, 3, 3, 3, 3, 3, 2, 2, 2, 2, 1, 1, 1], "action_accs": [0, 0, 1, 1, 0, 1, 0, 0, -1, 0, 0, 1, 0, -1, -1, -1, 0, 0, 0, 1, 1, 1, 0, 0, -1, 0, 1, 0, 0, 0, 0, 0, 0, 0, 0, 0, 0, 0, 0, 1, -1, 1, 0, -1, -1, 0, 0, 1, -1, 0, 1, 1, 1, 0, 0, 0, 0, 0, 0, 0, 0, 0, 0, 0, -1, 0, -1, -1, 0, 1, 1, 1, 0, -1, -1, -1, 0, 1, 0, -1, 0, 1, -1], "action_rots": [-1, -1, 0, 0, 0, 0, 0, 0, 0, 0, 0, 0, 0, 0, 0, 0, 0, 1, 0, 0, 0, 0, 0, 0, 0, 0, 0, 0, 0, 0, 0, 0, 0, 0, 0, 0, 0, 0, 0, 0, 0, 0, 0, 0, 0, 1, 1, 0, 0, -1, 0, 0, 0, 0, 0, 0, 0, 0, 0, 0, 0, 0, 0, 0, 0, 0, 0, 0, -1, 0, 0, 0, 0, 0, 0, 0, -1, 0, 0, 0, -1, 0, 0], "steps": 83, "is_goal": true}