{"map_file_path": "grid_maps/Ihlen/occ_grid_small.txt", "start_pos": [72, 71], "goal_pos": [18, 56], "robot_rows": [72, 72, 72, 72, 72, 72, 72, 72, 72, 72, 72, 72, 72, 71, 69, 66, 63, 60, 57, 54, 51, 48, 46, 45, 45, 45, 45, 45, 45, 45, 45, 45, 45, 44, 42, 40, 37, 34, 31, 28, 25, 22, 20, 19, 18, 18, 18, 18, 18, 18, 18, 18, 18, 18, 18, 18, 18, 18, 18], "robot_cols": [71, 71, 71, 71, 72, 74, 77, 80, 82, 83, 83, 83, 83, 83, 83, 83, 83, 83, 83, 83, 83, 83, 83, 83, 83, 83, 83, 82, 80, 78, 77, 77, 77, 77, 77, 77, 77, 77, 77, 77, 77, 77, 77, 77, 77, 77, 77, 77, 76, 74, 71, 68, 66, 64, 61, 59, 57, 56, 56], "robot_speeds": [0, 0, 0, 0, 1, 2, 3, 3, 2, 1, 0, 0, 0, 1, 2, 3, 3, 3, 3, 3, 3, 3, 2, 1, 0, 0, 0, 1, 2, 2, 1, 0, 0, 1, 2, 2, 3, 3, 3, 3, 3, 3, 2, 1, 1, 0, 0, 0, 1, 2, 3, 3, 2, 2, 3, 2, 2, 1, 0], "robot_directions": [0, 3, 3, 2, 2, 2, 2, 2, 2, 2, 2, 2, 1, 1, 1, 1, 1, 1, 1, 1, 1, 1, 1, 1, 1, 1, 0, 0, 0, 0, 0, 0, 1, 1, 1, 1, 1, 1, 1, 1, 1, 1, 1, 1, 1, 1, 1, 0, 0, 0, 0, 0, 0, 0, 0, 0, 0, 0, 0], "action_accs": [0, 0, 0, 1, 1, 1, 0, -1, -1, -1, 0, 0, 1, 1, 1, 0, 0, 0, 0, 0, 0, -1, -1, -1, 0, 0, 1, 1, 0, -1, -1, 0, 1, 1, 0, 1, 1, 0, 0, 0, 0, -1, -1, 0, -1, 0, 0, 1, 1, 1, 0, -1, 0, 1, -1, 0, -1, -1], "action_rots": [-1, 0, -1, 0, 0, 0, 0, 0, 0, 0, 0, -1, 0, 0, 0, 0, 0, 0, 0, 0, 0, 0, 0, 0, 0, -1, 0, 0, 0, 0, 0, 1, 0, 0, 0, 0, 0, 0, 0, 0, 0, 0, 0, 0, 0, 0, -1, 0, 0, 0, 0, 0, 0, 0, 0, 0, 0, 0], "steps": 58, "is_goal": true}