{"map_file_path": "grid_maps/Ihlen/occ_grid_small.txt", "start_pos": [11, 41], "goal_pos": [41, 76], "robot_rows": [11, 11, 12, 14, 14, 15, 15, 15, 15, 15, 15, 15, 15, 15, 15, 15, 15, 15, 15, 15, 15, 15, 15, 15, 15, 15, 15, 16, 17, 19, 21, 23, 25, 27, 29, 31, 32, 32, 33, 33], "robot_cols": [41, 41, 41, 41, 41, 41, 41, 41, 41, 41, 41, 42, 44, 46, 48, 50, 52, 54, 56, 58, 60, 63, 66, 69, 68, 68, 68, 68, 68, 68, 68, 68, 68, 68, 68, 68, 68, 68, 68, 68], "robot_speeds": [0, 0, 1, 2, 0, 1, 0, 0, 0, 0, 0, 1, 2, 2, 2, 2, 2, 2, 2, 2, 2, 3, 3, 3, 0, 0, 0, 1, 1, 2, 2, 2, 2, 2, 2, 2, 1, 0, 1, 0], "robot_directions": [0, 3, 3, 3, 3, 3, 3, 2, 3, 3, 2, 2, 2, 2, 2, 2, 2, 2, 2, 2, 2, 2, 2, 2, 2, 2, 3, 3, 3, 3, 3, 3, 3, 3, 3, 3, 3, 3, 3, 3], "action_accs": [0, 1, 1, 1, 1, 1, 0, 0, 0, 0, 1, 1, 0, 0, 0, 0, 0, 0, 0, 0, 1, 0, 0, 0, 0, 0, 1, 0, 1, 0, 0, 0, 0, 0, 0, -1, 1, 1, 0], "action_rots": [-1, 0, 0, 0, 0, 0, -1, 1, 0, -1, 0, 0, 0, 0, 0, 0, 0, 0, 0, 0, 0, 0, 0, 0, 0, 1, 0, 0, 0, 0, 0, 0, 0, 0, 0, 0, 0, 0, 0], "steps": 39, "is_goal": false}