{"map_file_path": "grid_maps/Ihlen/occ_grid_small.txt", "start_pos": [29, 68], "goal_pos": [9, 28], "robot_rows": [29, 29, 29, 28, 26, 23, 20, 17, 14, 12, 10, 9, 9, 9, 9, 9, 9, 9, 9, 9, 9, 9, 9, 9, 9, 9, 9, 9, 9, 9, 9], "robot_cols": [68, 68, 68, 68, 68, 68, 68, 68, 68, 68, 68, 68, 68, 68, 67, 65, 62, 59, 56, 53, 50, 47, 44, 41, 38, 35, 32, 30, 29, 28, 28], "robot_speeds": [0, 0, 0, 1, 2, 3, 3, 3, 3, 2, 2, 1, 0, 0, 1, 2, 3, 3, 3, 3, 3, 3, 3, 3, 3, 3, 3, 2, 1, 1, 0], "robot_directions": [0, 0, 1, 1, 1, 1, 1, 1, 1, 1, 1, 1, 1, 0, 0, 0, 0, 0, 0, 0, 0, 0, 0, 0, 0, 0, 0, 0, 0, 0, 0], "action_accs": [0, 0, 1, 1, 1, 0, 0, 0, -1, 0, -1, -1, 0, 1, 1, 1, 0, 0, 0, 0, 0, 0, 0, 0, 0, 0, -1, -1, 0, -1], "action_rots": [0, 1, 0, 0, 0, 0, 0, 0, 0, 0, 0, 0, -1, 0, 0, 0, 0, 0, 0, 0, 0, 0, 0, 0, 0, 0, 0, 0, 0, 0], "steps": 30, "is_goal": true}