{"map_file_path": "grid_maps/Ihlen/occ_grid_small.txt", "start_pos": [62, 86], "goal_pos": [27, 52], "robot_rows": [62, 62, 61, 59, 56, 53, 51, 50, 49, 49, 49, 49, 49, 49, 49, 49, 49, 49, 49, 49, 49, 49, 49, 49, 49, 49, 49, 49, 48, 46, 44, 41, 38, 36, 33, 30, 28, 27, 26, 26, 26, 26, 27, 27], "robot_cols": [86, 86, 86, 86, 86, 86, 86, 86, 86, 86, 86, 85, 83, 80, 77, 74, 71, 68, 65, 63, 60, 57, 55, 53, 52, 52, 52, 52, 52, 52, 52, 52, 52, 52, 52, 52, 52, 52, 52, 52, 52, 52, 52, 52], "robot_speeds": [0, 0, 1, 2, 3, 3, 2, 1, 1, 0, 0, 1, 2, 3, 3, 3, 3, 3, 3, 2, 3, 3, 2, 2, 1, 0, 0, 0, 1, 2, 2, 3, 3, 2, 3, 3, 2, 1, 1, 0, 0, 0, 1, 0], "robot_directions": [0, 1, 1, 1, 1, 1, 1, 1, 1, 1, 0, 0, 0, 0, 0, 0, 0, 0, 0, 0, 0, 0, 0, 0, 0, 0, 1, 1, 1, 1, 1, 1, 1, 1, 1, 1, 1, 1, 1, 1, 0, 3, 3, 3], "action_accs": [0, 1, 1, 1, 0, -1, -1, 0, -1, 0, 1, 1, 1, 0, 0, 0, 0, 0, -1, 1, 0, -1, 0, -1, -1, 0, 0, 1, 1, 0, 1, 0, -1, 1, 0, -1, -1, 0, -1, 0, 0, 1, -1], "action_rots": [1, 0, 0, 0, 0, 0, 0, 0, 0, -1, 0, 0, 0, 0, 0, 0, 0, 0, 0, 0, 0, 0, 0, 0, 0, 1, 0, 0, 0, 0, 0, 0, 0, 0, 0, 0, 0, 0, 0, -1, -1, 0, 0], "steps": 43, "is_goal": true}