{"map_file_path": "grid_maps/Ihlen/occ_grid_small.txt", "start_pos": [89, 68], "goal_pos": [56, 89], "robot_rows": [89, 89, 88, 86, 83, 80, 78, 78, 78, 78, 79, 79, 79, 79, 79, 79, 79, 79, 79, 79, 79, 78, 76, 73, 70, 67, 64, 61, 58, 55, 53, 52, 52, 52, 52, 52, 52, 52, 52, 52, 52, 52, 52, 52, 52, 52, 52, 52, 52, 52, 53, 55, 56, 56, 56, 56, 56, 56], "robot_cols": [68, 68, 68, 68, 68, 68, 68, 68, 68, 68, 68, 68, 68, 67, 65, 62, 59, 57, 56, 56, 56, 56, 56, 56, 56, 56, 56, 56, 56, 56, 56, 56, 56, 56, 57, 59, 62, 65, 68, 71, 74, 77, 80, 83, 86, 88, 90, 91, 91, 91, 91, 91, 91, 91, 91, 90, 89, 89], "robot_speeds": [0, 0, 1, 2, 3, 3, 2, 0, 0, 0, 1, 0, 0, 1, 2, 3, 3, 2, 1, 0, 0, 1, 2, 3, 3, 3, 3, 3, 3, 3, 2, 1, 0, 0, 1, 2, 3, 3, 3, 3, 3, 3, 3, 3, 3, 2, 2, 1, 0, 0, 1, 2, 1, 0, 0, 1, 1, 0], "robot_directions": [0, 1, 1, 1, 1, 1, 1, 1, 0, 3, 3, 3, 0, 0, 0, 0, 0, 0, 0, 0, 1, 1, 1, 1, 1, 1, 1, 1, 1, 1, 1, 1, 1, 2, 2, 2, 2, 2, 2, 2, 2, 2, 2, 2, 2, 2, 2, 2, 2, 3, 3, 3, 3, 3, 0, 0, 0, 0], "action_accs": [0, 1, 1, 1, 0, -1, -1, 0, 0, 1, -1, 0, 1, 1, 1, 0, -1, -1, -1, 0, 1, 1, 1, 0, 0, 0, 0, 0, 0, -1, -1, -1, 0, 1, 1, 1, 0, 0, 0, 0, 0, 0, 0, 0, -1, 0, -1, -1, 0, 1, 1, -1, -1, 0, 1, 0, -1], "action_rots": [1, 0, 0, 0, 0, 0, 0, -1, -1, 0, 0, 1, 0, 0, 0, 0, 0, 0, 0, 1, 0, 0, 0, 0, 0, 0, 0, 0, 0, 0, 0, 0, 1, 0, 0, 0, 0, 0, 0, 0, 0, 0, 0, 0, 0, 0, 0, 0, 1, 0, 0, 0, 0, 1, 0, 0, 0], "steps": 57, "is_goal": true}