{"map_file_path": "grid_maps/Ihlen/occ_grid_small.txt", "start_pos": [25, 68], "goal_pos": [63, 52], "robot_rows": [25, 25, 25, 25, 25, 25, 25, 25, 25, 25, 25, 26, 28, 31, 34, 37, 40, 43, 46, 49, 52, 55, 58, 60, 62, 63, 63], "robot_cols": [68, 67, 65, 62, 59, 56, 54, 53, 52, 52, 52, 52, 52, 52, 52, 52, 52, 52, 52, 52, 52, 52, 52, 52, 52, 52, 52], "robot_speeds": [0, 1, 2, 3, 3, 3, 2, 1, 1, 0, 0, 1, 2, 3, 3, 3, 3, 3, 3, 3, 3, 3, 3, 2, 2, 1, 0], "robot_directions": [0, 0, 0, 0, 0, 0, 0, 0, 0, 0, 3, 3, 3, 3, 3, 3, 3, 3, 3, 3, 3, 3, 3, 3, 3, 3, 3], "action_accs": [1, 1, 1, 0, 0, -1, -1, 0, -1, 0, 1, 1, 1, 0, 0, 0, 0, 1, 0, 0, 0, 0, -1, 0, -1, -1], "action_rots": [0, 0, 0, 0, 0, 0, 0, 0, 0, -1, 0, 0, 0, 0, 0, 0, 0, 0, 0, 0, 0, 0, 0, 0, 0, 0], "steps": 26, "is_goal": true}