{"map_file_path": "grid_maps/Ihlen/occ_grid_small.txt", "start_pos": [89, 26], "goal_pos": [13, 53], "robot_rows": [89, 89, 88, 86, 83, 81, 80, 79, 79, 79, 79, 79, 79, 79, 79, 79, 79, 79, 79, 79, 79, 79, 79, 79, 79, 79, 79, 79, 79, 78, 76, 73, 70, 67, 64, 62, 60, 57, 54, 51, 48, 45, 42, 39, 36, 33, 30, 27, 24, 22, 20, 17, 15, 14, 13, 13], "robot_cols": [26, 26, 26, 26, 26, 26, 26, 26, 26, 26, 27, 29, 32, 35, 38, 41, 44, 47, 50, 52, 54, 55, 55, 55, 55, 54, 53, 53, 53, 53, 53, 53, 53, 53, 53, 53, 53, 53, 53, 53, 53, 53, 53, 53, 53, 53, 53, 53, 53, 53, 53, 53, 53, 53, 53, 53], "robot_speeds": [0, 0, 1, 2, 3, 2, 1, 1, 0, 0, 1, 2, 3, 3, 3, 3, 3, 3, 3, 2, 2, 1, 0, 0, 0, 1, 1, 0, 0, 1, 2, 3, 3, 3, 3, 2, 2, 3, 3, 3, 3, 3, 3, 3, 3, 3, 3, 3, 3, 2, 2, 3, 2, 1, 1, 0], "robot_directions": [0, 1, 1, 1, 1, 1, 1, 1, 1, 2, 2, 2, 2, 2, 2, 2, 2, 2, 2, 2, 2, 2, 2, 3, 0, 0, 0, 0, 1, 1, 1, 1, 1, 1, 1, 1, 1, 1, 1, 1, 1, 1, 1, 1, 1, 1, 1, 1, 1, 1, 1, 1, 1, 1, 1, 1], "action_accs": [0, 1, 1, 1, -1, -1, 0, -1, 0, 1, 1, 1, 0, 0, 0, 0, 0, 0, -1, 0, -1, -1, 0, 0, 1, 0, -1, 0, 1, 1, 1, 0, 0, 0, -1, 0, 1, 0, 0, 0, 0, 1, 0, 0, 0, 0, 0, 0, -1, 0, 1, -1, -1, 0, -1], "action_rots": [1, 0, 0, 0, 0, 0, 0, 0, 1, 0, 0, 0, 0, 0, 0, 0, 0, 0, 0, 0, 0, 0, 1, 1, 0, 0, 0, 1, 0, 0, 0, 0, 0, 0, 0, 0, 0, 0, 0, 0, 0, 0, 0, 0, 0, 0, 0, 0, 0, 0, 0, 0, 0, 0, 0], "steps": 55, "is_goal": true}