{"map_file_path": "grid_maps/Ihlen/occ_grid_small.txt", "start_pos": [9, 83], "goal_pos": [35, 1], "robot_rows": [9, 9, 9, 9, 9, 9, 9, 10, 12, 15, 18, 21, 23, 26, 29, 32, 35, 38, 41, 44, 46, 48, 49, 49, 49, 49, 49, 49, 49, 49, 49, 49, 49, 49, 49, 49, 49, 49, 49, 49, 49, 49, 49, 49, 49, 49, 49, 49, 49, 50, 52, 54, 56, 57, 58, 58, 58, 58, 58, 58, 58, 58, 58, 58, 58, 58, 58, 58, 58, 58, 57, 55, 52, 49, 46, 43, 40, 38, 36, 35, 35, 35, 35, 35], "robot_cols": [83, 82, 81, 80, 79, 79, 79, 79, 79, 79, 79, 79, 79, 79, 79, 79, 79, 79, 79, 79, 79, 79, 79, 79, 79, 79, 79, 78, 77, 75, 72, 69, 66, 63, 60, 57, 54, 51, 48, 45, 42, 39, 36, 33, 31, 29, 28, 28, 28, 28, 28, 28, 28, 28, 28, 28, 28, 27, 25, 22, 19, 16, 13, 10, 7, 5, 3, 2, 2, 2, 2, 2, 2, 2, 2, 2, 2, 2, 2, 2, 2, 2, 1, 1], "robot_speeds": [0, 1, 1, 1, 1, 0, 0, 1, 2, 3, 3, 3, 2, 3, 3, 3, 3, 3, 3, 3, 2, 2, 1, 0, 0, 0, 0, 1, 1, 2, 3, 3, 3, 3, 3, 3, 3, 3, 3, 3, 3, 3, 3, 3, 2, 2, 1, 0, 0, 1, 2, 2, 2, 1, 1, 0, 0, 1, 2, 3, 3, 3, 3, 3, 3, 2, 2, 1, 0, 0, 1, 2, 3, 3, 3, 3, 3, 2, 2, 1, 0, 0, 1, 0], "robot_directions": [0, 0, 0, 0, 0, 0, 3, 3, 3, 3, 3, 3, 3, 3, 3, 3, 3, 3, 3, 3, 3, 3, 3, 3, 3, 3, 0, 0, 0, 0, 0, 0, 0, 0, 0, 0, 0, 0, 0, 0, 0, 0, 0, 0, 0, 0, 0, 0, 3, 3, 3, 3, 3, 3, 3, 3, 0, 0, 0, 0, 0, 0, 0, 0, 0, 0, 0, 0, 0, 1, 1, 1, 1, 1, 1, 1, 1, 1, 1, 1, 1, 0, 0, 0], "action_accs": [1, 0, 0, 0, -1, 0, 1, 1, 1, 0, 0, -1, 1, 0, 0, 0, 0, 0, 0, -1, 0, -1, -1, 0, 0, 0, 1, 0, 1, 1, 1, 0, 0, 0, 0, 0, 1, 0, 0, 0, 1, 0, 0, -1, 0, -1, -1, 0, 1, 1, 0, 0, -1, 0, -1, 0, 1, 1, 1, 0, 0, 0, 0, 0, -1, 0, -1, -1, 0, 1, 1, 1, 0, 0, 0, 0, -1, 0, -1, -1, 0, 1, -1], "action_rots": [0, 0, 0, 0, 0, -1, 0, 0, 0, 0, 0, 0, 0, 0, 0, 0, 0, 0, 0, 0, 0, 0, 0, 0, 0, 1, 0, 0, 0, 0, 0, 0, 0, 0, 0, 0, 0, 0, 0, 0, 0, 0, 0, 0, 0, 0, 0, -1, 0, 0, 0, 0, 0, 0, 0, 1, 0, 0, 0, 0, 0, 0, 0, 0, 0, 0, 0, 0, 1, 0, 0, 0, 0, 0, 0, 0, 0, 0, 0, 0, -1, 0, 0], "steps": 83, "is_goal": true}