{"map_file_path": "grid_maps/Ihlen/occ_grid_small.txt", "start_pos": [94, 10], "goal_pos": [63, 87], "robot_rows": [94, 94, 94, 94, 94, 94, 93, 91, 88, 85, 82, 80, 79, 78, 78, 78, 78, 78, 79, 79, 79, 79, 79, 79, 79, 79, 79, 79, 79, 79, 79, 79, 79, 79, 79, 79, 79, 79, 79, 79, 79, 79, 78, 76, 74, 71, 68, 65, 62, 59, 56, 54, 53, 53, 52, 52, 52, 52, 52, 52, 52, 52, 52, 52, 52, 52, 52, 52, 52, 52, 52, 52, 52, 52, 53, 55, 58, 60, 62, 63, 64, 64, 64, 64, 64, 64, 64, 63, 63, 63, 63, 63], "robot_cols": [10, 9, 7, 6, 6, 6, 6, 6, 6, 6, 6, 6, 6, 6, 6, 6, 6, 6, 6, 6, 6, 7, 9, 11, 14, 17, 20, 23, 26, 29, 32, 35, 38, 41, 44, 46, 49, 51, 53, 54, 54, 54, 54, 54, 54, 54, 54, 54, 54, 54, 54, 54, 54, 54, 54, 54, 54, 55, 57, 60, 63, 66, 69, 72, 75, 78, 81, 84, 86, 87, 88, 88, 88, 88, 88, 88, 88, 88, 88, 88, 88, 88, 88, 87, 86, 86, 86, 86, 86, 86, 87, 87], "robot_speeds": [0, 1, 2, 1, 0, 0, 1, 2, 3, 3, 3, 2, 1, 1, 0, 0, 0, 0, 1, 0, 0, 1, 2, 2, 3, 3, 3, 3, 3, 3, 3, 3, 3, 3, 3, 2, 3, 2, 2, 1, 0, 0, 1, 2, 2, 3, 3, 3, 3, 3, 3, 2, 1, 0, 1, 0, 0, 1, 2, 3, 3, 3, 3, 3, 3, 3, 3, 3, 2, 1, 1, 0, 0, 0, 1, 2, 3, 2, 2, 1, 1, 0, 0, 1, 1, 0, 0, 1, 0, 0, 1, 0], "robot_directions": [0, 0, 0, 0, 0, 1, 1, 1, 1, 1, 1, 1, 1, 1, 1, 0, 3, 3, 3, 3, 2, 2, 2, 2, 2, 2, 2, 2, 2, 2, 2, 2, 2, 2, 2, 2, 2, 2, 2, 2, 2, 1, 1, 1, 1, 1, 1, 1, 1, 1, 1, 1, 1, 1, 1, 1, 2, 2, 2, 2, 2, 2, 2, 2, 2, 2, 2, 2, 2, 2, 2, 2, 3, 3, 3, 3, 3, 3, 3, 3, 3, 3, 0, 0, 0, 0, 1, 1, 1, 2, 2, 2], "action_accs": [1, 1, -1, -1, 0, 1, 1, 1, 0, 0, -1, -1, 0, -1, 0, 0, 0, 1, -1, 0, 1, 1, 0, 1, 0, 0, 0, 0, 0, 0, 0, 0, 0, 0, -1, 1, -1, 0, -1, -1, 0, 1, 1, 0, 1, 0, 0, 0, 0, 0, -1, -1, -1, 1, -1, 0, 1, 1, 1, 0, 0, 0, 0, 0, 0, 0, 0, -1, -1, 0, -1, 0, 0, 1, 1, 1, -1, 0, -1, 0, -1, 0, 1, 0, -1, 0, 1, -1, 0, 1, -1], "action_rots": [0, 0, 0, 0, 1, 0, 0, 0, 0, 0, 0, 0, 0, 0, -1, -1, 0, 0, 0, -1, 0, 0, 0, 0, 0, 0, 0, 0, 0, 0, 0, 0, 0, 0, 0, 0, 0, 0, 0, 0, -1, 0, 0, 0, 0, 0, 0, 0, 0, 0, 0, 0, 0, 0, 0, 1, 0, 0, 0, 0, 0, 0, 0, 0, 0, 0, 0, 0, 0, 0, 0, 1, 0, 0, 0, 0, 0, 0, 0, 0, 0, 1, 0, 0, 0, 1, 0, 0, 1, 0, 0], "steps": 91, "is_goal": true}