{"map_file_path": "grid_maps/Ihlen/occ_grid_small.txt", "start_pos": [43, 65], "goal_pos": [79, 48], "robot_rows": [43, 43, 44, 46, 49, 51, 52, 52, 52, 52, 52, 52, 52, 52, 52, 52, 52, 52, 52, 53, 55, 57, 60, 63, 66, 69, 72, 75, 77, 78, 79, 79, 79, 79, 79, 79, 79, 79, 79, 79], "robot_cols": [65, 65, 65, 65, 65, 65, 65, 65, 65, 64, 62, 59, 56, 53, 51, 50, 49, 49, 49, 49, 49, 49, 49, 49, 49, 49, 49, 49, 49, 49, 49, 49, 49, 48, 47, 47, 47, 47, 48, 48], "robot_speeds": [0, 0, 1, 2, 3, 2, 1, 0, 0, 1, 2, 3, 3, 3, 2, 1, 1, 0, 0, 1, 2, 2, 3, 3, 3, 3, 3, 3, 2, 1, 1, 0, 0, 1, 1, 0, 0, 0, 1, 0], "robot_directions": [0, 3, 3, 3, 3, 3, 3, 3, 0, 0, 0, 0, 0, 0, 0, 0, 0, 0, 3, 3, 3, 3, 3, 3, 3, 3, 3, 3, 3, 3, 3, 3, 0, 0, 0, 0, 3, 2, 2, 2], "action_accs": [0, 1, 1, 1, -1, -1, -1, 0, 1, 1, 1, 0, 0, -1, -1, 0, 0, 0, 1, 1, 0, 1, 0, 0, 0, 0, 0, -1, -1, 0, -1, 0, 1, 0, -1, 0, 0, 1, -1], "action_rots": [-1, 0, 0, 0, 0, 0, 0, 1, 0, 0, 0, 0, 0, 0, 0, 0, 0, -1, 0, 0, 0, 0, 0, 0, 0, 0, 0, 0, 0, 0, 0, 1, 0, 0, 0, -1, -1, 0, 0], "steps": 39, "is_goal": true}