{"map_file_path": "grid_maps/Ihlen/occ_grid_small.txt", "start_pos": [89, 1], "goal_pos": [13, 34], "robot_rows": [89, 89, 89, 89, 89, 89, 89, 90, 92, 95, 95, 95, 95, 95, 95, 95, 95, 95, 95, 95, 95, 95, 95, 95, 95, 95, 95, 95, 95, 95, 94, 92, 92], "robot_cols": [1, 1, 1, 1, 1, 1, 1, 1, 1, 1, 1, 1, 1, 1, 1, 1, 1, 1, 2, 4, 7, 10, 13, 16, 19, 17, 17, 17, 17, 17, 17, 17, 17], "robot_speeds": [0, 0, 0, 0, 0, 0, 0, 1, 2, 3, 0, 0, 0, 0, 0, 0, 0, 0, 1, 2, 3, 3, 3, 3, 3, 0, 0, 0, 0, 0, 1, 2, 0], "robot_directions": [0, 3, 2, 1, 0, 0, 3, 3, 3, 3, 3, 3, 0, 0, 0, 0, 1, 2, 2, 2, 2, 2, 2, 2, 2, 2, 2, 1, 0, 1, 1, 1, 1], "action_accs": [0, 0, 0, 0, 0, 0, 1, 1, 1, 0, -1, 0, 1, 0, 1, 0, 0, 1, 1, 1, 1, 1, 1, 0, 0, -1, 0, 0, 0, 1, 1, 1], "action_rots": [-1, -1, -1, -1, 0, -1, 0, 0, 0, 0, 0, 1, 0, 0, 0, 1, 1, 0, 0, 0, 0, 0, 0, 0, 0, 0, -1, -1, 1, 0, 0, 0], "steps": 32, "is_goal": false}