{"map_file_path": "grid_maps/Ihlen/occ_grid_small.txt", "start_pos": [15, 42], "goal_pos": [82, 35], "robot_rows": [15, 15, 15, 15, 15, 15, 15, 15, 15, 15, 16, 18, 21, 24, 27, 30, 33, 36, 39, 42, 45, 48, 51, 53, 56, 59, 62, 65, 68, 71, 74, 77, 79, 81, 82, 82, 82, 82, 82, 82, 82, 82, 82, 82, 82, 82, 82, 82, 82, 82, 82, 82], "robot_cols": [42, 42, 42, 43, 45, 47, 49, 50, 50, 50, 50, 50, 50, 50, 50, 50, 50, 50, 50, 50, 50, 50, 50, 50, 50, 50, 50, 50, 50, 50, 50, 50, 50, 50, 50, 50, 50, 49, 47, 44, 41, 38, 36, 34, 33, 33, 33, 33, 33, 34, 35, 35], "robot_speeds": [0, 0, 0, 1, 2, 2, 2, 1, 0, 0, 1, 2, 3, 3, 3, 3, 3, 3, 3, 3, 3, 3, 3, 2, 3, 3, 3, 3, 3, 3, 3, 3, 2, 2, 1, 0, 0, 1, 2, 3, 3, 3, 2, 2, 1, 0, 0, 0, 0, 1, 1, 0], "robot_directions": [0, 3, 2, 2, 2, 2, 2, 2, 2, 3, 3, 3, 3, 3, 3, 3, 3, 3, 3, 3, 3, 3, 3, 3, 3, 3, 3, 3, 3, 3, 3, 3, 3, 3, 3, 3, 0, 0, 0, 0, 0, 0, 0, 0, 0, 0, 3, 3, 2, 2, 2, 2], "action_accs": [0, 0, 1, 1, 0, 0, -1, -1, 0, 1, 1, 1, 0, 0, 0, 0, 0, 0, 0, 0, 0, 0, -1, 1, 0, 1, 0, 0, 0, 0, 0, -1, 0, -1, -1, 0, 1, 1, 1, 0, 0, -1, 0, -1, -1, 0, 0, 0, 1, 0, -1], "action_rots": [-1, -1, 0, 0, 0, 0, 0, 0, 1, 0, 0, 0, 0, 0, 0, 0, 0, 0, 0, 0, 0, 0, 0, 0, 0, 0, 0, 0, 0, 0, 0, 0, 0, 0, 0, 1, 0, 0, 0, 0, 0, 0, 0, 0, 0, -1, 0, -1, 0, 0, 0], "steps": 51, "is_goal": true}