{"map_file_path": "grid_maps/Ihlen/occ_grid_small.txt", "start_pos": [54, 79], "goal_pos": [30, 50], "robot_rows": [54, 54, 55, 57, 56, 56, 57, 57, 57, 57, 57, 57, 57, 57, 57, 57, 57, 57, 57, 57, 57, 57, 56, 54, 51, 48, 45, 42, 43], "robot_cols": [79, 79, 79, 79, 79, 79, 79, 79, 79, 79, 79, 79, 79, 79, 79, 78, 76, 73, 70, 70, 70, 70, 70, 70, 70, 70, 70, 70, 70], "robot_speeds": [0, 0, 1, 2, 0, 0, 1, 0, 0, 0, 0, 0, 0, 0, 0, 1, 2, 3, 3, 0, 0, 0, 1, 2, 3, 3, 3, 3, 0], "robot_directions": [0, 3, 3, 3, 3, 3, 3, 3, 3, 3, 3, 3, 0, 1, 0, 0, 0, 0, 0, 0, 0, 1, 1, 1, 1, 1, 1, 1, 1], "action_accs": [0, 1, 1, 0, -1, 1, 0, -1, 0, 0, 1, 0, 0, 0, 1, 1, 1, 1, 0, -1, 0, 1, 1, 1, 1, 1, 1, 0], "action_rots": [-1, 0, 0, 0, 0, 0, 0, 0, 0, 0, 0, 1, 1, -1, 0, 0, 0, 0, 0, 0, 1, 0, 0, 0, 0, 0, 0, 0], "steps": 28, "is_goal": false}