{"map_file_path": "grid_maps/Ihlen/occ_grid_small.txt", "start_pos": [7, 94], "goal_pos": [54, 64], "robot_rows": [7, 7, 7, 7, 7, 7, 7, 7, 7, 7, 7, 7, 8, 10, 13, 16, 19, 22, 25, 28, 30, 33, 36, 39, 42, 45, 48, 51, 53, 54, 54, 54, 54, 54, 54, 54, 54, 54, 54, 54, 54, 54, 54, 54, 54, 54, 54], "robot_cols": [94, 93, 91, 89, 86, 83, 81, 80, 79, 79, 79, 79, 79, 79, 79, 79, 79, 79, 79, 79, 79, 79, 79, 79, 79, 79, 79, 79, 79, 79, 79, 79, 78, 76, 73, 70, 67, 64, 62, 61, 61, 61, 61, 62, 63, 64, 64], "robot_speeds": [0, 1, 2, 2, 3, 3, 2, 1, 1, 0, 0, 0, 1, 2, 3, 3, 3, 3, 3, 3, 2, 3, 3, 3, 3, 3, 3, 3, 2, 1, 0, 0, 1, 2, 3, 3, 3, 3, 2, 1, 0, 0, 0, 1, 1, 1, 0], "robot_directions": [0, 0, 0, 0, 0, 0, 0, 0, 0, 0, 3, 3, 3, 3, 3, 3, 3, 3, 3, 3, 3, 3, 3, 3, 3, 3, 3, 3, 3, 3, 3, 0, 0, 0, 0, 0, 0, 0, 0, 0, 0, 3, 2, 2, 2, 2, 2], "action_accs": [1, 1, 0, 1, 0, -1, -1, 0, -1, 0, 0, 1, 1, 1, 0, 0, 0, 0, 0, -1, 1, 0, 0, 0, 0, 0, 1, -1, -1, -1, 0, 1, 1, 1, 0, 0, 0, -1, -1, -1, 0, 0, 1, 0, 0, -1], "action_rots": [0, 0, 0, 0, 0, 0, 0, 0, 0, -1, 0, 0, 0, 0, 0, 0, 0, 0, 0, 0, 0, 0, 0, 0, 0, 0, 0, 0, 0, 0, 1, 0, 0, 0, 0, 0, 0, 0, 0, 0, -1, -1, 0, 0, 0, 0], "steps": 46, "is_goal": true}