{"map_file_path": "grid_maps/Ihlen/occ_grid_small.txt", "start_pos": [90, 61], "goal_pos": [19, 78], "robot_rows": [90, 90, 90, 89, 87, 84, 82, 80, 79, 79, 79, 79, 79, 79, 79, 79, 79, 79, 78, 76, 73, 70, 67, 64, 61, 58, 55, 52, 49, 47, 46, 46, 46, 46, 46, 46, 45, 43, 40, 38, 35, 32, 29, 26, 23, 21, 19, 18, 18, 18, 18, 18, 18, 18, 18, 18, 18, 18, 18, 18, 18, 18, 18, 18, 18, 19, 19, 19, 19, 19, 19, 19], "robot_cols": [61, 61, 61, 61, 61, 61, 61, 61, 61, 61, 61, 60, 58, 56, 55, 55, 55, 55, 55, 55, 55, 55, 55, 55, 55, 55, 55, 55, 55, 55, 55, 55, 55, 54, 54, 54, 54, 54, 54, 54, 54, 54, 54, 54, 54, 54, 54, 54, 54, 54, 55, 57, 60, 63, 65, 68, 71, 73, 75, 77, 79, 80, 80, 80, 80, 80, 80, 80, 80, 79, 78, 78], "robot_speeds": [0, 0, 0, 1, 2, 3, 2, 2, 1, 0, 0, 1, 2, 2, 1, 0, 0, 0, 1, 2, 3, 3, 3, 3, 3, 3, 3, 3, 3, 2, 1, 0, 0, 1, 0, 0, 1, 2, 3, 2, 3, 3, 3, 3, 3, 2, 2, 1, 0, 0, 1, 2, 3, 3, 2, 3, 3, 2, 2, 2, 2, 1, 0, 0, 0, 1, 0, 0, 0, 1, 1, 0], "robot_directions": [0, 1, 1, 1, 1, 1, 1, 1, 1, 1, 0, 0, 0, 0, 0, 0, 1, 1, 1, 1, 1, 1, 1, 1, 1, 1, 1, 1, 1, 1, 1, 1, 0, 0, 0, 1, 1, 1, 1, 1, 1, 1, 1, 1, 1, 1, 1, 1, 1, 2, 2, 2, 2, 2, 2, 2, 2, 2, 2, 2, 2, 2, 2, 3, 3, 3, 3, 3, 0, 0, 0, 0], "action_accs": [0, 0, 1, 1, 1, -1, 0, -1, -1, 0, 1, 1, 0, -1, -1, 0, 0, 1, 1, 1, 0, 0, 0, 0, 0, 0, 0, 0, -1, -1, -1, 0, 1, -1, 0, 1, 1, 1, -1, 1, 0, 0, 1, 0, -1, 0, -1, -1, 0, 1, 1, 1, 0, -1, 1, 0, -1, 0, 0, 0, -1, -1, 0, 0, 1, -1, 0, 0, 1, 0, -1], "action_rots": [1, 0, 0, 0, 0, 0, 0, 0, 0, -1, 0, 0, 0, 0, 0, 1, 0, 0, 0, 0, 0, 0, 0, 0, 0, 0, 0, 0, 0, 0, 0, -1, 0, 0, 1, 0, 0, 0, 0, 0, 0, 0, 0, 0, 0, 0, 0, 0, 1, 0, 0, 0, 0, 0, 0, 0, 0, 0, 0, 0, 0, 0, 1, 0, 0, 0, 0, 1, 0, 0, 0], "steps": 71, "is_goal": true}