{"map_file_path": "grid_maps/Ihlen/occ_grid_small.txt", "start_pos": [13, 9], "goal_pos": [90, 4], "robot_rows": [13, 13, 13, 13, 13, 14, 16, 19, 22, 25, 25, 25, 26, 26, 27, 27, 27, 27, 27, 27, 27], "robot_cols": [9, 9, 9, 9, 9, 9, 9, 9, 9, 9, 9, 9, 9, 9, 9, 9, 9, 9, 9, 9, 9], "robot_speeds": [0, 0, 0, 0, 0, 1, 2, 3, 3, 3, 0, 0, 1, 0, 1, 0, 0, 0, 0, 0, 0], "robot_directions": [0, 1, 1, 2, 3, 3, 3, 3, 3, 3, 3, 3, 3, 3, 3, 3, 3, 0, 3, 3, 3], "action_accs": [0, 0, 0, 0, 1, 1, 1, 1, 1, 0, -1, 1, 1, 1, 0, 0, 0, 0, 1, 1], "action_rots": [1, 0, 1, 1, 0, 0, 0, 0, 0, 0, 0, 0, 0, 0, 0, 0, 1, -1, 0, 0], "steps": 20, "is_goal": false}