{"map_file_path": "grid_maps/Ihlen/occ_grid_small.txt", "start_pos": [24, 9], "goal_pos": [17, 54], "robot_rows": [24, 24, 23, 21, 20, 18, 17, 16, 16, 16, 16, 16, 16, 16, 16, 16, 16, 16, 16, 16, 16, 16, 16, 16, 16, 16, 16, 16, 16, 16, 17, 17], "robot_cols": [9, 9, 9, 9, 9, 9, 9, 9, 9, 9, 10, 11, 13, 16, 19, 22, 25, 28, 31, 34, 37, 40, 42, 45, 48, 51, 53, 54, 54, 54, 54, 54], "robot_speeds": [0, 0, 1, 2, 1, 2, 1, 1, 0, 0, 1, 1, 2, 3, 3, 3, 3, 3, 3, 3, 3, 3, 2, 3, 3, 3, 2, 1, 0, 0, 1, 0], "robot_directions": [0, 1, 1, 1, 1, 1, 1, 1, 1, 2, 2, 2, 2, 2, 2, 2, 2, 2, 2, 2, 2, 2, 2, 2, 2, 2, 2, 2, 2, 3, 3, 3], "action_accs": [0, 1, 1, -1, 1, -1, 0, -1, 0, 1, 0, 1, 1, 0, 0, 0, 0, 0, 0, 0, 0, -1, 1, 0, 0, -1, -1, -1, 0, 1, -1], "action_rots": [1, 0, 0, 0, 0, 0, 0, 0, 1, 0, 0, 0, 0, 0, 0, 0, 0, 0, 0, 0, 0, 0, 0, 0, 0, 0, 0, 0, 1, 0, 0], "steps": 31, "is_goal": true}