{"map_file_path": "grid_maps/Ihlen/occ_grid_small.txt", "start_pos": [17, 46], "goal_pos": [85, 87], "robot_rows": [17, 17, 17, 17, 17, 17, 17, 17, 17, 17, 17, 17, 17, 17, 17, 17, 17, 17, 17, 17, 17, 17, 17, 17, 17, 17, 17, 17, 17, 17, 17, 17, 17, 17, 17, 17, 17, 17, 17, 17, 17, 17, 17, 17, 17], "robot_cols": [46, 46, 46, 46, 45, 45, 45, 45, 46, 48, 51, 54, 57, 60, 63, 66, 69, 72, 74, 77, 79, 82, 85, 85, 85, 85, 84, 82, 79, 76, 73, 70, 67, 64, 61, 58, 55, 52, 49, 46, 46, 45, 45, 44, 44], "robot_speeds": [0, 0, 0, 0, 1, 0, 0, 0, 1, 2, 3, 3, 3, 3, 3, 3, 3, 3, 2, 3, 2, 3, 3, 0, 0, 0, 1, 2, 3, 3, 3, 3, 3, 3, 3, 3, 3, 3, 3, 3, 0, 1, 0, 1, 0], "robot_directions": [0, 0, 1, 0, 0, 0, 1, 2, 2, 2, 2, 2, 2, 2, 2, 2, 2, 2, 2, 2, 2, 2, 2, 2, 3, 0, 0, 0, 0, 0, 0, 0, 0, 0, 0, 0, 0, 0, 0, 0, 0, 0, 0, 0, 0], "action_accs": [0, 0, 0, 1, 1, 0, 0, 1, 1, 1, 0, 0, 0, 0, 0, 0, 0, -1, 1, -1, 1, 0, -1, 0, 0, 1, 1, 1, 0, 0, 0, 0, 0, 0, 0, 0, 0, 0, 0, 0, 1, 1, 1, 0], "action_rots": [0, 1, -1, 0, 0, 1, 1, 0, 0, 0, 0, 0, 0, 0, 0, 0, 0, 0, 0, 0, 0, 0, 0, 1, 1, 0, 0, 0, 0, 0, 0, 0, 0, 0, 0, 0, 0, 0, 0, 0, 0, 0, 0, 0], "steps": 44, "is_goal": false}