{"map_file_path": "grid_maps/Ihlen/occ_grid_small.txt", "start_pos": [82, 57], "goal_pos": [22, 66], "robot_rows": [82, 82, 82, 82, 82, 82, 81, 79, 76, 73, 70, 67, 64, 62, 59, 56, 53, 50, 47, 44, 41, 38, 35, 32, 29, 26, 24, 23, 22, 22, 22, 22, 22, 22, 22, 22, 22, 22, 22, 22, 22, 22, 22, 22, 22, 22], "robot_cols": [57, 56, 55, 54, 54, 54, 54, 54, 54, 54, 54, 54, 54, 54, 54, 54, 54, 54, 54, 54, 54, 54, 54, 54, 54, 54, 54, 54, 54, 54, 54, 54, 55, 57, 60, 63, 66, 68, 70, 69, 69, 69, 68, 67, 66, 66], "robot_speeds": [0, 1, 1, 1, 0, 0, 1, 2, 3, 3, 3, 3, 3, 2, 3, 3, 3, 3, 3, 3, 3, 3, 3, 3, 3, 3, 2, 1, 1, 0, 0, 0, 1, 2, 3, 3, 3, 2, 2, 0, 0, 0, 1, 1, 1, 0], "robot_directions": [0, 0, 0, 0, 0, 1, 1, 1, 1, 1, 1, 1, 1, 1, 1, 1, 1, 1, 1, 1, 1, 1, 1, 1, 1, 1, 1, 1, 1, 1, 2, 2, 2, 2, 2, 2, 2, 2, 2, 2, 3, 0, 0, 0, 0, 0], "action_accs": [1, 0, 0, -1, 0, 1, 1, 1, 0, 1, 0, 0, -1, 1, 0, 0, 0, 0, 0, 0, 0, 0, 0, 0, 0, -1, -1, 0, -1, 0, 0, 1, 1, 1, 0, 0, -1, 0, 0, 0, 0, 1, 0, 0, -1], "action_rots": [0, 0, 0, 0, 1, 0, 0, 0, 0, 0, 0, 0, 0, 0, 0, 0, 0, 0, 0, 0, 0, 0, 0, 0, 0, 0, 0, 0, 0, 1, 0, 0, 0, 0, 0, 0, 0, 0, 0, 1, 1, 0, 0, 0, 0], "steps": 45, "is_goal": true}