{"map_file_path": "grid_maps/Ihlen/occ_grid_small.txt", "start_pos": [87, 63], "goal_pos": [44, 75], "robot_rows": [87, 87, 87, 87, 87, 87, 87, 87, 87, 87, 87, 87, 87, 87, 87, 87, 87, 87, 87, 86, 84, 81, 82, 82, 82, 82, 81, 81, 81, 81, 81, 81, 81, 81, 80, 80], "robot_cols": [63, 62, 62, 62, 62, 63, 65, 68, 71, 74, 77, 80, 83, 86, 89, 92, 91, 91, 91, 91, 91, 91, 91, 91, 91, 91, 91, 91, 91, 91, 91, 91, 91, 91, 91, 91], "robot_speeds": [0, 1, 0, 0, 0, 1, 2, 3, 3, 3, 3, 3, 3, 3, 3, 3, 0, 0, 0, 1, 2, 3, 0, 0, 0, 0, 1, 0, 0, 0, 0, 0, 0, 0, 1, 0], "robot_directions": [0, 0, 0, 1, 2, 2, 2, 2, 2, 2, 2, 2, 2, 2, 2, 2, 2, 2, 1, 1, 1, 1, 1, 1, 0, 1, 1, 1, 2, 3, 2, 1, 2, 1, 1, 1], "action_accs": [1, 1, 0, 0, 1, 1, 1, 0, 0, 0, 0, 0, 0, 0, 0, 0, -1, 0, 1, 1, 1, 0, -1, 0, 0, 1, 1, 0, 0, 0, 0, 0, 0, 1, 0], "action_rots": [0, 0, 1, 1, 0, 0, 0, 0, 0, 0, 0, 0, 0, 0, 0, 0, 0, -1, 0, 0, 0, 0, 0, -1, 1, 0, 0, 1, 1, -1, -1, 1, -1, 0, 0], "steps": 35, "is_goal": false}