{"map_file_path": "grid_maps/Ihlen/occ_grid_small.txt", "start_pos": [90, 91], "goal_pos": [1, 42], "robot_rows": [90, 90, 90, 90, 90, 90, 90, 90, 90, 90, 90, 90, 90, 90, 90, 89, 89, 89, 89, 89, 89, 89, 89, 90, 92, 95, 95, 95, 95, 95, 96, 96], "robot_cols": [91, 91, 91, 91, 91, 91, 92, 94, 97, 95, 95, 95, 96, 96, 96, 96, 96, 96, 96, 96, 96, 96, 96, 96, 96, 96, 96, 96, 96, 96, 96, 96], "robot_speeds": [0, 0, 0, 0, 0, 0, 1, 2, 3, 0, 0, 0, 1, 0, 0, 1, 0, 0, 0, 0, 0, 0, 0, 1, 2, 3, 0, 0, 0, 0, 1, 0], "robot_directions": [0, 1, 0, 3, 2, 2, 2, 2, 2, 2, 2, 2, 2, 2, 1, 1, 1, 0, 3, 2, 1, 2, 3, 3, 3, 3, 3, 3, 0, 3, 3, 3], "action_accs": [0, 0, 0, 0, 0, 1, 1, 1, 0, -1, 0, 1, 1, 0, 1, 1, 0, 0, 0, 0, 0, 0, 1, 1, 1, 0, -1, 0, 0, 1, 1], "action_rots": [1, -1, -1, -1, 0, 0, 0, 0, 0, 0, 0, 0, 0, -1, 0, 0, -1, -1, -1, -1, 1, 1, 0, 0, 0, 0, 0, 1, -1, 0, 0], "steps": 31, "is_goal": false}