{"map_file_path": "grid_maps/Ihlen/occ_grid_small.txt", "start_pos": [47, 91], "goal_pos": [9, 56], "robot_rows": [47, 47, 47, 47, 47, 47, 47, 47, 47, 47, 47, 47, 47, 47, 47, 47, 47, 47, 47, 47, 47, 47, 47, 47, 47, 46, 44, 41, 43, 43, 43, 42, 42, 42, 42, 41, 41], "robot_cols": [91, 91, 90, 88, 85, 82, 79, 76, 73, 70, 67, 64, 61, 62, 62, 62, 62, 61, 61, 61, 61, 61, 60, 60, 60, 60, 60, 60, 60, 60, 60, 60, 60, 60, 60, 60, 60], "robot_speeds": [0, 0, 1, 2, 3, 3, 3, 3, 3, 3, 3, 3, 3, 0, 0, 0, 0, 1, 0, 0, 0, 0, 1, 0, 0, 1, 2, 3, 0, 0, 0, 1, 0, 0, 0, 1, 0], "robot_directions": [0, 0, 0, 0, 0, 0, 0, 0, 0, 0, 0, 0, 0, 0, 3, 0, 0, 0, 0, 0, 3, 0, 0, 0, 1, 1, 1, 1, 1, 2, 1, 1, 1, 2, 1, 1, 1], "action_accs": [0, 1, 1, 1, 0, 0, 0, 0, 0, 1, 0, 0, 0, 0, 0, 0, 1, 1, 0, 0, 0, 1, 0, 0, 1, 1, 1, 0, 0, 0, 1, 1, 0, 0, 1, 0], "action_rots": [0, 0, 0, 0, 0, 0, 0, 0, 0, 0, 0, 0, 0, -1, 1, 0, 0, 0, 0, -1, 1, 0, 0, 1, 0, 0, 0, 0, 1, -1, 0, 0, 1, -1, 0, 0], "steps": 36, "is_goal": false}