{"map_file_path": "grid_maps/Ihlen/occ_grid_small.txt", "start_pos": [13, 49], "goal_pos": [24, 4], "robot_rows": [13, 13, 14, 15, 15, 15, 15, 15, 15, 15, 15, 15, 15, 15, 15, 15, 15, 15, 15, 15, 15, 15, 15, 15, 15, 15, 16, 18, 21, 23, 24, 25, 25, 25, 25, 25, 25, 24, 23, 23, 23, 23, 24, 24], "robot_cols": [49, 49, 49, 49, 49, 49, 48, 46, 43, 40, 37, 34, 31, 28, 25, 22, 19, 16, 14, 11, 8, 6, 4, 3, 3, 3, 3, 3, 3, 3, 3, 3, 3, 3, 4, 4, 4, 4, 4, 4, 4, 4, 4, 4], "robot_speeds": [0, 0, 1, 1, 0, 0, 1, 2, 3, 3, 3, 3, 3, 3, 3, 3, 3, 3, 2, 3, 3, 2, 2, 1, 0, 0, 1, 2, 3, 2, 1, 1, 0, 0, 1, 0, 0, 1, 1, 0, 0, 0, 1, 0], "robot_directions": [0, 3, 3, 3, 3, 0, 0, 0, 0, 0, 0, 0, 0, 0, 0, 0, 0, 0, 0, 0, 0, 0, 0, 0, 0, 3, 3, 3, 3, 3, 3, 3, 3, 2, 2, 2, 1, 1, 1, 1, 0, 3, 3, 3], "action_accs": [0, 1, 0, -1, 0, 1, 1, 1, 1, 0, 0, 0, 0, 0, 0, 0, 0, -1, 1, 0, -1, 0, -1, -1, 0, 1, 1, 1, -1, -1, 0, -1, 0, 1, -1, 0, 1, 0, -1, 0, 0, 1, -1], "action_rots": [-1, 0, 0, 0, 1, 0, 0, 0, 0, 0, 0, 0, 0, 0, 0, 0, 0, 0, 0, 0, 0, 0, 0, 0, -1, 0, 0, 0, 0, 0, 0, 0, -1, 0, 0, -1, 0, 0, 0, -1, -1, 0, 0], "steps": 43, "is_goal": true}