{"map_file_path": "grid_maps/Ihlen/occ_grid_small.txt", "start_pos": [92, 45], "goal_pos": [2, 41], "robot_rows": [92, 92, 92, 92, 92, 91, 89, 86, 83, 80, 78, 78, 78, 78, 78, 78, 78, 78, 78, 77, 75, 73, 70, 68, 65, 62, 59, 56, 53, 50, 47, 44, 41, 38, 35, 32, 29, 26, 23, 20, 17, 14, 11, 8, 5, 3, 2, 2, 2, 2, 2, 2, 2, 2, 2], "robot_cols": [45, 45, 44, 44, 44, 44, 44, 44, 44, 44, 44, 44, 44, 45, 47, 49, 50, 50, 50, 50, 50, 50, 50, 50, 50, 50, 50, 50, 50, 50, 50, 50, 50, 50, 50, 50, 50, 50, 50, 50, 50, 50, 50, 50, 50, 50, 50, 50, 50, 49, 47, 44, 42, 41, 41], "robot_speeds": [0, 0, 1, 0, 0, 1, 2, 3, 3, 3, 2, 0, 0, 1, 2, 2, 1, 0, 0, 1, 2, 2, 3, 2, 3, 3, 3, 3, 3, 3, 3, 3, 3, 3, 3, 3, 3, 3, 3, 3, 3, 3, 3, 3, 3, 2, 1, 0, 0, 1, 2, 3, 2, 1, 0], "robot_directions": [0, 0, 0, 0, 1, 1, 1, 1, 1, 1, 1, 1, 2, 2, 2, 2, 2, 2, 1, 1, 1, 1, 1, 1, 1, 1, 1, 1, 1, 1, 1, 1, 1, 1, 1, 1, 1, 1, 1, 1, 1, 1, 1, 1, 1, 1, 1, 1, 0, 0, 0, 0, 0, 0, 0], "action_accs": [-1, 1, -1, 0, 1, 1, 1, 0, 0, -1, -1, 0, 1, 1, 0, -1, -1, 0, 1, 1, 0, 1, -1, 1, 0, 0, 0, 0, 0, 0, 0, 0, 0, 0, 0, 1, 0, 0, 0, 0, 0, 0, 0, 0, -1, -1, -1, 0, 1, 1, 1, -1, -1, -1], "action_rots": [0, 0, 0, 1, 0, 0, 0, 0, 0, 0, 0, 1, 0, 0, 0, 0, 0, -1, 0, 0, 0, 0, 0, 0, 0, 0, 0, 0, 0, 0, 0, 0, 0, 0, 0, 0, 0, 0, 0, 0, 0, 0, 0, 0, 0, 0, 0, -1, 0, 0, 0, 0, 0, 0], "steps": 54, "is_goal": true}