{"map_file_path": "grid_maps/Ihlen/occ_grid_small.txt", "start_pos": [60, 4], "goal_pos": [78, 78], "robot_rows": [60, 60, 60, 60, 60, 60, 60, 60, 60, 60, 60, 60, 60, 60, 60, 60, 60, 59, 57, 54, 52, 50, 49, 49, 49, 49, 49, 49, 49, 49, 49, 49, 49, 49, 49, 49, 49, 49, 49, 50, 52, 55, 58, 61, 64, 67, 70, 72, 75, 77, 78, 78, 79, 79, 79, 79, 79, 79, 79, 79, 79, 79, 79, 79, 79, 79, 79, 79, 79, 79, 78, 78], "robot_cols": [4, 4, 4, 4, 5, 7, 10, 13, 16, 19, 22, 24, 26, 27, 27, 27, 27, 27, 27, 27, 27, 27, 27, 27, 27, 28, 30, 33, 36, 39, 41, 44, 47, 50, 52, 53, 54, 54, 54, 54, 54, 54, 54, 54, 54, 54, 54, 54, 54, 54, 54, 54, 54, 54, 54, 54, 54, 55, 57, 60, 63, 66, 69, 72, 75, 77, 78, 78, 78, 78, 78, 78], "robot_speeds": [0, 0, 0, 0, 1, 2, 3, 3, 3, 3, 3, 2, 2, 1, 0, 0, 0, 1, 2, 3, 2, 2, 1, 0, 0, 1, 2, 3, 3, 3, 2, 3, 3, 3, 2, 1, 1, 0, 0, 1, 2, 3, 3, 3, 3, 3, 3, 2, 3, 2, 1, 0, 1, 0, 0, 0, 0, 1, 2, 3, 3, 3, 3, 3, 3, 2, 1, 0, 0, 0, 1, 0], "robot_directions": [0, 0, 3, 2, 2, 2, 2, 2, 2, 2, 2, 2, 2, 2, 2, 2, 1, 1, 1, 1, 1, 1, 1, 1, 2, 2, 2, 2, 2, 2, 2, 2, 2, 2, 2, 2, 2, 2, 3, 3, 3, 3, 3, 3, 3, 3, 3, 3, 3, 3, 3, 3, 3, 3, 3, 2, 2, 2, 2, 2, 2, 2, 2, 2, 2, 2, 2, 2, 2, 1, 1, 1], "action_accs": [0, 0, 0, 1, 1, 1, 1, 0, 1, 0, -1, 0, -1, -1, 0, 0, 1, 1, 1, -1, 0, -1, -1, 0, 1, 1, 1, 0, 0, -1, 1, 0, 0, -1, -1, 0, -1, 0, 1, 1, 1, 0, 0, 0, 0, 0, -1, 1, -1, -1, -1, 1, -1, 0, 0, 0, 1, 1, 1, 0, 0, 0, 0, 0, -1, -1, -1, 0, 0, 1, -1], "action_rots": [0, -1, -1, 0, 0, 0, 0, 0, 0, 0, 0, 0, 0, 0, 0, -1, 0, 0, 0, 0, 0, 0, 0, 1, 0, 0, 0, 0, 0, 0, 0, 0, 0, 0, 0, 0, 0, 1, 0, 0, 0, 0, 0, 0, 0, 0, 0, 0, 0, 0, 0, 0, 0, 0, -1, 0, 0, 0, 0, 0, 0, 0, 0, 0, 0, 0, 0, 0, -1, 0, 0], "steps": 71, "is_goal": true}