{"map_file_path": "grid_maps/Ihlen/occ_grid_small.txt", "start_pos": [81, 72], "goal_pos": [29, 66], "robot_rows": [81, 81, 82, 84, 87, 90, 93, 96, 95, 96, 96, 96, 96, 96, 96, 96, 96, 96, 96, 96, 96, 96, 96, 96, 96, 96, 96, 96, 96, 96, 96, 96, 96, 96, 96], "robot_cols": [72, 72, 72, 72, 72, 72, 72, 72, 72, 72, 72, 72, 72, 72, 72, 72, 72, 72, 72, 71, 69, 66, 63, 60, 62, 62, 62, 62, 63, 65, 68, 71, 70, 71, 71], "robot_speeds": [0, 0, 1, 2, 3, 3, 3, 3, 0, 1, 0, 0, 0, 0, 0, 0, 0, 0, 0, 1, 2, 3, 3, 3, 0, 0, 0, 0, 1, 2, 3, 3, 0, 1, 0], "robot_directions": [0, 3, 3, 3, 3, 3, 3, 3, 3, 3, 3, 2, 2, 3, 0, 1, 2, 1, 0, 0, 0, 0, 0, 0, 0, 3, 3, 2, 2, 2, 2, 2, 2, 2, 2], "action_accs": [0, 1, 1, 1, 0, 0, 0, 0, 1, 1, 0, 1, 0, 0, 0, 0, 0, 0, 1, 1, 1, 0, 0, 0, 0, 0, 0, 1, 1, 1, 0, 0, 1, 1], "action_rots": [-1, 0, 0, 0, 0, 0, 0, 0, 0, 0, -1, 0, 1, 1, 1, 1, -1, -1, 0, 0, 0, 0, 0, 0, -1, 0, -1, 0, 0, 0, 0, 0, 0, 0], "steps": 34, "is_goal": false}