{"map_file_path": "grid_maps/Ihlen/occ_grid_small.txt", "start_pos": [53, 23], "goal_pos": [1, 25], "robot_rows": [53, 53, 53, 53, 53, 53, 53, 53, 53, 52, 50, 48, 47, 47, 47, 47, 47, 47, 47, 47, 47, 47, 47, 47, 47, 47, 47, 47, 46, 44, 41, 38, 36, 33, 30, 27, 24, 21, 18, 15, 12, 9, 6, 4, 2, 1, 1, 1, 1, 1, 1, 1, 1, 1, 1, 1, 1, 1, 1, 1, 1], "robot_cols": [23, 23, 23, 24, 25, 26, 27, 27, 27, 27, 27, 27, 27, 27, 27, 28, 30, 33, 36, 39, 42, 45, 47, 49, 50, 51, 51, 51, 51, 51, 51, 51, 51, 51, 51, 51, 51, 51, 51, 51, 51, 51, 51, 51, 51, 51, 51, 51, 51, 50, 48, 45, 43, 40, 37, 34, 31, 28, 26, 25, 25], "robot_speeds": [0, 0, 0, 1, 1, 1, 1, 0, 0, 1, 2, 2, 1, 0, 0, 1, 2, 3, 3, 3, 3, 3, 2, 2, 1, 1, 0, 0, 1, 2, 3, 3, 2, 3, 3, 3, 3, 3, 3, 3, 3, 3, 3, 2, 2, 1, 0, 0, 0, 1, 2, 3, 2, 3, 3, 3, 3, 3, 2, 1, 0], "robot_directions": [0, 3, 2, 2, 2, 2, 2, 2, 1, 1, 1, 1, 1, 1, 2, 2, 2, 2, 2, 2, 2, 2, 2, 2, 2, 2, 2, 1, 1, 1, 1, 1, 1, 1, 1, 1, 1, 1, 1, 1, 1, 1, 1, 1, 1, 1, 1, 0, 0, 0, 0, 0, 0, 0, 0, 0, 0, 0, 0, 0, 0], "action_accs": [0, 0, 1, 0, 0, 0, -1, 0, 1, 1, 0, -1, -1, 0, 1, 1, 1, 0, 0, 0, 0, -1, 0, -1, 0, -1, 0, 1, 1, 1, 0, -1, 1, 0, 0, 0, 0, 0, 0, 0, 0, 0, -1, 0, -1, -1, 0, 0, 1, 1, 1, -1, 1, 0, 0, 0, 0, -1, -1, -1], "action_rots": [-1, -1, 0, 0, 0, 0, 0, -1, 0, 0, 0, 0, 0, 1, 0, 0, 0, 0, 0, 0, 0, 0, 0, 0, 0, 0, -1, 0, 0, 0, 0, 0, 0, 0, 0, 0, 0, 0, 0, 0, 0, 0, 0, 0, 0, 0, -1, 0, 0, 0, 0, 0, 0, 0, 0, 0, 0, 0, 0, 0], "steps": 60, "is_goal": true}