{"map_file_path": "grid_maps/Ihlen/occ_grid_small.txt", "start_pos": [6, 40], "goal_pos": [23, 85], "robot_rows": [6, 6, 7, 8, 8, 8, 8, 8, 8, 8, 8, 8, 8, 8, 8, 8, 8, 8, 8, 8, 8, 8, 8, 8, 8, 8, 9, 11, 14, 17, 20, 22, 22, 23, 23, 23, 23, 23, 23, 23], "robot_cols": [40, 40, 40, 40, 40, 40, 41, 43, 46, 49, 52, 55, 58, 61, 64, 67, 70, 73, 76, 78, 80, 82, 83, 83, 83, 83, 83, 83, 83, 83, 83, 83, 83, 83, 83, 83, 83, 84, 85, 85], "robot_speeds": [0, 0, 1, 1, 0, 0, 1, 2, 3, 3, 3, 3, 3, 3, 3, 3, 3, 3, 3, 2, 2, 2, 1, 0, 0, 0, 1, 2, 3, 3, 3, 2, 0, 1, 0, 0, 0, 1, 1, 0], "robot_directions": [0, 3, 3, 3, 3, 2, 2, 2, 2, 2, 2, 2, 2, 2, 2, 2, 2, 2, 2, 2, 2, 2, 2, 2, 2, 3, 3, 3, 3, 3, 3, 3, 3, 3, 3, 2, 2, 2, 2, 2], "action_accs": [0, 1, 0, -1, 0, 1, 1, 1, 1, 0, 0, 0, 0, 0, 0, 0, 0, 0, -1, 0, 0, -1, -1, 0, 0, 1, 1, 1, 0, 0, -1, 0, 1, -1, 0, 0, 1, 0, -1], "action_rots": [-1, 0, 0, 0, -1, 0, 0, 0, 0, 0, 0, 0, 0, 0, 0, 0, 0, 0, 0, 0, 0, 0, 0, 0, 1, 0, 0, 0, 0, 0, 0, 0, 0, 0, -1, 0, 0, 0, 0], "steps": 39, "is_goal": true}