{"map_file_path": "grid_maps/Ihlen/occ_grid_small.txt", "start_pos": [72, 67], "goal_pos": [28, 76], "robot_rows": [72, 72, 72, 72, 73, 73, 74, 74, 74, 74, 74, 73, 72, 71, 69, 69, 69, 69, 68, 68, 68, 68], "robot_cols": [67, 67, 67, 67, 67, 67, 67, 67, 67, 67, 67, 67, 67, 67, 67, 67, 67, 67, 67, 67, 67, 67], "robot_speeds": [0, 0, 0, 0, 1, 0, 1, 0, 0, 0, 0, 1, 1, 1, 2, 0, 0, 0, 1, 0, 0, 0], "robot_directions": [0, 1, 0, 3, 3, 3, 3, 3, 3, 2, 1, 1, 1, 1, 1, 1, 1, 1, 1, 1, 1, 1], "action_accs": [0, 0, 0, 1, 1, 1, 0, -1, 0, 0, 1, 0, 0, 1, 0, -1, 0, 1, 0, -1, 1], "action_rots": [1, -1, -1, 0, 0, 0, 0, 0, -1, -1, 0, 0, 0, 0, 0, 0, 0, 0, 0, 0, 0], "steps": 21, "is_goal": false}