{"map_file_path": "grid_maps/Ihlen/occ_grid_small.txt", "start_pos": [10, 43], "goal_pos": [90, 69], "robot_rows": [10, 10, 10, 10, 10, 10, 10, 10, 9, 7, 4, 1, 2, 2, 2, 2, 2, 2, 2, 2, 2, 2, 2, 2, 2, 2, 2, 2, 2, 2, 2, 2, 2, 2, 2, 2, 2, 2, 2, 2, 2, 2, 2, 2, 2, 2, 2, 2, 2, 2, 2, 2, 2, 2, 2, 2, 2, 2, 2, 2, 2, 2, 2, 2, 2, 2, 2, 2, 2, 2, 2, 2, 2], "robot_cols": [43, 43, 43, 43, 43, 43, 43, 43, 43, 43, 43, 43, 43, 43, 44, 46, 49, 52, 54, 56, 56, 56, 56, 56, 55, 53, 50, 47, 44, 41, 38, 35, 33, 30, 27, 25, 22, 19, 16, 13, 10, 8, 5, 3, 3, 3, 3, 3, 3, 4, 6, 9, 12, 15, 18, 21, 24, 27, 30, 33, 36, 39, 42, 45, 47, 50, 53, 55, 56, 56, 56, 56, 56], "robot_speeds": [0, 0, 0, 0, 0, 0, 0, 0, 1, 2, 3, 3, 0, 0, 1, 2, 3, 3, 2, 2, 0, 0, 0, 0, 1, 2, 3, 3, 3, 3, 3, 3, 2, 3, 3, 2, 3, 3, 3, 3, 3, 2, 3, 2, 0, 0, 0, 0, 0, 1, 2, 3, 3, 3, 3, 3, 3, 3, 3, 3, 3, 3, 3, 3, 2, 3, 3, 2, 1, 0, 0, 0, 0], "robot_directions": [0, 3, 3, 0, 3, 0, 1, 1, 1, 1, 1, 1, 1, 2, 2, 2, 2, 2, 2, 2, 2, 1, 0, 0, 0, 0, 0, 0, 0, 0, 0, 0, 0, 0, 0, 0, 0, 0, 0, 0, 0, 0, 0, 0, 0, 0, 3, 2, 2, 2, 2, 2, 2, 2, 2, 2, 2, 2, 2, 2, 2, 2, 2, 2, 2, 2, 2, 2, 2, 2, 1, 2, 2], "action_accs": [0, 0, 0, 0, 0, 0, 0, 1, 1, 1, 0, -1, 0, 1, 1, 1, 0, -1, 0, -1, 0, 0, 0, 1, 1, 1, 0, 0, 0, 0, 0, -1, 1, 0, -1, 1, 0, 0, 0, 0, -1, 1, -1, -1, 1, 0, 0, 0, 1, 1, 1, 1, 0, 0, 0, 0, 0, 0, 0, 0, 0, 0, 0, -1, 1, 0, -1, -1, -1, 0, 0, 1], "action_rots": [-1, 0, 1, -1, 1, 1, 0, 0, 0, 0, 0, 0, 1, 0, 0, 0, 0, 0, 0, 0, -1, -1, 0, 0, 0, 0, 0, 0, 0, 0, 0, 0, 0, 0, 0, 0, 0, 0, 0, 0, 0, 0, 0, 0, 0, -1, -1, 0, 0, 0, 0, 0, 0, 0, 0, 0, 0, 0, 0, 0, 0, 0, 0, 0, 0, 0, 0, 0, 0, -1, 1, 0], "steps": 72, "is_goal": false}