{"map_file_path": "grid_maps/Ihlen/occ_grid_small.txt", "start_pos": [65, 51], "goal_pos": [11, 44], "robot_rows": [65, 65, 65, 65, 65, 65, 65, 65, 65, 65, 65, 65, 65, 65, 65, 65], "robot_cols": [51, 51, 51, 51, 50, 48, 49, 49, 48, 48, 48, 48, 48, 48, 48, 48], "robot_speeds": [0, 0, 0, 0, 1, 2, 0, 0, 1, 0, 0, 0, 0, 0, 0, 0], "robot_directions": [0, 0, 3, 0, 0, 0, 0, 0, 0, 0, 0, 0, 1, 1, 0, 0], "action_accs": [0, 0, 0, 1, 1, 0, 0, 1, 0, -1, 1, 0, 1, 0, 1], "action_rots": [0, -1, 1, 0, 0, 0, 0, 0, 0, 0, 0, 1, 0, -1, 0], "steps": 15, "is_goal": false}