{"map_file_path": "grid_maps/Ihlen/occ_grid_small.txt", "start_pos": [63, 89], "goal_pos": [93, 23], "robot_rows": [63, 63, 63, 63, 63, 63, 63, 63, 63, 63, 63, 63, 63, 64, 64, 64, 64, 64, 64], "robot_cols": [89, 88, 86, 83, 85, 84, 82, 83, 82, 82, 82, 82, 82, 82, 82, 82, 82, 82, 82], "robot_speeds": [0, 1, 2, 3, 0, 1, 2, 0, 1, 0, 0, 0, 0, 1, 0, 0, 0, 0, 0], "robot_directions": [0, 0, 0, 0, 0, 0, 0, 0, 0, 0, 3, 0, 3, 3, 3, 2, 3, 0, 0], "action_accs": [1, 1, 1, 1, 1, 1, 0, 1, 0, 0, 0, 0, 1, 0, 0, 0, 0, 1], "action_rots": [0, 0, 0, 0, 0, 0, 0, 0, 0, -1, 1, -1, 0, 0, -1, 1, 1, 0], "steps": 18, "is_goal": false}