{"map_file_path": "grid_maps/Ihlen/occ_grid_small.txt", "start_pos": [7, 79], "goal_pos": [70, 79], "robot_rows": [7, 7, 8, 10, 13, 16, 19, 22, 25, 28, 31, 34, 37, 40, 43, 46, 49, 52, 54, 56, 56, 56, 56, 56, 56, 56, 56, 56, 57, 59, 62, 65, 67, 69, 71, 72, 73, 73, 73, 73, 73, 73, 73, 73, 72, 70, 70], "robot_cols": [79, 79, 79, 79, 79, 79, 79, 79, 79, 79, 79, 79, 79, 79, 79, 79, 79, 79, 79, 79, 79, 79, 79, 80, 82, 83, 83, 83, 83, 83, 83, 83, 83, 83, 83, 83, 83, 83, 83, 82, 80, 79, 79, 79, 79, 79, 79], "robot_speeds": [0, 0, 1, 2, 3, 3, 3, 3, 3, 3, 3, 3, 3, 3, 3, 3, 3, 3, 2, 2, 0, 0, 0, 1, 2, 1, 0, 0, 1, 2, 3, 3, 2, 2, 2, 1, 1, 0, 0, 1, 2, 1, 0, 0, 1, 2, 0], "robot_directions": [0, 3, 3, 3, 3, 3, 3, 3, 3, 3, 3, 3, 3, 3, 3, 3, 3, 3, 3, 3, 3, 3, 2, 2, 2, 2, 2, 3, 3, 3, 3, 3, 3, 3, 3, 3, 3, 3, 0, 0, 0, 0, 0, 1, 1, 1, 1], "action_accs": [0, 1, 1, 1, 0, 0, 0, 0, 0, 0, 0, 0, 0, 0, 0, 0, 1, -1, 0, 0, 0, 0, 1, 1, -1, -1, 0, 1, 1, 1, 0, -1, 0, 0, -1, 0, 0, 0, 1, 1, -1, -1, 0, 1, 1, 0], "action_rots": [-1, 0, 0, 0, 0, 0, 0, 0, 0, 0, 0, 0, 0, 0, 0, 0, 0, 0, 0, 0, 0, -1, 0, 0, 0, 0, 1, 0, 0, 0, 0, 0, 0, 0, 0, 0, 0, 1, 0, 0, 0, 0, 1, 0, 0, 0], "steps": 46, "is_goal": true}