{"map_file_path": "grid_maps/Ihlen/occ_grid_small.txt", "start_pos": [53, 66], "goal_pos": [10, 47], "robot_rows": [53, 53, 53, 53, 53, 53, 53, 53, 53, 53, 53, 52, 50, 48, 45, 42, 39, 36, 33, 30, 27, 24, 21, 18, 15, 13, 11, 10, 10, 10, 10, 10, 10, 10], "robot_cols": [66, 65, 63, 60, 57, 54, 52, 51, 50, 50, 50, 50, 50, 50, 50, 50, 50, 50, 50, 50, 50, 50, 50, 50, 50, 50, 50, 50, 50, 50, 49, 48, 47, 47], "robot_speeds": [0, 1, 2, 3, 3, 3, 2, 1, 1, 0, 0, 1, 2, 2, 3, 3, 3, 3, 3, 3, 3, 3, 3, 3, 3, 2, 2, 1, 0, 0, 1, 1, 1, 0], "robot_directions": [0, 0, 0, 0, 0, 0, 0, 0, 0, 0, 1, 1, 1, 1, 1, 1, 1, 1, 1, 1, 1, 1, 1, 1, 1, 1, 1, 1, 1, 0, 0, 0, 0, 0], "action_accs": [1, 1, 1, 0, 0, -1, -1, 0, -1, 0, 1, 1, 0, 1, 0, 0, 1, 0, 0, 1, 0, 0, 0, 0, -1, 0, -1, -1, 0, 1, 0, 0, -1], "action_rots": [0, 0, 0, 0, 0, 0, 0, 0, 0, 1, 0, 0, 0, 0, 0, 0, 0, 0, 0, 0, 0, 0, 0, 0, 0, 0, 0, 0, -1, 0, 0, 0, 0], "steps": 33, "is_goal": true}