{"map_file_path": "grid_maps/Ihlen/occ_grid_small.txt", "start_pos": [5, 38], "goal_pos": [80, 58], "robot_rows": [5, 5, 5, 5, 5, 5, 5, 5, 5, 5, 5, 5, 5, 5, 5, 5, 5, 5, 5, 5, 5, 5, 5, 5, 5, 5, 5, 5, 5, 5, 5, 5, 5, 5, 5, 5, 5, 5, 5, 5, 5, 5, 5, 5, 5, 5, 6, 7, 9, 12, 15, 17, 20, 23, 26, 25, 25, 25, 25, 25, 25, 25, 25, 25, 25, 25, 25, 25, 25, 25], "robot_cols": [38, 37, 35, 32, 29, 26, 23, 20, 17, 14, 11, 8, 5, 7, 7, 7, 7, 7, 7, 8, 10, 13, 16, 18, 21, 24, 26, 29, 31, 34, 37, 40, 43, 46, 48, 51, 54, 54, 54, 55, 55, 55, 55, 55, 55, 55, 55, 55, 55, 55, 55, 55, 55, 55, 55, 55, 55, 55, 55, 55, 56, 58, 61, 64, 67, 69, 72, 75, 78, 77], "robot_speeds": [0, 1, 2, 3, 3, 3, 3, 3, 3, 3, 3, 3, 3, 0, 0, 0, 0, 0, 0, 1, 2, 3, 3, 2, 3, 3, 2, 3, 2, 3, 3, 3, 3, 3, 2, 3, 3, 0, 0, 1, 0, 0, 0, 0, 0, 0, 1, 1, 2, 3, 3, 2, 3, 3, 3, 0, 0, 0, 0, 0, 1, 2, 3, 3, 3, 2, 3, 3, 3, 0], "robot_directions": [0, 0, 0, 0, 0, 0, 0, 0, 0, 0, 0, 0, 0, 0, 0, 3, 0, 1, 2, 2, 2, 2, 2, 2, 2, 2, 2, 2, 2, 2, 2, 2, 2, 2, 2, 2, 2, 2, 2, 2, 2, 1, 2, 3, 0, 3, 3, 3, 3, 3, 3, 3, 3, 3, 3, 3, 3, 2, 1, 2, 2, 2, 2, 2, 2, 2, 2, 2, 2, 2], "action_accs": [1, 1, 1, 0, 0, 0, 0, 0, 1, 0, 0, 0, 0, -1, 0, 0, 0, 0, 1, 1, 1, 0, -1, 1, 0, -1, 1, -1, 1, 0, 0, 0, 0, -1, 1, 0, 0, -1, 1, 1, 0, 0, 0, 0, 0, 1, 0, 1, 1, 0, -1, 1, 0, 0, 0, -1, 0, 0, 0, 1, 1, 1, 0, 0, -1, 1, 0, 0, 0], "action_rots": [0, 0, 0, 0, 0, 0, 0, 0, 0, 0, 0, 0, 0, 0, -1, 1, 1, 1, 0, 0, 0, 0, 0, 0, 0, 0, 0, 0, 0, 0, 0, 0, 0, 0, 0, 0, 0, 0, 0, 0, -1, 1, 1, 1, -1, 0, 0, 0, 0, 0, 0, 0, 0, 0, 0, 0, -1, -1, 1, 0, 0, 0, 0, 0, 0, 0, 0, 0, 0], "steps": 69, "is_goal": false}