{"map_file_path": "grid_maps/Ihlen/occ_grid_small.txt", "start_pos": [61, 86], "goal_pos": [94, 66], "robot_rows": [61, 61, 61, 60, 59, 58, 56, 54, 53, 52, 52, 52, 52, 52, 52, 52, 52, 52, 52, 52, 52, 52, 52, 52, 52, 52, 53, 55, 58, 61, 64, 67, 70, 73, 75, 78, 80, 82, 83, 83, 83, 83, 83, 83, 83, 83, 83, 83, 83, 83, 84, 86, 89, 91, 93, 94, 94, 94, 94, 94, 94, 94, 94], "robot_cols": [86, 86, 86, 86, 86, 86, 86, 86, 86, 86, 86, 86, 85, 83, 80, 77, 74, 71, 68, 65, 62, 59, 57, 56, 56, 56, 56, 56, 56, 56, 56, 56, 56, 56, 56, 56, 56, 56, 56, 56, 56, 57, 59, 62, 64, 65, 67, 68, 68, 68, 68, 68, 68, 68, 68, 68, 68, 68, 68, 68, 67, 66, 66], "robot_speeds": [0, 0, 0, 1, 1, 1, 2, 2, 1, 1, 0, 0, 1, 2, 3, 3, 3, 3, 3, 3, 3, 3, 2, 1, 0, 0, 1, 2, 3, 3, 3, 3, 3, 3, 2, 3, 2, 2, 1, 0, 0, 1, 2, 3, 2, 1, 2, 1, 0, 0, 1, 2, 3, 2, 2, 1, 0, 0, 0, 0, 1, 1, 0], "robot_directions": [0, 0, 1, 1, 1, 1, 1, 1, 1, 1, 1, 0, 0, 0, 0, 0, 0, 0, 0, 0, 0, 0, 0, 0, 0, 3, 3, 3, 3, 3, 3, 3, 3, 3, 3, 3, 3, 3, 3, 3, 2, 2, 2, 2, 2, 2, 2, 2, 2, 3, 3, 3, 3, 3, 3, 3, 3, 0, 0, 0, 0, 0, 0], "action_accs": [-1, 0, 1, 0, 0, 1, 0, -1, 0, -1, 0, 1, 1, 1, 0, 0, 0, 0, 0, 0, 0, -1, -1, -1, 0, 1, 1, 1, 0, 0, 0, 0, 1, -1, 1, -1, 0, -1, -1, 0, 1, 1, 1, -1, -1, 1, -1, -1, 0, 1, 1, 1, -1, 0, -1, -1, 0, 0, 0, 1, 0, -1], "action_rots": [0, 1, 0, 0, 0, 0, 0, 0, 0, 0, -1, 0, 0, 0, 0, 0, 0, 0, 0, 0, 0, 0, 0, 0, -1, 0, 0, 0, 0, 0, 0, 0, 0, 0, 0, 0, 0, 0, 0, -1, 0, 0, 0, 0, 0, 0, 0, 0, 1, 0, 0, 0, 0, 0, 0, 0, 1, 0, 0, 0, 0, 0], "steps": 62, "is_goal": true}