{"map_file_path": "grid_maps/Ihlen/occ_grid_small.txt", "start_pos": [24, 5], "goal_pos": [46, 50], "robot_rows": [24, 24, 23, 21, 19, 17, 16, 16, 16, 16, 16, 16, 16, 16, 16, 16, 16, 16, 16, 16, 16, 16, 16, 16, 16, 16, 16, 16, 16, 17, 19, 22, 25, 28, 31, 34, 37, 40, 43, 45, 46, 46], "robot_cols": [5, 5, 5, 5, 5, 5, 5, 5, 5, 6, 8, 11, 14, 17, 20, 23, 26, 29, 32, 35, 38, 41, 44, 47, 49, 50, 50, 50, 50, 50, 50, 50, 50, 50, 50, 50, 50, 50, 50, 50, 50, 50], "robot_speeds": [0, 0, 1, 2, 2, 2, 1, 0, 0, 1, 2, 3, 3, 3, 3, 3, 3, 3, 3, 3, 3, 3, 3, 3, 2, 1, 0, 0, 0, 1, 2, 3, 3, 3, 3, 3, 3, 3, 3, 2, 1, 0], "robot_directions": [0, 1, 1, 1, 1, 1, 1, 1, 2, 2, 2, 2, 2, 2, 2, 2, 2, 2, 2, 2, 2, 2, 2, 2, 2, 2, 2, 3, 3, 3, 3, 3, 3, 3, 3, 3, 3, 3, 3, 3, 3, 3], "action_accs": [0, 1, 1, 0, 0, -1, -1, 0, 1, 1, 1, 0, 0, 0, 0, 0, 0, 0, 0, 0, 0, 0, 0, -1, -1, -1, 0, 0, 1, 1, 1, 1, 0, 0, 0, 0, 0, 0, -1, -1, -1], "action_rots": [1, 0, 0, 0, 0, 0, 0, 1, 0, 0, 0, 0, 0, 0, 0, 0, 0, 0, 0, 0, 0, 0, 0, 0, 0, 0, 1, 0, 0, 0, 0, 0, 0, 0, 0, 0, 0, 0, 0, 0, 0], "steps": 41, "is_goal": true}