{"map_file_path": "grid_maps/Ihlen/occ_grid_small.txt", "start_pos": [53, 69], "goal_pos": [88, 28], "robot_rows": [53, 53, 53, 53, 53, 53, 53, 53, 53, 53, 53, 53, 53, 54, 56, 59, 62, 65, 68, 71, 74, 77, 79, 81, 83, 84, 84, 84, 84, 83, 83, 83, 83, 83, 83, 83, 83, 83, 83, 83, 83, 83, 83, 83, 83, 83, 84, 86, 87, 88, 88], "robot_cols": [69, 69, 68, 66, 63, 60, 57, 54, 52, 50, 49, 49, 49, 49, 49, 49, 49, 49, 49, 49, 49, 49, 49, 49, 49, 49, 49, 49, 49, 49, 49, 49, 49, 48, 46, 43, 40, 37, 34, 31, 29, 28, 28, 28, 28, 28, 28, 28, 28, 28, 28], "robot_speeds": [0, 0, 1, 2, 3, 3, 3, 3, 2, 2, 1, 0, 0, 1, 2, 3, 3, 3, 3, 3, 3, 3, 2, 2, 2, 1, 0, 0, 0, 1, 0, 0, 0, 1, 2, 3, 3, 3, 3, 3, 2, 1, 0, 0, 0, 0, 1, 2, 1, 1, 0], "robot_directions": [0, 0, 0, 0, 0, 0, 0, 0, 0, 0, 0, 0, 3, 3, 3, 3, 3, 3, 3, 3, 3, 3, 3, 3, 3, 3, 3, 0, 1, 1, 1, 1, 0, 0, 0, 0, 0, 0, 0, 0, 0, 0, 0, 0, 3, 3, 3, 3, 3, 3, 3], "action_accs": [0, 1, 1, 1, 0, 0, 0, -1, 0, -1, -1, 0, 1, 1, 1, 0, 0, 0, 0, 0, 0, -1, 0, 0, -1, -1, 0, 0, 1, -1, 0, 0, 1, 1, 1, 0, 0, 0, 0, -1, -1, -1, 0, 0, 0, 1, 1, -1, 0, -1], "action_rots": [0, 0, 0, 0, 0, 0, 0, 0, 0, 0, 0, -1, 0, 0, 0, 0, 0, 0, 0, 0, 0, 0, 0, 0, 0, 0, 1, 1, 0, 0, 0, -1, 0, 0, 0, 0, 0, 0, 0, 0, 0, 0, 0, -1, 0, 0, 0, 0, 0, 0], "steps": 50, "is_goal": true}