{"map_file_path": "grid_maps/Ihlen/occ_grid_small.txt", "start_pos": [25, 77], "goal_pos": [60, 12], "robot_rows": [25, 25, 26, 28, 31, 33, 36, 39, 42, 45, 47, 48, 49, 49, 49, 49, 49, 49, 49, 49, 49, 49, 49, 49, 49, 49, 49, 49, 49, 49, 49, 49, 49, 49, 49, 49, 49, 49, 50, 52, 55, 57, 59, 60, 60, 60, 60, 60, 60, 60, 60, 60, 60, 60, 60], "robot_cols": [77, 77, 77, 77, 77, 77, 77, 77, 77, 77, 77, 77, 77, 77, 77, 77, 76, 74, 71, 68, 66, 63, 60, 57, 55, 52, 49, 46, 43, 40, 37, 34, 31, 29, 28, 27, 27, 27, 27, 27, 27, 27, 27, 27, 27, 27, 26, 24, 21, 19, 16, 14, 13, 12, 12], "robot_speeds": [0, 0, 1, 2, 3, 2, 3, 3, 3, 3, 2, 1, 1, 0, 0, 0, 1, 2, 3, 3, 2, 3, 3, 3, 2, 3, 3, 3, 3, 3, 3, 3, 3, 2, 1, 1, 0, 0, 1, 2, 3, 2, 2, 1, 0, 0, 1, 2, 3, 2, 3, 2, 1, 1, 0], "robot_directions": [0, 3, 3, 3, 3, 3, 3, 3, 3, 3, 3, 3, 3, 3, 0, 0, 0, 0, 0, 0, 0, 0, 0, 0, 0, 0, 0, 0, 0, 0, 0, 0, 0, 0, 0, 0, 0, 3, 3, 3, 3, 3, 3, 3, 3, 0, 0, 0, 0, 0, 0, 0, 0, 0, 0], "action_accs": [0, 1, 1, 1, -1, 1, 0, 1, 0, -1, -1, 0, -1, 0, 0, 1, 1, 1, 1, -1, 1, 0, 0, -1, 1, 1, 0, 0, 0, 0, 0, 0, -1, -1, 0, -1, 0, 1, 1, 1, -1, 0, -1, 0, 0, 1, 1, 1, -1, 1, -1, -1, 0, -1], "action_rots": [-1, 0, 0, 0, 0, 0, 0, 0, 0, 0, 0, 0, 0, 1, 0, 0, 0, 0, 0, 0, 0, 0, 0, 0, 0, 0, 0, 0, 0, 0, 0, 0, 0, 0, 0, 0, -1, 0, 0, 0, 0, 0, 0, 0, 1, 0, 0, 0, 0, 0, 0, 0, 0, 0], "steps": 54, "is_goal": true}