{"map_file_path": "grid_maps/Ihlen/occ_grid_small.txt", "start_pos": [48, 32], "goal_pos": [82, 58], "robot_rows": [48, 48, 49, 51, 54, 57, 55, 55, 56, 56, 57, 57, 57, 57, 57, 57, 57, 57, 57, 57, 57, 57, 57, 57], "robot_cols": [32, 32, 32, 32, 32, 32, 32, 32, 32, 32, 32, 32, 32, 32, 32, 32, 32, 32, 32, 31, 29, 26, 23, 24], "robot_speeds": [0, 0, 1, 2, 3, 3, 0, 0, 1, 0, 1, 0, 0, 0, 0, 0, 0, 0, 0, 1, 2, 3, 3, 0], "robot_directions": [0, 3, 3, 3, 3, 3, 3, 3, 3, 3, 3, 3, 3, 3, 2, 3, 0, 3, 0, 0, 0, 0, 0, 0], "action_accs": [0, 1, 1, 1, 0, 0, -1, 1, 1, 1, 0, -1, 1, 0, 0, 0, 0, 0, 1, 1, 1, 0, 0], "action_rots": [-1, 0, 0, 0, 0, 0, 0, 0, 0, 0, 0, 0, 0, -1, 1, 1, -1, 1, 0, 0, 0, 0, 0], "steps": 23, "is_goal": false}