{"map_file_path": "grid_maps/Ihlen/occ_grid_small.txt", "start_pos": [83, 41], "goal_pos": [13, 62], "robot_rows": [83, 83, 83, 83, 83, 83, 83, 83, 83, 83, 83, 83, 83, 83, 83, 83, 83, 83, 82, 80, 77, 74, 71, 68, 65, 62, 60, 57, 54, 52, 49, 46, 43, 40, 37, 34, 31, 28, 25, 23, 20, 17, 15, 14, 13, 12, 12, 12, 12, 12, 12, 12, 12, 12, 12, 12, 12, 13, 13, 13, 13, 13], "robot_cols": [41, 41, 41, 42, 44, 46, 49, 52, 54, 55, 55, 55, 55, 55, 54, 54, 54, 54, 54, 54, 54, 54, 54, 54, 54, 54, 54, 54, 54, 54, 54, 54, 54, 54, 54, 54, 54, 54, 54, 54, 54, 54, 54, 54, 54, 54, 54, 54, 55, 57, 59, 61, 62, 63, 63, 63, 63, 63, 63, 63, 62, 62], "robot_speeds": [0, 0, 0, 1, 2, 2, 3, 3, 2, 1, 0, 0, 0, 0, 1, 0, 0, 0, 1, 2, 3, 3, 3, 3, 3, 3, 2, 3, 3, 2, 3, 3, 3, 3, 3, 3, 3, 3, 3, 2, 3, 3, 2, 1, 1, 1, 0, 0, 1, 2, 2, 2, 1, 1, 0, 0, 0, 1, 0, 0, 1, 0], "robot_directions": [0, 3, 2, 2, 2, 2, 2, 2, 2, 2, 2, 3, 3, 0, 0, 0, 0, 1, 1, 1, 1, 1, 1, 1, 1, 1, 1, 1, 1, 1, 1, 1, 1, 1, 1, 1, 1, 1, 1, 1, 1, 1, 1, 1, 1, 1, 1, 2, 2, 2, 2, 2, 2, 2, 2, 2, 3, 3, 3, 0, 0, 0], "action_accs": [0, 0, 1, 1, 0, 1, 0, -1, -1, -1, 0, 0, 0, 1, -1, 0, 0, 1, 1, 1, 0, 0, 0, 0, 0, -1, 1, 1, -1, 1, 0, 0, 0, 0, 0, 0, 0, 0, -1, 1, 0, -1, -1, 0, 0, -1, 0, 1, 1, 0, 0, -1, 0, -1, 0, 0, 1, -1, 0, 1, -1], "action_rots": [-1, -1, 0, 0, 0, 0, 0, 0, 0, 0, 1, 0, 1, 0, 0, 0, 1, 0, 0, 0, 0, 0, 0, 0, 0, 0, 0, 0, 0, 0, 0, 0, 0, 0, 0, 0, 0, 0, 0, 0, 0, 0, 0, 0, 0, 0, 1, 0, 0, 0, 0, 0, 0, 0, 0, 1, 0, 0, 1, 0, 0], "steps": 61, "is_goal": true}