{"map_file_path": "grid_maps/Ihlen/occ_grid_small.txt", "start_pos": [96, 95], "goal_pos": [36, 54], "robot_rows": [96, 96, 95, 93, 91, 89, 88, 88, 88, 88, 88, 88, 88, 88, 88, 88, 88, 88, 88, 88, 88, 88, 88, 88, 88, 87, 85, 82, 80, 79, 79, 79, 79, 79, 79, 79, 79, 79, 79, 79, 78, 76, 73, 70, 67, 64, 61, 58, 55, 53, 50, 47, 44, 41, 39, 36, 34, 33, 33, 33, 33, 34, 35, 36, 36], "robot_cols": [95, 95, 95, 95, 95, 95, 95, 95, 95, 94, 92, 90, 87, 84, 81, 78, 75, 72, 69, 67, 65, 63, 62, 62, 62, 62, 62, 62, 62, 62, 62, 62, 61, 59, 57, 56, 55, 54, 54, 54, 54, 54, 54, 54, 54, 54, 54, 54, 54, 54, 54, 54, 54, 54, 54, 54, 54, 54, 54, 54, 54, 54, 54, 54, 54], "robot_speeds": [0, 0, 1, 2, 2, 2, 1, 0, 0, 1, 2, 2, 3, 3, 3, 3, 3, 3, 3, 2, 2, 2, 1, 0, 0, 1, 2, 3, 2, 1, 0, 0, 1, 2, 2, 1, 1, 1, 0, 0, 1, 2, 3, 3, 3, 3, 3, 3, 3, 2, 3, 3, 3, 3, 2, 3, 2, 1, 0, 0, 0, 1, 1, 1, 0], "robot_directions": [0, 1, 1, 1, 1, 1, 1, 1, 0, 0, 0, 0, 0, 0, 0, 0, 0, 0, 0, 0, 0, 0, 0, 0, 1, 1, 1, 1, 1, 1, 1, 0, 0, 0, 0, 0, 0, 0, 0, 1, 1, 1, 1, 1, 1, 1, 1, 1, 1, 1, 1, 1, 1, 1, 1, 1, 1, 1, 1, 0, 3, 3, 3, 3, 3], "action_accs": [0, 1, 1, 0, 0, -1, -1, 0, 1, 1, 0, 1, 0, 0, 0, 0, 0, 0, -1, 0, 0, -1, -1, 0, 1, 1, 1, -1, -1, -1, 0, 1, 1, 0, -1, 0, 0, -1, 0, 1, 1, 1, 0, 0, 0, 0, 0, 0, -1, 1, 0, 0, 0, -1, 1, -1, -1, -1, 0, 0, 1, 0, 0, -1], "action_rots": [1, 0, 0, 0, 0, 0, 0, -1, 0, 0, 0, 0, 0, 0, 0, 0, 0, 0, 0, 0, 0, 0, 0, 1, 0, 0, 0, 0, 0, 0, -1, 0, 0, 0, 0, 0, 0, 0, 1, 0, 0, 0, 0, 0, 0, 0, 0, 0, 0, 0, 0, 0, 0, 0, 0, 0, 0, 0, -1, -1, 0, 0, 0, 0], "steps": 64, "is_goal": true}