{"map_file_path": "grid_maps/Ihlen/occ_grid_small.txt", "start_pos": [22, 61], "goal_pos": [1, 23], "robot_rows": [22, 22, 22, 22, 22, 22, 22, 22, 22, 22, 22, 21, 19, 16, 13, 10, 7, 4, 2, 1, 1, 1, 1, 1, 1, 1, 1, 1, 1, 1, 1, 1, 1], "robot_cols": [61, 60, 58, 55, 52, 49, 46, 47, 46, 46, 46, 46, 46, 46, 46, 46, 46, 46, 46, 46, 46, 46, 45, 43, 40, 37, 34, 31, 29, 26, 24, 23, 23], "robot_speeds": [0, 1, 2, 3, 3, 3, 3, 0, 1, 0, 0, 1, 2, 3, 3, 3, 3, 3, 2, 1, 0, 0, 1, 2, 3, 3, 3, 3, 2, 3, 2, 1, 0], "robot_directions": [0, 0, 0, 0, 0, 0, 0, 0, 0, 0, 1, 1, 1, 1, 1, 1, 1, 1, 1, 1, 1, 0, 0, 0, 0, 0, 0, 0, 0, 0, 0, 0, 0], "action_accs": [1, 1, 1, 0, 0, 0, -1, 1, -1, 0, 1, 1, 1, 0, 0, 0, 0, -1, -1, -1, 0, 1, 1, 1, 1, 0, 0, -1, 1, -1, -1, -1], "action_rots": [0, 0, 0, 0, 0, 0, 0, 0, 0, 1, 0, 0, 0, 0, 0, 0, 0, 0, 0, 0, -1, 0, 0, 0, 0, 0, 0, 0, 0, 0, 0, 0], "steps": 32, "is_goal": true}