{"map_file_path": "grid_maps/Ihlen/occ_grid_small.txt", "start_pos": [53, 71], "goal_pos": [90, 46], "robot_rows": [53, 53, 53, 53, 53, 53, 53, 53, 53, 53, 53, 53, 54, 56, 59, 62, 65, 68, 71, 74, 77, 79, 81, 83, 84, 84, 84, 84, 84, 84, 84, 84, 84, 84, 85, 87, 89, 90, 90, 90, 90, 90, 90], "robot_cols": [71, 70, 68, 65, 62, 59, 56, 53, 51, 49, 49, 49, 49, 49, 49, 49, 49, 49, 49, 49, 49, 49, 49, 49, 49, 49, 49, 48, 46, 45, 44, 44, 44, 44, 44, 44, 44, 44, 44, 44, 45, 46, 46], "robot_speeds": [0, 1, 2, 3, 3, 3, 3, 3, 2, 2, 0, 0, 1, 2, 3, 3, 3, 3, 3, 3, 3, 2, 2, 2, 1, 0, 0, 1, 2, 1, 1, 0, 0, 0, 1, 2, 2, 1, 0, 0, 1, 1, 0], "robot_directions": [0, 0, 0, 0, 0, 0, 0, 0, 0, 0, 0, 3, 3, 3, 3, 3, 3, 3, 3, 3, 3, 3, 3, 3, 3, 3, 0, 0, 0, 0, 0, 0, 0, 3, 3, 3, 3, 3, 3, 2, 2, 2, 2], "action_accs": [1, 1, 1, 0, 0, 0, 0, -1, 0, -1, 0, 1, 1, 1, 0, 0, 0, 0, 1, 0, -1, 0, 0, -1, -1, 0, 1, 1, -1, 0, -1, 0, 0, 1, 1, 0, -1, -1, 0, 1, 0, -1], "action_rots": [0, 0, 0, 0, 0, 0, 0, 0, 0, 0, -1, 0, 0, 0, 0, 0, 0, 0, 0, 0, 0, 0, 0, 0, 0, 1, 0, 0, 0, 0, 0, 0, -1, 0, 0, 0, 0, 0, -1, 0, 0, 0], "steps": 42, "is_goal": true}