{"map_file_path": "grid_maps/Ihlen/occ_grid_small.txt", "start_pos": [10, 13], "goal_pos": [28, 77], "robot_rows": [10, 10, 11, 13, 15, 16, 16, 16, 16, 16, 16, 16, 16, 16, 16, 16, 16, 16, 16, 16, 16, 16, 16, 16, 16, 16, 16, 16, 16, 16, 16, 16, 16, 16, 16, 16, 16, 17, 19, 22, 25, 27, 28, 28], "robot_cols": [13, 13, 13, 13, 13, 13, 13, 13, 14, 16, 19, 22, 25, 28, 31, 34, 37, 40, 43, 46, 48, 51, 54, 57, 60, 63, 66, 69, 72, 74, 75, 76, 77, 77, 77, 77, 77, 77, 77, 77, 77, 77, 77, 77], "robot_speeds": [0, 0, 1, 2, 2, 1, 0, 0, 1, 2, 3, 3, 3, 3, 3, 3, 3, 3, 3, 3, 2, 3, 3, 3, 3, 3, 3, 3, 3, 2, 1, 1, 1, 0, 0, 0, 0, 1, 2, 3, 3, 2, 1, 0], "robot_directions": [0, 3, 3, 3, 3, 3, 3, 2, 2, 2, 2, 2, 2, 2, 2, 2, 2, 2, 2, 2, 2, 2, 2, 2, 2, 2, 2, 2, 2, 2, 2, 2, 2, 2, 2, 2, 3, 3, 3, 3, 3, 3, 3, 3], "action_accs": [0, 1, 1, 0, -1, -1, 0, 1, 1, 1, 0, 0, 0, 0, 0, 0, 0, 0, 0, -1, 1, 0, 0, 0, 0, 0, 0, 0, -1, -1, 0, 0, -1, 0, 0, 0, 1, 1, 1, 0, -1, -1, -1], "action_rots": [-1, 0, 0, 0, 0, 0, -1, 0, 0, 0, 0, 0, 0, 0, 0, 0, 0, 0, 0, 0, 0, 0, 0, 0, 0, 0, 0, 0, 0, 0, 0, 0, 0, 0, 0, 1, 0, 0, 0, 0, 0, 0, 0], "steps": 43, "is_goal": true}