{"map_file_path": "grid_maps/Ihlen/occ_grid_small.txt", "start_pos": [29, 83], "goal_pos": [87, 42], "robot_rows": [29, 29, 29, 29, 29, 30, 31, 33, 36, 39, 42, 45, 48, 51, 53, 54, 54, 54, 54, 53, 53, 53, 53, 53, 53, 53, 53, 53, 53, 53, 53, 53, 53, 53, 53, 53, 53, 53, 53, 54, 56, 59, 62, 65, 68, 71, 74, 77, 80, 82, 83, 83, 83, 83, 83, 83, 83, 83, 83, 83, 84, 86, 87, 87, 87, 87, 87], "robot_cols": [83, 82, 81, 81, 81, 81, 81, 81, 81, 81, 81, 81, 81, 81, 81, 81, 81, 81, 81, 81, 81, 81, 81, 80, 78, 75, 72, 69, 66, 63, 60, 57, 54, 52, 50, 49, 49, 49, 49, 49, 49, 49, 49, 49, 49, 49, 49, 49, 49, 49, 49, 49, 49, 48, 46, 44, 42, 41, 41, 41, 41, 41, 41, 41, 41, 42, 42], "robot_speeds": [0, 1, 1, 0, 0, 1, 1, 2, 3, 3, 3, 3, 3, 3, 2, 1, 0, 0, 0, 1, 0, 0, 0, 1, 2, 3, 3, 3, 3, 3, 3, 3, 3, 2, 2, 1, 0, 0, 0, 1, 2, 3, 3, 3, 3, 3, 3, 3, 3, 2, 1, 0, 0, 1, 2, 2, 2, 1, 0, 0, 1, 2, 1, 0, 0, 1, 0], "robot_directions": [0, 0, 0, 0, 3, 3, 3, 3, 3, 3, 3, 3, 3, 3, 3, 3, 3, 0, 1, 1, 1, 0, 0, 0, 0, 0, 0, 0, 0, 0, 0, 0, 0, 0, 0, 0, 0, 0, 3, 3, 3, 3, 3, 3, 3, 3, 3, 3, 3, 3, 3, 3, 0, 0, 0, 0, 0, 0, 0, 3, 3, 3, 3, 3, 2, 2, 2], "action_accs": [1, 0, -1, 0, 1, 0, 1, 1, 0, 0, 0, 0, 0, -1, -1, -1, 0, 0, 1, -1, 0, 0, 1, 1, 1, 0, 0, 0, 1, 0, 0, 0, -1, 0, -1, -1, 0, 0, 1, 1, 1, 0, 0, 0, 0, 0, 1, 0, -1, -1, -1, 0, 1, 1, 0, 0, -1, -1, 0, 1, 1, -1, -1, 0, 1, -1], "action_rots": [0, 0, 0, -1, 0, 0, 0, 0, 0, 0, 0, 0, 0, 0, 0, 0, 1, 1, 0, 0, -1, 0, 0, 0, 0, 0, 0, 0, 0, 0, 0, 0, 0, 0, 0, 0, 0, -1, 0, 0, 0, 0, 0, 0, 0, 0, 0, 0, 0, 0, 0, 1, 0, 0, 0, 0, 0, 0, -1, 0, 0, 0, 0, -1, 0, 0], "steps": 66, "is_goal": true}