{"map_file_path": "grid_maps/Ihlen/occ_grid_small.txt", "start_pos": [30, 93], "goal_pos": [11, 34], "robot_rows": [30, 30, 29, 27, 24, 21, 18, 15, 13, 12, 11, 11, 11, 11, 11, 11, 11, 11, 11, 11, 11, 11, 11, 11, 11, 11, 11, 11, 11, 11, 11, 11, 11, 11, 11, 11, 11], "robot_cols": [93, 93, 93, 93, 93, 93, 93, 93, 93, 93, 93, 93, 93, 92, 91, 89, 86, 83, 80, 78, 75, 72, 69, 67, 64, 61, 58, 55, 52, 49, 46, 43, 40, 37, 35, 34, 34], "robot_speeds": [0, 0, 1, 2, 3, 3, 3, 3, 2, 1, 1, 0, 0, 1, 1, 2, 3, 3, 3, 2, 3, 3, 3, 2, 3, 3, 3, 3, 3, 3, 3, 3, 3, 3, 2, 1, 0], "robot_directions": [0, 1, 1, 1, 1, 1, 1, 1, 1, 1, 1, 1, 0, 0, 0, 0, 0, 0, 0, 0, 0, 0, 0, 0, 0, 0, 0, 0, 0, 0, 0, 0, 0, 0, 0, 0, 0], "action_accs": [0, 1, 1, 1, 0, 0, 0, -1, -1, 0, -1, 0, 1, 0, 1, 1, 0, 0, -1, 1, 0, 0, -1, 1, 1, 0, 0, 0, 0, 0, 0, 0, 0, -1, -1, -1], "action_rots": [1, 0, 0, 0, 0, 0, 0, 0, 0, 0, 0, -1, 0, 0, 0, 0, 0, 0, 0, 0, 0, 0, 0, 0, 0, 0, 0, 0, 0, 0, 0, 0, 0, 0, 0, 0], "steps": 36, "is_goal": true}