{"map_file_path": "grid_maps/Ihlen/occ_grid_small.txt", "start_pos": [46, 88], "goal_pos": [52, 7], "robot_rows": [46, 46, 47, 49, 50, 50, 50, 50, 50, 50, 50, 50, 50, 50, 50, 50, 50, 50, 50, 50, 50, 50, 50, 50, 50, 50, 50, 50, 50, 50, 50, 50, 50, 51, 53, 55, 57, 58, 58, 58, 58, 58, 58, 58, 58, 58, 58, 58, 58, 58, 58, 57, 56, 54, 53, 52, 52], "robot_cols": [88, 88, 88, 88, 88, 88, 88, 87, 85, 83, 80, 77, 74, 71, 68, 65, 62, 59, 56, 54, 52, 49, 47, 44, 41, 38, 35, 32, 30, 29, 28, 28, 28, 28, 28, 28, 28, 28, 28, 28, 27, 25, 22, 19, 16, 13, 10, 8, 7, 7, 7, 7, 7, 7, 7, 7, 7], "robot_speeds": [0, 0, 1, 2, 1, 0, 0, 1, 2, 2, 3, 3, 3, 3, 3, 3, 3, 3, 3, 2, 2, 3, 2, 3, 3, 3, 3, 3, 2, 1, 1, 0, 0, 1, 2, 2, 2, 1, 0, 0, 1, 2, 3, 3, 3, 3, 3, 2, 1, 0, 0, 1, 1, 2, 1, 1, 0], "robot_directions": [0, 3, 3, 3, 3, 3, 0, 0, 0, 0, 0, 0, 0, 0, 0, 0, 0, 0, 0, 0, 0, 0, 0, 0, 0, 0, 0, 0, 0, 0, 0, 0, 3, 3, 3, 3, 3, 3, 3, 0, 0, 0, 0, 0, 0, 0, 0, 0, 0, 0, 1, 1, 1, 1, 1, 1, 1], "action_accs": [0, 1, 1, -1, -1, 0, 1, 1, 0, 1, 0, 1, 0, 0, 0, 0, 0, 0, -1, 0, 1, -1, 1, 0, 0, 0, 0, -1, -1, 0, -1, 0, 1, 1, 0, 0, -1, -1, 0, 1, 1, 1, 0, 0, 0, 0, -1, -1, -1, 0, 1, 0, 1, -1, 0, -1], "action_rots": [-1, 0, 0, 0, 0, 1, 0, 0, 0, 0, 0, 0, 0, 0, 0, 0, 0, 0, 0, 0, 0, 0, 0, 0, 0, 0, 0, 0, 0, 0, 0, -1, 0, 0, 0, 0, 0, 0, 1, 0, 0, 0, 0, 0, 0, 0, 0, 0, 0, 1, 0, 0, 0, 0, 0, 0], "steps": 56, "is_goal": true}