{"map_file_path": "grid_maps/Ihlen/occ_grid_small.txt", "start_pos": [61, 8], "goal_pos": [86, 63], "robot_rows": [61, 61, 60, 58, 57, 57, 57, 57, 58, 58, 58, 58, 58, 58, 58, 58, 58, 58, 58, 58, 58, 58, 58, 58, 57, 55, 53, 51, 50, 49, 49, 49, 49, 49, 49, 49, 49, 49, 49, 49, 49, 49, 49, 49, 49, 50, 52, 55, 58, 60, 63, 66, 69, 72, 74, 77, 79, 81, 82, 82, 82, 82, 82, 82, 82, 82, 82, 82, 83, 85, 86, 86], "robot_cols": [8, 8, 8, 8, 8, 8, 8, 8, 8, 8, 8, 8, 9, 11, 14, 17, 20, 23, 26, 28, 29, 30, 30, 30, 30, 30, 30, 30, 30, 30, 30, 30, 31, 33, 36, 39, 41, 44, 47, 50, 52, 53, 54, 54, 54, 54, 54, 54, 54, 54, 54, 54, 54, 54, 54, 54, 54, 54, 54, 54, 54, 55, 57, 60, 62, 63, 63, 63, 63, 63, 63, 63], "robot_speeds": [0, 0, 1, 2, 1, 0, 0, 0, 1, 0, 0, 0, 1, 2, 3, 3, 3, 3, 3, 2, 1, 1, 0, 0, 1, 2, 2, 2, 1, 1, 0, 0, 1, 2, 3, 3, 2, 3, 3, 3, 2, 1, 1, 0, 0, 1, 2, 3, 3, 2, 3, 3, 3, 3, 2, 3, 2, 2, 1, 0, 0, 1, 2, 3, 2, 1, 0, 0, 1, 2, 1, 0], "robot_directions": [0, 1, 1, 1, 1, 1, 0, 3, 3, 3, 3, 2, 2, 2, 2, 2, 2, 2, 2, 2, 2, 2, 2, 1, 1, 1, 1, 1, 1, 1, 1, 2, 2, 2, 2, 2, 2, 2, 2, 2, 2, 2, 2, 2, 3, 3, 3, 3, 3, 3, 3, 3, 3, 3, 3, 3, 3, 3, 3, 3, 2, 2, 2, 2, 2, 2, 2, 3, 3, 3, 3, 3], "action_accs": [0, 1, 1, -1, -1, 0, 0, 1, -1, 0, 0, 1, 1, 1, 0, 0, 0, 0, -1, -1, 0, -1, 0, 1, 1, 0, 0, -1, 0, -1, 0, 1, 1, 1, 0, -1, 1, 0, 0, -1, -1, 0, -1, 0, 1, 1, 1, 1, -1, 1, 0, 0, 0, -1, 1, -1, 0, -1, -1, 0, 1, 1, 1, -1, -1, -1, 0, 1, 1, -1, -1], "action_rots": [1, 0, 0, 0, 0, -1, -1, 0, 0, 0, -1, 0, 0, 0, 0, 0, 0, 0, 0, 0, 0, 0, -1, 0, 0, 0, 0, 0, 0, 0, 1, 0, 0, 0, 0, 0, 0, 0, 0, 0, 0, 0, 0, 1, 0, 0, 0, 0, 0, 0, 0, 0, 0, 0, 0, 0, 0, 0, 0, -1, 0, 0, 0, 0, 0, 0, 1, 0, 0, 0, 0], "steps": 71, "is_goal": true}