{"map_file_path": "grid_maps/Ihlen/occ_grid_small.txt", "start_pos": [81, 29], "goal_pos": [55, 74], "robot_rows": [81, 81, 81, 81, 81, 81, 81, 81, 81, 81, 81, 81, 81, 81, 81, 81, 81, 81, 81, 81, 81, 81, 81, 81, 81, 80, 78, 75, 72, 69, 66, 63, 60, 57, 55, 54, 53, 53, 53, 53, 53, 53, 53, 53, 53, 53, 53, 53, 53, 53, 53, 54, 55, 55, 55, 55, 55, 55], "robot_cols": [29, 29, 29, 30, 32, 35, 38, 41, 44, 46, 49, 52, 54, 55, 57, 58, 58, 58, 58, 58, 58, 57, 56, 56, 56, 56, 56, 56, 56, 56, 56, 56, 56, 56, 56, 56, 56, 56, 56, 57, 59, 61, 64, 67, 70, 72, 73, 75, 76, 76, 76, 76, 76, 76, 76, 75, 74, 74], "robot_speeds": [0, 0, 0, 1, 2, 3, 3, 3, 3, 2, 3, 3, 2, 1, 2, 1, 0, 0, 0, 0, 0, 1, 1, 0, 0, 1, 2, 3, 3, 3, 3, 3, 3, 3, 2, 1, 1, 0, 0, 1, 2, 2, 3, 3, 3, 2, 1, 2, 1, 0, 0, 1, 1, 0, 0, 1, 1, 0], "robot_directions": [0, 3, 2, 2, 2, 2, 2, 2, 2, 2, 2, 2, 2, 2, 2, 2, 2, 2, 2, 3, 0, 0, 0, 0, 1, 1, 1, 1, 1, 1, 1, 1, 1, 1, 1, 1, 1, 1, 2, 2, 2, 2, 2, 2, 2, 2, 2, 2, 2, 2, 3, 3, 3, 3, 0, 0, 0, 0], "action_accs": [0, 0, 1, 1, 1, 0, 0, 0, -1, 1, 0, -1, -1, 1, -1, -1, 0, 0, 0, 0, 1, 0, -1, 0, 1, 1, 1, 0, 0, 0, 0, 0, 1, -1, -1, 0, -1, 0, 1, 1, 0, 1, 0, 0, -1, -1, 1, -1, -1, 0, 1, 0, -1, 0, 1, 0, -1], "action_rots": [-1, -1, 0, 0, 0, 0, 0, 0, 0, 0, 0, 0, 0, 0, 0, 0, 0, 0, 1, 1, 0, 0, 0, 1, 0, 0, 0, 0, 0, 0, 0, 0, 0, 0, 0, 0, 0, 1, 0, 0, 0, 0, 0, 0, 0, 0, 0, 0, 0, 1, 0, 0, 0, 1, 0, 0, 0], "steps": 57, "is_goal": true}