{"map_file_path": "grid_maps/Ihlen/occ_grid_small.txt", "start_pos": [18, 95], "goal_pos": [59, 17], "robot_rows": [18, 18, 17, 15, 12, 9, 9, 9, 9, 9, 9, 9, 9, 9, 9, 9, 9, 9, 9, 9, 9, 9, 9, 9, 9, 9, 9, 9, 9, 9, 9, 9, 9, 9, 9, 9, 9, 9, 9, 9, 9, 9, 9], "robot_cols": [95, 95, 95, 95, 95, 95, 95, 95, 96, 96, 97, 97, 97, 97, 97, 97, 96, 95, 93, 90, 87, 84, 81, 78, 75, 72, 70, 67, 64, 61, 58, 55, 52, 50, 47, 44, 41, 38, 36, 33, 30, 27, 28], "robot_speeds": [0, 0, 1, 2, 3, 3, 0, 0, 1, 0, 1, 0, 0, 0, 0, 0, 1, 1, 2, 3, 3, 3, 3, 3, 3, 3, 2, 3, 3, 3, 3, 3, 3, 2, 3, 3, 3, 3, 2, 3, 3, 3, 0], "robot_directions": [0, 1, 1, 1, 1, 1, 1, 2, 2, 2, 2, 2, 2, 1, 0, 0, 0, 0, 0, 0, 0, 0, 0, 0, 0, 0, 0, 0, 0, 0, 0, 0, 0, 0, 0, 0, 0, 0, 0, 0, 0, 0, 0], "action_accs": [0, 1, 1, 1, 1, 0, 0, 1, 1, 1, 0, 1, 0, 0, 0, 1, 0, 1, 1, 0, 0, 0, 0, 0, 0, -1, 1, 0, 0, 0, 0, 0, -1, 1, 0, 0, 0, -1, 1, 0, 0, 0], "action_rots": [1, 0, 0, 0, 0, 0, 1, 0, 0, 0, 0, 0, -1, -1, 0, 0, 0, 0, 0, 0, 0, 0, 0, 0, 0, 0, 0, 0, 0, 0, 0, 0, 0, 0, 0, 0, 0, 0, 0, 0, 0, 0], "steps": 42, "is_goal": false}