{"map_file_path": "grid_maps/Ihlen/occ_grid_small.txt", "start_pos": [44, 26], "goal_pos": [83, 90], "robot_rows": [44, 44, 43, 43, 43, 43, 43, 43, 43, 43, 43, 43, 43, 43, 43, 43, 43, 43, 43], "robot_cols": [26, 26, 26, 26, 26, 26, 26, 26, 26, 26, 26, 26, 26, 26, 26, 26, 26, 26, 26], "robot_speeds": [0, 0, 1, 0, 0, 0, 0, 0, 0, 0, 0, 0, 0, 0, 0, 0, 0, 0, 0], "robot_directions": [0, 1, 1, 1, 1, 2, 1, 1, 2, 2, 3, 0, 0, 0, 1, 1, 2, 1, 1], "action_accs": [0, 1, 0, 1, 0, 0, 0, 0, 0, 0, 0, 1, 0, 0, 1, 0, 0, 1], "action_rots": [1, 0, 0, 0, 1, -1, 0, 1, 0, 1, 1, 0, 0, 1, 0, 1, -1, 0], "steps": 18, "is_goal": false}