{"map_file_path": "grid_maps/Ihlen/occ_grid_small.txt", "start_pos": [54, 60], "goal_pos": [55, 5], "robot_rows": [54, 54, 53, 51, 50, 50, 50, 50, 50, 50, 50, 50, 50, 50, 50, 50, 50, 50, 50, 50, 50, 50, 50, 51, 53, 55, 57, 58, 58, 58, 58, 58, 58, 58, 58, 58, 58, 58, 58, 58, 58, 58, 58, 58, 58, 57, 55, 54, 53, 53, 53, 53, 53, 53, 53, 53, 54, 55, 55], "robot_cols": [60, 60, 60, 60, 60, 60, 60, 59, 57, 55, 53, 51, 48, 45, 42, 39, 36, 33, 30, 28, 27, 27, 27, 27, 27, 27, 27, 27, 27, 27, 27, 26, 24, 21, 18, 15, 12, 9, 7, 6, 4, 3, 2, 2, 2, 2, 2, 2, 2, 2, 2, 3, 4, 5, 5, 5, 5, 5, 5], "robot_speeds": [0, 0, 1, 2, 1, 0, 0, 1, 2, 2, 2, 2, 3, 3, 3, 3, 3, 3, 3, 2, 1, 0, 0, 1, 2, 2, 2, 1, 0, 0, 0, 1, 2, 3, 3, 3, 3, 3, 2, 1, 2, 1, 1, 0, 0, 1, 2, 1, 1, 0, 0, 1, 1, 1, 0, 0, 1, 1, 0], "robot_directions": [0, 1, 1, 1, 1, 1, 0, 0, 0, 0, 0, 0, 0, 0, 0, 0, 0, 0, 0, 0, 0, 0, 3, 3, 3, 3, 3, 3, 3, 0, 0, 0, 0, 0, 0, 0, 0, 0, 0, 0, 0, 0, 0, 0, 1, 1, 1, 1, 1, 1, 2, 2, 2, 2, 2, 3, 3, 3, 3], "action_accs": [0, 1, 1, -1, -1, 0, 1, 1, 0, 0, 0, 1, 0, 0, 1, 1, 0, 0, -1, -1, -1, 0, 1, 1, 0, 0, -1, -1, 0, 0, 1, 1, 1, 0, 0, 0, 0, -1, -1, 1, -1, 0, -1, 0, 1, 1, -1, 0, -1, 0, 1, 0, 0, -1, 0, 1, 0, -1], "action_rots": [1, 0, 0, 0, 0, -1, 0, 0, 0, 0, 0, 0, 0, 0, 0, 0, 0, 0, 0, 0, 0, -1, 0, 0, 0, 0, 0, 0, 1, 0, 0, 0, 0, 0, 0, 0, 0, 0, 0, 0, 0, 0, 0, 1, 0, 0, 0, 0, 0, 1, 0, 0, 0, 0, 1, 0, 0, 0], "steps": 58, "is_goal": true}