{"map_file_path": "grid_maps/Ihlen/occ_grid_small.txt", "start_pos": [22, 6], "goal_pos": [23, 78], "robot_rows": [22, 22, 22, 22, 22, 22, 22, 22, 22, 22, 22, 22, 22, 22, 23, 25, 25], "robot_cols": [6, 6, 6, 6, 7, 9, 9, 9, 10, 10, 10, 10, 10, 10, 10, 10, 10], "robot_speeds": [0, 0, 0, 0, 1, 2, 0, 0, 1, 0, 0, 0, 0, 0, 1, 2, 0], "robot_directions": [0, 3, 3, 2, 2, 2, 2, 2, 2, 2, 2, 2, 2, 3, 3, 3, 3], "action_accs": [0, 0, 0, 1, 1, 0, -1, 1, 0, -1, 1, 1, 0, 1, 1, 0], "action_rots": [-1, 0, -1, 0, 0, 0, 0, 0, 0, 0, 0, 0, 1, 0, 0, 0], "steps": 16, "is_goal": false}