{"map_file_path": "grid_maps/Ihlen/occ_grid_small.txt", "start_pos": [52, 89], "goal_pos": [67, 49], "robot_rows": [52, 52, 52, 52, 52, 52, 52, 52, 52, 52, 52, 52, 51, 49, 46, 47, 47, 47, 47, 47, 47, 47, 47, 47, 47, 47, 47, 47, 47, 47, 47, 47, 46, 44, 41, 42, 41, 41, 41, 41], "robot_cols": [89, 89, 89, 89, 89, 89, 89, 89, 89, 89, 89, 89, 89, 89, 89, 89, 89, 88, 86, 83, 80, 77, 74, 71, 68, 65, 63, 60, 61, 61, 61, 61, 61, 61, 61, 61, 61, 61, 61, 61], "robot_speeds": [0, 0, 0, 0, 0, 0, 0, 0, 0, 0, 0, 0, 1, 2, 3, 0, 0, 1, 2, 3, 3, 3, 3, 3, 3, 3, 2, 3, 0, 0, 0, 0, 1, 2, 3, 0, 1, 0, 0, 0], "robot_directions": [0, 1, 2, 3, 0, 3, 2, 1, 2, 3, 2, 1, 1, 1, 1, 1, 0, 0, 0, 0, 0, 0, 0, 0, 0, 0, 0, 0, 0, 3, 2, 1, 1, 1, 1, 1, 1, 1, 1, 1], "action_accs": [0, 0, 0, 0, 0, 0, 0, 0, 0, 0, 0, 1, 1, 1, -1, 0, 1, 1, 1, 0, 0, 0, 0, 0, 0, -1, 1, -1, 0, 0, 0, 1, 1, 1, -1, 1, -1, 1, 1], "action_rots": [1, 1, 1, 1, -1, -1, -1, 1, 1, -1, -1, 0, 0, 0, 0, -1, 0, 0, 0, 0, 0, 0, 0, 0, 0, 0, 0, 0, -1, -1, -1, 0, 0, 0, 0, 0, 0, 0, 0], "steps": 39, "is_goal": false}