{"map_file_path": "grid_maps/Ihlen/occ_grid_small.txt", "start_pos": [32, 80], "goal_pos": [8, 51], "robot_rows": [32, 32, 32, 32, 32, 32, 32, 32, 32, 32, 32, 32, 32, 32, 32, 32, 32, 32, 32, 32, 32, 32, 32, 32, 32, 32, 32, 33, 33, 33, 33, 33, 33, 33, 33, 33, 33, 32, 30, 27, 24, 21, 18, 15, 12, 9, 9], "robot_cols": [80, 80, 80, 79, 77, 75, 72, 69, 66, 63, 60, 62, 62, 62, 62, 62, 62, 62, 62, 62, 62, 62, 61, 61, 61, 61, 61, 61, 61, 61, 61, 61, 60, 60, 60, 60, 60, 60, 60, 60, 60, 60, 60, 60, 60, 60, 60], "robot_speeds": [0, 0, 0, 1, 2, 2, 3, 3, 3, 3, 3, 0, 0, 0, 0, 0, 0, 0, 0, 0, 0, 0, 1, 0, 0, 0, 0, 1, 0, 0, 0, 0, 1, 0, 0, 0, 0, 1, 2, 3, 3, 3, 3, 3, 3, 3, 0], "robot_directions": [0, 1, 0, 0, 0, 0, 0, 0, 0, 0, 0, 0, 1, 2, 3, 0, 1, 0, 3, 0, 1, 0, 0, 0, 1, 0, 3, 3, 3, 0, 3, 0, 0, 0, 3, 0, 1, 1, 1, 1, 1, 1, 1, 1, 1, 1, 1], "action_accs": [0, 0, 1, 1, 0, 1, 0, 0, 0, 0, 0, 0, 0, 0, 0, 0, 0, 0, 0, 0, 0, 1, 1, 0, 0, 0, 1, 0, 0, 0, 0, 1, 0, 0, 0, 0, 1, 1, 1, 0, 0, 0, 0, 0, 0, 0], "action_rots": [1, -1, 0, 0, 0, 0, 0, 0, 0, 0, 0, 1, 1, 1, 1, 1, -1, -1, 1, 1, -1, 0, 0, 1, -1, -1, 0, 0, 1, -1, 1, 0, 0, -1, 1, 1, 0, 0, 0, 0, 0, 0, 0, 0, 0, 0], "steps": 46, "is_goal": false}