{"map_file_path": "grid_maps/Ihlen/occ_grid_small.txt", "start_pos": [69, 87], "goal_pos": [61, 24], "robot_rows": [69, 69, 68, 66, 64, 61, 58, 55, 52, 49, 47, 46, 46, 46, 46, 47, 48, 49, 49, 49, 49, 49, 49, 49, 49, 49, 49, 49, 49, 49, 49, 49, 49, 49, 49, 49, 49, 49, 49, 49, 49, 49, 49, 49, 49, 49, 49, 50, 52, 55, 58, 60, 60, 60, 60, 60, 60, 60, 60, 61, 61], "robot_cols": [87, 87, 87, 87, 87, 87, 87, 87, 87, 87, 87, 87, 87, 87, 87, 87, 87, 87, 87, 87, 87, 87, 86, 84, 81, 78, 76, 73, 70, 67, 64, 61, 58, 55, 52, 49, 46, 44, 41, 38, 35, 32, 30, 28, 27, 27, 27, 27, 27, 27, 27, 27, 27, 27, 26, 25, 24, 24, 24, 24, 24], "robot_speeds": [0, 0, 1, 2, 2, 3, 3, 3, 3, 3, 2, 1, 0, 0, 0, 1, 1, 1, 0, 0, 0, 0, 1, 2, 3, 3, 2, 3, 3, 3, 3, 3, 3, 3, 3, 3, 3, 2, 3, 3, 3, 3, 2, 2, 1, 0, 0, 1, 2, 3, 3, 2, 0, 0, 1, 1, 1, 0, 0, 1, 0], "robot_directions": [0, 1, 1, 1, 1, 1, 1, 1, 1, 1, 1, 1, 1, 0, 3, 3, 3, 3, 3, 3, 3, 0, 0, 0, 0, 0, 0, 0, 0, 0, 0, 0, 0, 0, 0, 0, 0, 0, 0, 0, 0, 0, 0, 0, 0, 0, 3, 3, 3, 3, 3, 3, 3, 0, 0, 0, 0, 0, 3, 3, 3], "action_accs": [0, 1, 1, 0, 1, 0, 0, 0, 0, -1, -1, -1, 0, 0, 1, 0, 0, -1, 0, 0, 0, 1, 1, 1, 0, -1, 1, 0, 0, 0, 0, 0, 0, 0, 0, 0, -1, 1, 0, 0, 0, -1, 0, -1, -1, 0, 1, 1, 1, 0, -1, -1, 0, 1, 0, 0, -1, 0, 1, -1], "action_rots": [1, 0, 0, 0, 0, 0, 0, 0, 0, 0, 0, 0, -1, -1, 0, 0, 0, 0, 0, 0, 1, 0, 0, 0, 0, 0, 0, 0, 0, 0, 0, 0, 0, 0, 0, 0, 0, 0, 0, 0, 0, 0, 0, 0, 0, -1, 0, 0, 0, 0, 0, 0, 1, 0, 0, 0, 0, -1, 0, 0], "steps": 60, "is_goal": true}