{"map_file_path": "grid_maps/Ihlen/occ_grid_small.txt", "start_pos": [81, 90], "goal_pos": [1, 33], "robot_rows": [81, 81, 80, 79, 79, 79, 79, 79, 79, 79, 79, 79, 79, 79, 79, 79, 79, 79, 79, 79, 79, 79, 79, 79, 79, 78, 76, 73, 70, 67, 64, 61, 58, 55, 52, 49, 46, 43, 40, 37, 34, 31, 29, 26, 23, 20, 18, 16, 13, 11, 8, 5, 3, 2, 1, 1, 1, 1, 1, 1, 1, 1, 1, 1, 1, 1, 1, 1, 1, 1, 1, 1], "robot_cols": [90, 90, 90, 90, 90, 90, 89, 87, 84, 82, 79, 76, 73, 70, 67, 64, 61, 58, 55, 53, 52, 51, 50, 50, 50, 50, 50, 50, 50, 50, 50, 50, 50, 50, 50, 50, 50, 50, 50, 50, 50, 50, 50, 50, 50, 50, 50, 50, 50, 50, 50, 50, 50, 50, 50, 50, 50, 50, 49, 47, 44, 41, 38, 36, 34, 33, 32, 32, 32, 32, 33, 33], "robot_speeds": [0, 0, 1, 1, 0, 0, 1, 2, 3, 2, 3, 3, 3, 3, 3, 3, 3, 3, 3, 2, 1, 1, 1, 0, 0, 1, 2, 3, 3, 3, 3, 3, 3, 3, 3, 3, 3, 3, 3, 3, 3, 3, 2, 3, 3, 3, 2, 2, 3, 2, 3, 3, 2, 1, 1, 0, 0, 0, 1, 2, 3, 3, 3, 2, 2, 1, 1, 0, 0, 0, 1, 0], "robot_directions": [0, 1, 1, 1, 1, 0, 0, 0, 0, 0, 0, 0, 0, 0, 0, 0, 0, 0, 0, 0, 0, 0, 0, 0, 1, 1, 1, 1, 1, 1, 1, 1, 1, 1, 1, 1, 1, 1, 1, 1, 1, 1, 1, 1, 1, 1, 1, 1, 1, 1, 1, 1, 1, 1, 1, 1, 1, 0, 0, 0, 0, 0, 0, 0, 0, 0, 0, 0, 3, 2, 2, 2], "action_accs": [0, 1, 0, -1, 0, 1, 1, 1, -1, 1, 0, 0, 0, 0, 0, 0, 0, 0, -1, -1, 0, 0, -1, 0, 1, 1, 1, 0, 0, 0, 0, 0, 0, 0, 0, 0, 0, 0, 0, 0, 1, -1, 1, 0, 0, -1, 0, 1, -1, 1, 0, -1, -1, 0, -1, 0, 0, 1, 1, 1, 0, 0, -1, 0, -1, 0, -1, 0, 0, 1, -1], "action_rots": [1, 0, 0, 0, -1, 0, 0, 0, 0, 0, 0, 0, 0, 0, 0, 0, 0, 0, 0, 0, 0, 0, 0, 1, 0, 0, 0, 0, 0, 0, 0, 0, 0, 0, 0, 0, 0, 0, 0, 0, 0, 0, 0, 0, 0, 0, 0, 0, 0, 0, 0, 0, 0, 0, 0, 0, -1, 0, 0, 0, 0, 0, 0, 0, 0, 0, 0, -1, -1, 0, 0], "steps": 71, "is_goal": true}