{"map_file_path": "grid_maps/Ihlen/occ_grid_small.txt", "start_pos": [7, 74], "goal_pos": [38, 52], "robot_rows": [7, 7, 8, 8, 8, 8, 8, 8, 8, 8, 8, 8, 8, 8, 8, 8, 8, 8, 9, 11, 14, 16, 19, 22, 25, 28, 31, 34, 37, 39, 40, 40, 40, 40, 40, 39, 38, 38], "robot_cols": [74, 74, 74, 74, 74, 74, 73, 71, 68, 66, 63, 60, 57, 55, 53, 52, 52, 52, 52, 52, 52, 52, 52, 52, 52, 52, 52, 52, 52, 52, 52, 52, 52, 52, 52, 52, 52, 52], "robot_speeds": [0, 0, 1, 0, 0, 0, 1, 2, 3, 2, 3, 3, 3, 2, 2, 1, 0, 0, 1, 2, 3, 2, 3, 3, 3, 3, 3, 3, 3, 2, 1, 0, 0, 0, 0, 1, 1, 0], "robot_directions": [0, 3, 3, 3, 3, 0, 0, 0, 0, 0, 0, 0, 0, 0, 0, 0, 0, 3, 3, 3, 3, 3, 3, 3, 3, 3, 3, 3, 3, 3, 3, 3, 0, 1, 1, 1, 1, 1], "action_accs": [0, 1, -1, 0, 0, 1, 1, 1, -1, 1, 0, 0, -1, 0, -1, -1, 0, 1, 1, 1, -1, 1, 0, 0, 0, 0, 0, 0, -1, -1, -1, 0, 0, 0, 1, 0, -1], "action_rots": [-1, 0, 0, 0, 1, 0, 0, 0, 0, 0, 0, 0, 0, 0, 0, 0, -1, 0, 0, 0, 0, 0, 0, 0, 0, 0, 0, 0, 0, 0, 0, 1, 1, 0, 0, 0, 0], "steps": 37, "is_goal": true}