{"map_file_path": "grid_maps/Ihlen/occ_grid_small.txt", "start_pos": [84, 6], "goal_pos": [2, 8], "robot_rows": [84, 84, 84, 84, 84, 84, 84, 85, 87, 90, 93, 96, 95, 95, 95, 95, 95, 95, 94, 92, 89, 86, 83, 80, 80, 80, 80, 80, 80, 80, 80, 80, 80, 80, 80, 80, 80, 80, 80, 80, 80], "robot_cols": [6, 6, 6, 6, 6, 6, 6, 6, 6, 6, 6, 6, 6, 6, 6, 6, 6, 6, 6, 6, 6, 6, 6, 6, 6, 6, 6, 6, 6, 6, 5, 3, 3, 3, 3, 3, 3, 3, 3, 2, 2], "robot_speeds": [0, 0, 0, 0, 0, 0, 0, 1, 2, 3, 3, 3, 0, 0, 0, 0, 0, 0, 1, 2, 3, 3, 3, 3, 0, 0, 0, 0, 0, 0, 1, 2, 0, 0, 0, 0, 0, 0, 0, 1, 0], "robot_directions": [0, 0, 3, 2, 3, 2, 3, 3, 3, 3, 3, 3, 3, 3, 0, 0, 1, 1, 1, 1, 1, 1, 1, 1, 1, 1, 2, 2, 1, 0, 0, 0, 0, 1, 0, 3, 0, 3, 0, 0, 0], "action_accs": [1, 0, 0, 0, 0, 0, 1, 1, 1, 0, 0, 0, 0, 0, 0, 0, 0, 1, 1, 1, 0, 0, 0, 0, -1, 0, 0, 0, 0, 1, 1, 1, 0, 0, 0, 0, 0, 0, 1, 1], "action_rots": [0, -1, -1, 1, -1, 1, 0, 0, 0, 0, 0, 0, 0, 1, 0, 1, 0, 0, 0, 0, 0, 0, 0, 0, 0, 1, 0, -1, -1, 0, 0, 0, 1, -1, -1, 1, -1, 1, 0, 0], "steps": 40, "is_goal": false}