{"map_file_path": "grid_maps/Ihlen/occ_grid_small.txt", "start_pos": [83, 26], "goal_pos": [52, 63], "robot_rows": [83, 83, 83, 83, 83, 83, 83, 83, 83, 83, 83, 83, 83, 83, 83, 83, 83, 83, 82, 80, 77, 74, 71, 69, 66, 63, 60, 57, 55, 53, 51, 50, 50, 50, 50, 50, 50, 50, 50, 50, 50, 50, 51, 52, 52, 52, 52, 52, 52], "robot_cols": [26, 26, 26, 27, 29, 32, 35, 38, 41, 44, 47, 50, 52, 53, 54, 54, 54, 54, 54, 54, 54, 54, 54, 54, 54, 54, 54, 54, 54, 54, 54, 54, 54, 54, 55, 57, 60, 62, 64, 65, 65, 65, 65, 65, 65, 65, 64, 63, 63], "robot_speeds": [0, 0, 0, 1, 2, 3, 3, 3, 3, 3, 3, 3, 2, 1, 1, 0, 0, 0, 1, 2, 3, 3, 3, 2, 3, 3, 3, 3, 2, 2, 2, 1, 0, 0, 1, 2, 3, 2, 2, 1, 0, 0, 1, 1, 0, 0, 1, 1, 0], "robot_directions": [0, 3, 2, 2, 2, 2, 2, 2, 2, 2, 2, 2, 2, 2, 2, 2, 1, 1, 1, 1, 1, 1, 1, 1, 1, 1, 1, 1, 1, 1, 1, 1, 1, 2, 2, 2, 2, 2, 2, 2, 2, 3, 3, 3, 3, 0, 0, 0, 0], "action_accs": [0, 0, 1, 1, 1, 0, 0, 0, 0, 0, 0, -1, -1, 0, -1, 0, 0, 1, 1, 1, 0, 0, -1, 1, 1, 0, 0, -1, 0, 0, -1, -1, 0, 1, 1, 1, -1, 0, -1, -1, 0, 1, 0, -1, 0, 1, 0, -1], "action_rots": [-1, -1, 0, 0, 0, 0, 0, 0, 0, 0, 0, 0, 0, 0, 0, -1, 0, 0, 0, 0, 0, 0, 0, 0, 0, 0, 0, 0, 0, 0, 0, 0, 1, 0, 0, 0, 0, 0, 0, 0, 1, 0, 0, 0, 1, 0, 0, 0], "steps": 48, "is_goal": true}