{"map_file_path": "grid_maps/Ihlen/occ_grid_small.txt", "start_pos": [32, 69], "goal_pos": [63, 5], "robot_rows": [32, 32, 32, 32, 32, 32, 32, 32, 32, 32, 32, 32, 32, 32, 32, 32, 32, 32, 32, 32, 32, 32, 32, 32, 32, 32, 32, 32, 32, 32], "robot_cols": [69, 69, 69, 69, 69, 69, 70, 72, 75, 78, 81, 84, 87, 90, 93, 96, 95, 96, 96, 96, 96, 97, 97, 97, 97, 97, 97, 97, 97, 97], "robot_speeds": [0, 0, 0, 0, 0, 0, 1, 2, 3, 3, 3, 3, 3, 3, 3, 3, 0, 1, 0, 0, 0, 1, 0, 0, 0, 0, 0, 0, 0, 0], "robot_directions": [0, 1, 0, 3, 3, 2, 2, 2, 2, 2, 2, 2, 2, 2, 2, 2, 2, 2, 2, 1, 2, 2, 2, 2, 1, 0, 1, 2, 2, 2], "action_accs": [0, 0, 0, 0, 0, 1, 1, 1, 0, 0, 0, 0, 0, 0, 0, 0, 1, 1, 0, 0, 1, 0, 0, 0, 0, 0, 0, 1, 1], "action_rots": [1, -1, -1, 0, -1, 0, 0, 0, 0, 0, 0, 0, 0, 0, 0, 0, 0, 0, -1, 1, 0, 0, 0, -1, -1, 1, 1, 0, 0], "steps": 29, "is_goal": false}