{"map_file_path": "grid_maps/Ihlen/occ_grid_small.txt", "start_pos": [44, 78], "goal_pos": [14, 31], "robot_rows": [44, 44, 44, 44, 44, 44, 44, 45, 47, 50, 53, 56, 55, 55, 55, 55, 55, 55, 55, 55, 55, 55, 55, 55, 55, 55, 55, 56, 58, 61, 64, 67, 69, 72, 71], "robot_cols": [78, 78, 78, 79, 81, 81, 81, 81, 81, 81, 81, 81, 81, 81, 82, 84, 87, 90, 89, 90, 90, 90, 90, 90, 90, 90, 90, 90, 90, 90, 90, 90, 90, 90, 90], "robot_speeds": [0, 0, 0, 1, 2, 0, 0, 1, 2, 3, 3, 3, 0, 0, 1, 2, 3, 3, 0, 1, 0, 0, 0, 0, 0, 0, 0, 1, 2, 3, 3, 3, 2, 3, 0], "robot_directions": [0, 3, 2, 2, 2, 2, 3, 3, 3, 3, 3, 3, 3, 2, 2, 2, 2, 2, 2, 2, 2, 1, 1, 0, 1, 0, 3, 3, 3, 3, 3, 3, 3, 3, 3], "action_accs": [0, 0, 1, 1, 0, 0, 1, 1, 1, 0, 0, 0, 0, 1, 1, 1, 0, 0, 1, 1, 0, 0, 0, 0, 0, 0, 1, 1, 1, 0, 0, -1, 1, 0], "action_rots": [-1, -1, 0, 0, 0, 1, 0, 0, 0, 0, 0, 0, -1, 0, 0, 0, 0, 0, 0, 0, -1, 0, -1, 1, -1, -1, 0, 0, 0, 0, 0, 0, 0, 0], "steps": 34, "is_goal": false}