{"map_file_path": "grid_maps/Ihlen/occ_grid_small.txt", "start_pos": [86, 26], "goal_pos": [52, 7], "robot_rows": [86, 86, 85, 83, 82, 82, 82, 82, 82, 82, 82, 82, 82, 82, 82, 82, 82, 82, 82, 82, 81, 79, 76, 73, 70, 67, 64, 61, 58, 55, 53, 51, 50, 50, 50, 50, 50, 50, 50, 50, 50, 50, 50, 50, 50, 50, 50, 51, 53, 55, 57, 58, 58, 58, 58, 58, 58, 58, 58, 58, 58, 58, 58, 58, 58, 58, 57, 55, 53, 52, 52, 52, 52, 52, 52], "robot_cols": [26, 26, 26, 26, 26, 26, 26, 27, 29, 31, 34, 37, 40, 43, 46, 48, 49, 50, 50, 50, 50, 50, 50, 50, 50, 50, 50, 50, 50, 50, 50, 50, 50, 50, 50, 49, 47, 44, 41, 38, 35, 32, 30, 28, 27, 27, 27, 27, 27, 27, 27, 27, 27, 27, 26, 24, 21, 18, 15, 12, 10, 8, 6, 5, 5, 5, 5, 5, 5, 5, 5, 5, 6, 7, 7], "robot_speeds": [0, 0, 1, 2, 1, 0, 0, 1, 2, 2, 3, 3, 3, 3, 3, 2, 1, 1, 0, 0, 1, 2, 3, 3, 3, 3, 3, 3, 3, 3, 2, 2, 1, 0, 0, 1, 2, 3, 3, 3, 3, 3, 2, 2, 1, 0, 0, 1, 2, 2, 2, 1, 0, 0, 1, 2, 3, 3, 3, 3, 2, 2, 2, 1, 0, 0, 1, 2, 2, 1, 0, 0, 1, 1, 0], "robot_directions": [0, 1, 1, 1, 1, 1, 2, 2, 2, 2, 2, 2, 2, 2, 2, 2, 2, 2, 2, 1, 1, 1, 1, 1, 1, 1, 1, 1, 1, 1, 1, 1, 1, 1, 0, 0, 0, 0, 0, 0, 0, 0, 0, 0, 0, 0, 3, 3, 3, 3, 3, 3, 3, 0, 0, 0, 0, 0, 0, 0, 0, 0, 0, 0, 0, 1, 1, 1, 1, 1, 1, 2, 2, 2, 2], "action_accs": [0, 1, 1, -1, -1, 0, 1, 1, 0, 1, 0, 0, 0, 0, -1, -1, 0, -1, 0, 1, 1, 1, 0, 0, 0, 0, 0, 0, 0, -1, 0, -1, -1, 0, 1, 1, 1, 0, 0, 0, 0, -1, 0, -1, -1, 0, 1, 1, 0, 0, -1, -1, 0, 1, 1, 1, 0, 0, 0, -1, 0, 0, -1, -1, 0, 1, 1, 0, -1, -1, 0, 1, 0, -1], "action_rots": [1, 0, 0, 0, 0, 1, 0, 0, 0, 0, 0, 0, 0, 0, 0, 0, 0, 0, -1, 0, 0, 0, 0, 0, 0, 0, 0, 0, 0, 0, 0, 0, 0, -1, 0, 0, 0, 0, 0, 0, 0, 0, 0, 0, 0, -1, 0, 0, 0, 0, 0, 0, 1, 0, 0, 0, 0, 0, 0, 0, 0, 0, 0, 0, 1, 0, 0, 0, 0, 0, 1, 0, 0, 0], "steps": 74, "is_goal": true}