{"map_file_path": "grid_maps/Ihlen/occ_grid_small.txt", "start_pos": [30, 64], "goal_pos": [61, 86], "robot_rows": [30, 30, 30, 30, 30, 30, 30, 30, 30, 30, 30, 30, 30, 30, 30, 30, 30, 30, 30, 31, 33, 36, 39, 42, 45, 48, 51, 53, 54, 56, 57, 57, 57, 57, 57, 57, 57, 57, 57, 57, 58, 60, 61, 61], "robot_cols": [64, 64, 64, 64, 65, 67, 70, 73, 76, 79, 81, 82, 82, 82, 82, 81, 80, 80, 80, 80, 80, 80, 80, 80, 80, 80, 80, 80, 80, 80, 80, 80, 80, 80, 81, 83, 85, 86, 86, 86, 86, 86, 86, 86], "robot_speeds": [0, 0, 0, 0, 1, 2, 3, 3, 3, 3, 2, 1, 0, 0, 0, 1, 1, 0, 0, 1, 2, 3, 3, 3, 3, 3, 3, 2, 1, 2, 1, 0, 0, 0, 1, 2, 2, 1, 0, 0, 1, 2, 1, 0], "robot_directions": [0, 0, 3, 2, 2, 2, 2, 2, 2, 2, 2, 2, 2, 3, 0, 0, 0, 0, 3, 3, 3, 3, 3, 3, 3, 3, 3, 3, 3, 3, 3, 3, 2, 2, 2, 2, 2, 2, 2, 3, 3, 3, 3, 3], "action_accs": [0, 0, 0, 1, 1, 1, 0, 0, 0, -1, -1, -1, 0, 0, 1, 0, -1, 0, 1, 1, 1, 0, 0, 0, 0, 0, -1, -1, 1, -1, -1, 0, 0, 1, 1, 0, -1, -1, 0, 1, 1, -1, -1], "action_rots": [0, -1, -1, 0, 0, 0, 0, 0, 0, 0, 0, 0, 1, 1, 0, 0, 0, -1, 0, 0, 0, 0, 0, 0, 0, 0, 0, 0, 0, 0, 0, -1, 0, 0, 0, 0, 0, 0, 1, 0, 0, 0, 0], "steps": 43, "is_goal": true}