{"map_file_path": "grid_maps/Ihlen/occ_grid_small.txt", "start_pos": [2, 13], "goal_pos": [24, 65], "robot_rows": [2, 2, 2, 1, 1, 1, 1, 1, 1, 2, 4, 7, 9, 12, 15, 15, 16, 16, 16, 16, 16, 16, 16, 16], "robot_cols": [13, 13, 13, 13, 13, 13, 13, 13, 13, 13, 13, 13, 13, 13, 13, 13, 13, 13, 13, 12, 10, 7, 4, 6], "robot_speeds": [0, 0, 0, 1, 0, 0, 0, 0, 0, 1, 2, 3, 2, 3, 3, 0, 1, 0, 0, 1, 2, 3, 3, 0], "robot_directions": [0, 0, 1, 1, 1, 1, 2, 3, 3, 3, 3, 3, 3, 3, 3, 3, 3, 3, 0, 0, 0, 0, 0, 0], "action_accs": [0, 0, 1, 0, 1, 0, 0, 0, 1, 1, 1, -1, 1, 0, 0, 1, 1, 0, 1, 1, 1, 0, 1], "action_rots": [0, 1, 0, 0, 0, 1, 1, 0, 0, 0, 0, 0, 0, 0, 0, 0, 0, 1, 0, 0, 0, 0, 0], "steps": 23, "is_goal": false}