{"map_file_path": "grid_maps/Ihlen/occ_grid_small.txt", "start_pos": [20, 77], "goal_pos": [68, 70], "robot_rows": [20, 20, 21, 23, 26, 29, 32, 35, 38, 40, 43, 46, 49, 51, 53, 55, 56, 56, 56, 56, 56, 56, 56, 56, 56, 56, 57, 59, 62, 65, 68, 71, 73, 73, 73, 73, 73, 73, 73, 73, 73, 73, 73, 73, 73, 73, 73, 73, 73, 73, 73, 73, 73, 73, 72, 70, 69, 68, 68, 68, 68, 68], "robot_cols": [77, 77, 77, 77, 77, 77, 77, 77, 77, 77, 77, 77, 77, 77, 77, 77, 77, 77, 77, 78, 80, 83, 85, 86, 86, 86, 86, 86, 86, 86, 86, 86, 86, 86, 86, 85, 83, 80, 77, 74, 71, 68, 66, 65, 65, 65, 65, 66, 68, 69, 70, 71, 71, 71, 71, 71, 71, 71, 71, 71, 70, 70], "robot_speeds": [0, 0, 1, 2, 3, 3, 3, 3, 3, 2, 3, 3, 3, 2, 2, 2, 1, 0, 0, 1, 2, 3, 2, 1, 0, 0, 1, 2, 3, 3, 3, 3, 2, 0, 0, 1, 2, 3, 3, 3, 3, 3, 2, 1, 0, 0, 0, 1, 2, 1, 1, 1, 0, 0, 1, 2, 1, 1, 0, 0, 1, 0], "robot_directions": [0, 3, 3, 3, 3, 3, 3, 3, 3, 3, 3, 3, 3, 3, 3, 3, 3, 3, 2, 2, 2, 2, 2, 2, 2, 3, 3, 3, 3, 3, 3, 3, 3, 3, 0, 0, 0, 0, 0, 0, 0, 0, 0, 0, 0, 3, 2, 2, 2, 2, 2, 2, 2, 1, 1, 1, 1, 1, 1, 0, 0, 0], "action_accs": [0, 1, 1, 1, 0, 1, 0, 0, -1, 1, 0, 0, -1, 0, 0, -1, -1, 0, 1, 1, 1, -1, -1, -1, 0, 1, 1, 1, 0, 0, 0, -1, -1, 0, 1, 1, 1, 0, 0, 0, 0, -1, -1, -1, 0, 0, 1, 1, -1, 0, 0, -1, 0, 1, 1, -1, 0, -1, 0, 1, -1], "action_rots": [-1, 0, 0, 0, 0, 0, 0, 0, 0, 0, 0, 0, 0, 0, 0, 0, 0, -1, 0, 0, 0, 0, 0, 0, 1, 0, 0, 0, 0, 0, 0, 0, 0, 1, 0, 0, 0, 0, 0, 0, 0, 0, 0, 0, -1, -1, 0, 0, 0, 0, 0, 0, -1, 0, 0, 0, 0, 0, -1, 0, 0], "steps": 61, "is_goal": true}