{"map_file_path": "grid_maps/Ihlen/occ_grid_small.txt", "start_pos": [4, 27], "goal_pos": [79, 82], "robot_rows": [4, 4, 4, 4, 4, 4, 4, 4, 4, 4, 4, 4, 4, 4, 4, 4, 4, 4, 4, 4, 4, 4, 4, 4, 4, 3, 2, 2, 2, 2, 1, 1], "robot_cols": [27, 27, 27, 27, 27, 27, 27, 27, 28, 30, 33, 36, 39, 42, 45, 48, 51, 54, 54, 54, 55, 56, 56, 56, 56, 56, 56, 56, 56, 56, 56, 56], "robot_speeds": [0, 0, 0, 0, 0, 0, 0, 0, 1, 2, 3, 3, 3, 3, 3, 3, 3, 3, 0, 0, 1, 1, 0, 0, 0, 1, 1, 0, 0, 0, 1, 0], "robot_directions": [0, 3, 3, 2, 3, 0, 1, 2, 2, 2, 2, 2, 2, 2, 2, 2, 2, 2, 2, 2, 2, 2, 2, 2, 1, 1, 1, 1, 0, 1, 1, 1], "action_accs": [0, 0, 0, 0, 0, 0, 0, 1, 1, 1, 0, 0, 1, 0, 0, 0, 0, 0, 0, 1, 0, 0, 1, 0, 1, 0, 1, 0, 0, 1, 0], "action_rots": [-1, 0, -1, 1, 1, 1, 1, 0, 0, 0, 0, 0, 0, 0, 0, 0, 0, 0, 0, 0, 0, 0, 0, -1, 0, 0, 0, -1, 1, 0, 0], "steps": 31, "is_goal": false}