{"map_file_path": "grid_maps/Ihlen/occ_grid_small.txt", "start_pos": [24, 68], "goal_pos": [60, 6], "robot_rows": [24, 24, 24, 24, 24, 24, 24, 24, 24, 24, 24, 24, 24, 24, 24, 24, 24, 24, 24, 24, 24, 24, 24, 24, 24, 24, 24, 24, 24, 24, 24, 24, 24, 24, 24, 24, 24, 24, 24, 24, 24], "robot_cols": [68, 67, 65, 62, 59, 56, 53, 50, 47, 48, 48, 48, 48, 47, 47, 47, 47, 46, 46, 46, 46, 46, 46, 46, 46, 46, 47, 49, 52, 55, 58, 61, 64, 67, 70, 69, 69, 69, 69, 70, 70], "robot_speeds": [0, 1, 2, 3, 3, 3, 3, 3, 3, 0, 0, 0, 0, 1, 0, 0, 0, 1, 0, 0, 0, 0, 0, 0, 0, 0, 1, 2, 3, 3, 3, 3, 3, 3, 3, 0, 0, 0, 0, 1, 0], "robot_directions": [0, 0, 0, 0, 0, 0, 0, 0, 0, 0, 0, 0, 0, 0, 0, 1, 0, 0, 0, 0, 3, 0, 1, 2, 2, 2, 2, 2, 2, 2, 2, 2, 2, 2, 2, 2, 2, 3, 2, 2, 2], "action_accs": [1, 1, 1, 1, 1, 1, 1, 1, 0, -1, 0, 0, 1, 1, 0, 0, 1, 0, -1, 0, 0, 0, 0, 0, 0, 1, 1, 1, 1, 1, 1, 1, 1, 0, 0, -1, 0, 0, 1, 1], "action_rots": [0, 0, 0, 0, 0, 0, 0, 0, 0, 0, 0, 0, 0, 0, 1, -1, 0, 0, 0, -1, 1, 1, 1, 0, 0, 0, 0, 0, 0, 0, 0, 0, 0, 0, 0, 0, 1, -1, 0, 0], "steps": 40, "is_goal": false}