{"map_file_path": "grid_maps/Ihlen/occ_grid_small.txt", "start_pos": [85, 25], "goal_pos": [31, 86], "robot_rows": [85, 85, 85, 85, 85, 85, 85, 84, 82, 79, 81, 80, 78, 79, 79, 79, 79, 79, 79, 79, 79, 79, 79, 79, 79, 79, 79, 79, 79, 79, 79, 78, 78, 77, 78, 78, 78, 78, 78, 78, 78, 78, 78, 78, 78, 78], "robot_cols": [25, 25, 25, 25, 25, 25, 25, 25, 25, 25, 25, 25, 25, 25, 25, 25, 25, 25, 25, 25, 25, 24, 22, 19, 16, 13, 10, 7, 4, 4, 4, 4, 4, 4, 4, 4, 4, 5, 7, 10, 13, 16, 19, 22, 25, 24], "robot_speeds": [0, 0, 0, 0, 0, 0, 0, 1, 2, 3, 0, 1, 2, 0, 0, 0, 0, 0, 0, 0, 0, 1, 2, 3, 3, 3, 3, 3, 3, 0, 0, 1, 0, 1, 0, 0, 0, 1, 2, 3, 3, 3, 3, 3, 3, 0], "robot_directions": [0, 1, 1, 2, 3, 2, 1, 1, 1, 1, 1, 1, 1, 1, 0, 3, 2, 1, 2, 3, 0, 0, 0, 0, 0, 0, 0, 0, 0, 0, 1, 1, 1, 1, 1, 1, 2, 2, 2, 2, 2, 2, 2, 2, 2, 2], "action_accs": [0, 0, 0, 0, 0, 0, 1, 1, 1, 1, 1, 1, 0, 0, 0, 0, 0, 0, 0, 0, 1, 1, 1, 0, 1, 1, 1, 1, 1, 0, 1, 1, 1, 1, 0, 0, 1, 1, 1, 1, 1, 1, 1, 1, 1], "action_rots": [1, 0, 1, 1, -1, -1, 0, 0, 0, 0, 0, 0, 0, -1, -1, -1, -1, 1, 1, 1, 0, 0, 0, 0, 0, 0, 0, 0, 0, 1, 0, 0, 0, 0, 0, 1, 0, 0, 0, 0, 0, 0, 0, 0, 0], "steps": 45, "is_goal": false}