{"map_file_path": "grid_maps/Ihlen/occ_grid_small.txt", "start_pos": [31, 89], "goal_pos": [76, 50], "robot_rows": [31, 31, 31, 31, 31, 31, 31, 31, 31, 31, 31, 31, 31, 31, 31, 31, 31, 31, 31, 32, 34, 37, 40, 43, 46, 49, 51, 52, 52, 52, 52, 52, 52, 52, 52, 52, 52, 52, 52, 52, 52, 52, 52, 52, 53, 54, 56, 59, 61, 64, 67, 70, 73, 75, 76, 76], "robot_cols": [89, 89, 88, 86, 83, 81, 79, 78, 77, 76, 76, 76, 76, 76, 77, 77, 77, 77, 77, 77, 77, 77, 77, 77, 77, 77, 77, 77, 77, 77, 76, 74, 71, 68, 65, 62, 59, 56, 53, 51, 50, 50, 50, 50, 50, 50, 50, 50, 50, 50, 50, 50, 50, 50, 50, 50], "robot_speeds": [0, 0, 1, 2, 3, 2, 2, 1, 1, 1, 0, 0, 0, 0, 1, 0, 0, 0, 0, 1, 2, 3, 3, 3, 3, 3, 2, 1, 0, 0, 1, 2, 3, 3, 3, 3, 3, 3, 3, 2, 1, 0, 0, 0, 1, 1, 2, 3, 2, 3, 3, 3, 3, 2, 1, 0], "robot_directions": [0, 0, 0, 0, 0, 0, 0, 0, 0, 0, 0, 3, 2, 2, 2, 2, 2, 3, 3, 3, 3, 3, 3, 3, 3, 3, 3, 3, 3, 0, 0, 0, 0, 0, 0, 0, 0, 0, 0, 0, 0, 0, 0, 3, 3, 3, 3, 3, 3, 3, 3, 3, 3, 3, 3, 3], "action_accs": [0, 1, 1, 1, -1, 0, -1, 0, 0, -1, 0, 0, 0, 1, -1, 0, 0, 0, 1, 1, 1, 0, 0, 0, 0, -1, -1, -1, 0, 1, 1, 1, 0, 0, 0, 0, 0, 0, -1, -1, -1, 0, 0, 1, 0, 1, 1, -1, 1, 0, 0, 0, -1, -1, -1], "action_rots": [0, 0, 0, 0, 0, 0, 0, 0, 0, 0, -1, -1, 0, 0, 0, 0, 1, 0, 0, 0, 0, 0, 0, 0, 0, 0, 0, 0, 1, 0, 0, 0, 0, 0, 0, 0, 0, 0, 0, 0, 0, 0, -1, 0, 0, 0, 0, 0, 0, 0, 0, 0, 0, 0, 0], "steps": 55, "is_goal": true}