{"map_file_path": "grid_maps/Ihlen/occ_grid_small.txt", "start_pos": [78, 66], "goal_pos": [17, 36], "robot_rows": [78, 78, 78, 78, 78, 78, 78, 78, 78, 78, 78, 78, 78, 78, 78, 78, 78, 78, 78, 78, 78, 78, 78], "robot_cols": [66, 66, 66, 66, 65, 63, 60, 62, 62, 62, 61, 61, 60, 60, 60, 60, 60, 60, 60, 60, 60, 60, 60], "robot_speeds": [0, 0, 0, 0, 1, 2, 3, 0, 0, 0, 1, 0, 1, 0, 0, 0, 0, 0, 0, 0, 0, 0, 0], "robot_directions": [0, 1, 0, 0, 0, 0, 0, 0, 1, 0, 0, 0, 0, 0, 1, 0, 1, 2, 3, 2, 1, 1, 1], "action_accs": [0, 0, 0, 1, 1, 1, 0, 0, 0, 1, 1, 1, 0, 0, 0, 0, 0, 0, 0, 0, 1, 1], "action_rots": [1, -1, 0, 0, 0, 0, 0, 1, -1, 0, 0, 0, 0, 1, -1, 1, 1, 1, -1, -1, 0, 0], "steps": 22, "is_goal": false}