{"map_file_path": "grid_maps/Ihlen/occ_grid_small.txt", "start_pos": [47, 42], "goal_pos": [8, 72], "robot_rows": [47, 47, 47, 47, 47, 47, 47, 47, 47, 47, 47, 46, 44, 42, 39, 36, 33, 30, 27, 25, 22, 19, 16, 13, 11, 9, 8, 8, 8, 8, 8, 8, 8, 8, 8, 8, 8, 8, 8, 8], "robot_cols": [42, 42, 42, 43, 45, 48, 51, 53, 54, 54, 54, 54, 54, 54, 54, 54, 54, 54, 54, 54, 54, 54, 54, 54, 54, 54, 54, 54, 54, 55, 57, 60, 63, 66, 68, 70, 71, 71, 72, 72], "robot_speeds": [0, 0, 0, 1, 2, 3, 3, 2, 1, 0, 0, 1, 2, 2, 3, 3, 3, 3, 3, 2, 3, 3, 3, 3, 2, 2, 1, 0, 0, 1, 2, 3, 3, 3, 2, 2, 1, 0, 1, 0], "robot_directions": [0, 3, 2, 2, 2, 2, 2, 2, 2, 2, 1, 1, 1, 1, 1, 1, 1, 1, 1, 1, 1, 1, 1, 1, 1, 1, 1, 1, 2, 2, 2, 2, 2, 2, 2, 2, 2, 2, 2, 2], "action_accs": [0, 0, 1, 1, 1, 0, -1, -1, -1, 0, 1, 1, 0, 1, 0, 0, 0, 0, -1, 1, 0, 0, 0, -1, 0, -1, -1, 0, 1, 1, 1, 0, 0, -1, 0, -1, -1, 1, -1], "action_rots": [-1, -1, 0, 0, 0, 0, 0, 0, 0, -1, 0, 0, 0, 0, 0, 0, 0, 0, 0, 0, 0, 0, 0, 0, 0, 0, 0, 1, 0, 0, 0, 0, 0, 0, 0, 0, 0, 0, 0], "steps": 39, "is_goal": true}