{"map_file_path": "grid_maps/Ihlen/occ_grid_small.txt", "start_pos": [69, 85], "goal_pos": [94, 6], "robot_rows": [69, 69, 68, 66, 63, 60, 57, 55, 53, 51, 50, 50, 50, 50, 50, 50, 50, 50, 50, 50, 50, 50, 50, 50, 50, 50, 50, 50, 50, 50, 51, 53, 56, 59, 62, 65, 68, 71, 74, 77, 80, 82, 83, 84, 84, 84, 84, 83, 83, 83, 83, 83, 83, 83, 83, 83, 83, 83, 83, 83, 83, 83, 83, 83, 83, 83, 83, 83, 84, 86, 89, 91, 93, 94, 94], "robot_cols": [85, 85, 85, 85, 85, 85, 85, 85, 85, 85, 85, 85, 85, 84, 82, 79, 76, 73, 70, 67, 64, 62, 59, 56, 53, 51, 50, 49, 49, 49, 49, 49, 49, 49, 49, 49, 49, 49, 49, 49, 49, 49, 49, 49, 49, 49, 49, 49, 49, 49, 48, 46, 44, 41, 38, 35, 32, 29, 26, 23, 20, 17, 14, 11, 8, 6, 6, 6, 6, 6, 6, 6, 6, 6, 6], "robot_speeds": [0, 0, 1, 2, 3, 3, 3, 2, 2, 2, 1, 0, 0, 1, 2, 3, 3, 3, 3, 3, 3, 2, 3, 3, 3, 2, 1, 1, 0, 0, 1, 2, 3, 3, 3, 3, 3, 3, 3, 3, 3, 2, 1, 1, 0, 0, 0, 1, 0, 0, 1, 2, 2, 3, 3, 3, 3, 3, 3, 3, 3, 3, 3, 3, 3, 2, 0, 0, 1, 2, 3, 2, 2, 1, 0], "robot_directions": [0, 1, 1, 1, 1, 1, 1, 1, 1, 1, 1, 1, 0, 0, 0, 0, 0, 0, 0, 0, 0, 0, 0, 0, 0, 0, 0, 0, 0, 3, 3, 3, 3, 3, 3, 3, 3, 3, 3, 3, 3, 3, 3, 3, 3, 0, 1, 1, 1, 0, 0, 0, 0, 0, 0, 0, 0, 0, 0, 0, 0, 0, 0, 0, 0, 0, 0, 3, 3, 3, 3, 3, 3, 3, 3], "action_accs": [0, 1, 1, 1, 0, 0, -1, 0, 0, -1, -1, 0, 1, 1, 1, 0, 0, 1, 0, 0, -1, 1, 0, 0, -1, -1, 0, -1, 0, 1, 1, 1, 1, 1, 0, 0, 0, 0, 0, 0, -1, -1, 0, -1, 0, 0, 1, -1, 0, 1, 1, 0, 1, 0, 0, 0, 0, 0, 0, 0, 0, 0, 0, 0, -1, -1, 0, 1, 1, 1, -1, 0, -1, -1], "action_rots": [1, 0, 0, 0, 0, 0, 0, 0, 0, 0, 0, -1, 0, 0, 0, 0, 0, 0, 0, 0, 0, 0, 0, 0, 0, 0, 0, 0, -1, 0, 0, 0, 0, 0, 0, 0, 0, 0, 0, 0, 0, 0, 0, 0, 1, 1, 0, 0, -1, 0, 0, 0, 0, 0, 0, 0, 0, 0, 0, 0, 0, 0, 0, 0, 0, 0, -1, 0, 0, 0, 0, 0, 0, 0], "steps": 74, "is_goal": true}