{"map_file_path": "grid_maps/Ihlen/occ_grid_small.txt", "start_pos": [57, 87], "goal_pos": [72, 49], "robot_rows": [57, 57, 56, 54, 53, 52, 52, 52, 52, 52, 52, 52, 52, 52, 52, 52, 52, 52, 52, 52, 52, 52, 52, 52, 52, 53, 55, 58, 61, 63, 66, 69, 71, 72, 72], "robot_cols": [87, 87, 87, 87, 87, 87, 87, 87, 86, 84, 81, 78, 75, 72, 69, 66, 64, 61, 58, 55, 52, 50, 49, 49, 49, 49, 49, 49, 49, 49, 49, 49, 49, 49, 49], "robot_speeds": [0, 0, 1, 2, 1, 1, 0, 0, 1, 2, 3, 3, 3, 3, 3, 3, 2, 3, 3, 3, 3, 2, 1, 0, 0, 1, 2, 3, 3, 2, 3, 3, 2, 1, 0], "robot_directions": [0, 1, 1, 1, 1, 1, 1, 0, 0, 0, 0, 0, 0, 0, 0, 0, 0, 0, 0, 0, 0, 0, 0, 0, 3, 3, 3, 3, 3, 3, 3, 3, 3, 3, 3], "action_accs": [0, 1, 1, -1, 0, -1, 0, 1, 1, 1, 0, 0, 0, 0, 0, -1, 1, 0, 0, 0, -1, -1, -1, 0, 1, 1, 1, 0, -1, 1, 0, -1, -1, -1], "action_rots": [1, 0, 0, 0, 0, 0, -1, 0, 0, 0, 0, 0, 0, 0, 0, 0, 0, 0, 0, 0, 0, 0, 0, -1, 0, 0, 0, 0, 0, 0, 0, 0, 0, 0], "steps": 34, "is_goal": true}