{"map_file_path": "grid_maps/Ihlen/occ_grid_small.txt", "start_pos": [78, 62], "goal_pos": [84, 7], "robot_rows": [78, 78, 78, 78, 79, 81, 84, 87, 90, 93, 96, 94, 95, 97, 96, 96, 96, 96, 96, 96, 96, 96, 96, 96, 96, 96, 96, 96, 96, 96, 96, 97, 96, 96, 96, 96, 96, 97, 96, 96, 96, 95, 93, 90, 87, 84, 81, 81, 81, 81, 82, 84, 87, 90, 93, 96, 94], "robot_cols": [62, 62, 62, 62, 62, 62, 62, 62, 62, 62, 62, 62, 62, 62, 62, 62, 62, 62, 62, 62, 62, 62, 62, 62, 62, 62, 62, 62, 62, 62, 62, 62, 62, 62, 62, 62, 62, 62, 62, 62, 62, 62, 62, 62, 62, 62, 62, 62, 62, 62, 62, 62, 62, 62, 62, 62, 62], "robot_speeds": [0, 0, 0, 0, 1, 2, 3, 3, 3, 3, 3, 0, 1, 2, 0, 0, 0, 0, 0, 0, 0, 0, 0, 0, 0, 0, 0, 0, 0, 0, 0, 1, 0, 0, 0, 0, 0, 1, 0, 0, 0, 1, 2, 3, 3, 3, 3, 0, 0, 0, 1, 2, 3, 3, 3, 3, 0], "robot_directions": [0, 3, 2, 3, 3, 3, 3, 3, 3, 3, 3, 3, 3, 3, 3, 0, 1, 0, 3, 0, 1, 0, 3, 2, 3, 0, 1, 0, 3, 0, 3, 3, 3, 2, 1, 0, 3, 3, 3, 2, 1, 1, 1, 1, 1, 1, 1, 1, 2, 3, 3, 3, 3, 3, 3, 3, 3], "action_accs": [0, 0, 0, 1, 1, 1, 1, 1, 1, 1, 1, 1, 1, 0, 0, 0, 0, 0, 0, 0, 0, 0, 0, 0, 0, 0, 0, 0, 0, 0, 1, 1, 0, 0, 0, 0, 1, 1, 0, 0, 1, 1, 1, 1, 1, 1, 1, 0, 0, 1, 1, 1, 1, 1, 1, 1], "action_rots": [-1, -1, 1, 0, 0, 0, 0, 0, 0, 0, 0, 0, 0, 0, 1, 1, -1, -1, 1, 1, -1, -1, -1, 1, 1, 1, -1, -1, 1, -1, 0, 0, -1, -1, -1, -1, 0, 0, -1, -1, 0, 0, 0, 0, 0, 0, 0, 1, 1, 0, 0, 0, 0, 0, 0, 0], "steps": 56, "is_goal": false}