{"map_file_path": "grid_maps/Ihlen/occ_grid_small.txt", "start_pos": [26, 64], "goal_pos": [7, 96], "robot_rows": [26, 26, 25, 23, 20, 17, 14, 11, 8, 8, 7, 7, 7, 7, 7, 7, 7, 7, 7, 7, 7, 7, 7, 7, 7, 7, 7, 7], "robot_cols": [64, 64, 64, 64, 64, 64, 64, 64, 64, 64, 64, 64, 64, 64, 65, 67, 70, 73, 76, 78, 81, 84, 87, 90, 93, 95, 96, 96], "robot_speeds": [0, 0, 1, 2, 3, 3, 3, 3, 3, 0, 1, 0, 0, 0, 1, 2, 3, 3, 3, 2, 3, 3, 3, 3, 3, 2, 1, 0], "robot_directions": [0, 1, 1, 1, 1, 1, 1, 1, 1, 1, 1, 1, 2, 2, 2, 2, 2, 2, 2, 2, 2, 2, 2, 2, 2, 2, 2, 2], "action_accs": [0, 1, 1, 1, 0, 0, 0, 0, -1, 1, 0, 0, 0, 1, 1, 1, 0, 0, -1, 1, 0, 0, 0, 0, -1, -1, -1], "action_rots": [1, 0, 0, 0, 0, 0, 0, 0, 0, 0, 0, 1, 0, 0, 0, 0, 0, 0, 0, 0, 0, 0, 0, 0, 0, 0, 0], "steps": 27, "is_goal": true}