{"map_file_path": "grid_maps/Ihlen/occ_grid_small.txt", "start_pos": [49, 3], "goal_pos": [92, 26], "robot_rows": [49, 49, 50, 52, 54, 56, 57, 58, 58, 58, 58, 58, 58, 58, 58, 58, 58, 58, 58, 58, 58, 58, 58, 58, 57, 55, 53, 51, 50, 49, 49, 49, 49, 49, 49, 49, 49, 49, 49, 49, 49, 49, 49, 49, 49, 50, 52, 55, 58, 61, 63, 66, 69, 72, 75, 78, 80, 82, 83, 83, 83, 83, 83, 83, 83, 83, 83, 83, 83, 83, 83, 83, 83, 83, 83, 84, 86, 89, 91, 93, 94, 94, 94, 94, 93, 92, 92], "robot_cols": [3, 3, 3, 3, 3, 3, 3, 3, 3, 3, 4, 6, 9, 12, 15, 18, 21, 23, 25, 26, 26, 27, 27, 27, 27, 27, 27, 27, 27, 27, 27, 27, 28, 29, 31, 34, 37, 40, 43, 46, 48, 50, 51, 51, 51, 51, 51, 51, 51, 51, 51, 51, 51, 51, 51, 51, 51, 51, 51, 51, 51, 51, 50, 48, 45, 43, 40, 37, 34, 31, 29, 27, 26, 26, 26, 26, 26, 26, 26, 26, 26, 26, 26, 26, 26, 26, 26], "robot_speeds": [0, 0, 1, 2, 2, 2, 1, 1, 0, 0, 1, 2, 3, 3, 3, 3, 3, 2, 2, 1, 0, 1, 0, 0, 1, 2, 2, 2, 1, 1, 0, 0, 1, 1, 2, 3, 3, 3, 3, 3, 2, 2, 1, 0, 0, 1, 2, 3, 3, 3, 2, 3, 3, 3, 3, 3, 2, 2, 1, 0, 0, 0, 1, 2, 3, 2, 3, 3, 3, 3, 2, 2, 1, 0, 0, 1, 2, 3, 2, 2, 1, 0, 0, 0, 1, 1, 0], "robot_directions": [0, 3, 3, 3, 3, 3, 3, 3, 3, 2, 2, 2, 2, 2, 2, 2, 2, 2, 2, 2, 2, 2, 2, 1, 1, 1, 1, 1, 1, 1, 1, 2, 2, 2, 2, 2, 2, 2, 2, 2, 2, 2, 2, 2, 3, 3, 3, 3, 3, 3, 3, 3, 3, 3, 3, 3, 3, 3, 3, 3, 3, 0, 0, 0, 0, 0, 0, 0, 0, 0, 0, 0, 0, 0, 3, 3, 3, 3, 3, 3, 3, 3, 0, 1, 1, 1, 1], "action_accs": [0, 1, 1, 0, 0, -1, 0, -1, 0, 1, 1, 1, 0, 0, 0, 0, -1, 0, -1, -1, 1, -1, 0, 1, 1, 0, 0, -1, 0, -1, 0, 1, 0, 1, 1, 0, 0, 0, 0, -1, 0, -1, -1, 0, 1, 1, 1, 0, 0, -1, 1, 0, 1, 0, 0, -1, 0, -1, -1, 0, 0, 1, 1, 1, -1, 1, 0, 0, 0, -1, 0, -1, -1, 0, 1, 1, 1, -1, 0, -1, -1, 0, 0, 1, 0, -1], "action_rots": [-1, 0, 0, 0, 0, 0, 0, 0, -1, 0, 0, 0, 0, 0, 0, 0, 0, 0, 0, 0, 0, 0, -1, 0, 0, 0, 0, 0, 0, 0, 1, 0, 0, 0, 0, 0, 0, 0, 0, 0, 0, 0, 0, 1, 0, 0, 0, 0, 0, 0, 0, 0, 0, 0, 0, 0, 0, 0, 0, 0, 1, 0, 0, 0, 0, 0, 0, 0, 0, 0, 0, 0, 0, -1, 0, 0, 0, 0, 0, 0, 0, 1, 1, 0, 0, 0], "steps": 86, "is_goal": true}