{"map_file_path": "grid_maps/Ihlen/occ_grid_small.txt", "start_pos": [88, 26], "goal_pos": [73, 69], "robot_rows": [88, 88, 87, 85, 82, 80, 79, 79, 79, 79, 79, 79, 79, 79, 79, 79, 79, 79, 79, 79, 79, 79, 79, 79, 79, 78, 76, 73, 70, 67, 64, 61, 58, 55, 53, 51, 50, 50, 50, 50, 50, 50, 50, 50, 50, 50, 50, 50, 50, 50, 50, 50, 50, 50, 51, 53, 56, 59, 62, 65, 68, 70, 71, 73, 73, 73, 73, 73, 73, 73, 73, 73, 73, 73, 73, 73, 73, 73, 73, 73], "robot_cols": [26, 26, 26, 26, 26, 26, 26, 26, 26, 27, 29, 32, 35, 38, 41, 44, 47, 49, 52, 54, 55, 56, 56, 56, 56, 56, 56, 56, 56, 56, 56, 56, 56, 56, 56, 56, 56, 56, 56, 57, 58, 60, 63, 66, 68, 71, 74, 77, 80, 82, 83, 84, 84, 84, 84, 84, 84, 84, 84, 84, 84, 84, 84, 84, 84, 84, 83, 81, 78, 75, 72, 70, 69, 68, 68, 68, 68, 68, 69, 69], "robot_speeds": [0, 0, 1, 2, 3, 2, 1, 0, 0, 1, 2, 3, 3, 3, 3, 3, 3, 2, 3, 2, 1, 1, 0, 0, 0, 1, 2, 3, 3, 3, 3, 3, 3, 3, 2, 2, 1, 0, 0, 1, 1, 2, 3, 3, 2, 3, 3, 3, 3, 2, 1, 1, 0, 0, 1, 2, 3, 3, 3, 3, 3, 2, 1, 2, 0, 0, 1, 2, 3, 3, 3, 2, 1, 1, 0, 0, 0, 0, 1, 0], "robot_directions": [0, 1, 1, 1, 1, 1, 1, 1, 2, 2, 2, 2, 2, 2, 2, 2, 2, 2, 2, 2, 2, 2, 2, 2, 1, 1, 1, 1, 1, 1, 1, 1, 1, 1, 1, 1, 1, 1, 2, 2, 2, 2, 2, 2, 2, 2, 2, 2, 2, 2, 2, 2, 2, 3, 3, 3, 3, 3, 3, 3, 3, 3, 3, 3, 3, 0, 0, 0, 0, 0, 0, 0, 0, 0, 0, 0, 3, 2, 2, 2], "action_accs": [0, 1, 1, 1, -1, -1, -1, 0, 1, 1, 1, 0, 0, 0, 0, 0, -1, 1, -1, -1, 0, -1, 0, 0, 1, 1, 1, 0, 0, 0, 1, 0, 0, -1, 0, -1, -1, 0, 1, 0, 1, 1, 0, -1, 1, 0, 0, 0, -1, -1, 0, -1, 0, 1, 1, 1, 1, 1, 0, 0, -1, -1, 1, -1, 0, 1, 1, 1, 0, 0, -1, -1, 0, -1, 0, 0, 0, 1, -1], "action_rots": [1, 0, 0, 0, 0, 0, 0, 1, 0, 0, 0, 0, 0, 0, 0, 0, 0, 0, 0, 0, 0, 0, 0, -1, 0, 0, 0, 0, 0, 0, 0, 0, 0, 0, 0, 0, 0, 1, 0, 0, 0, 0, 0, 0, 0, 0, 0, 0, 0, 0, 0, 0, 1, 0, 0, 0, 0, 0, 0, 0, 0, 0, 0, 0, 1, 0, 0, 0, 0, 0, 0, 0, 0, 0, 0, -1, -1, 0, 0], "steps": 79, "is_goal": true}