{"map_file_path": "grid_maps/Ihlen/occ_grid_small.txt", "start_pos": [87, 1], "goal_pos": [32, 74], "robot_rows": [87, 87, 87, 87, 87, 87, 87, 87, 87, 87, 87, 87, 87, 87, 87, 87, 87, 87, 87, 88, 90, 92, 95, 95], "robot_cols": [1, 1, 1, 1, 1, 1, 1, 1, 1, 1, 1, 1, 1, 2, 2, 2, 2, 2, 2, 2, 2, 2, 2, 2], "robot_speeds": [0, 0, 0, 0, 0, 0, 0, 0, 0, 0, 0, 0, 0, 1, 0, 0, 0, 0, 0, 1, 2, 2, 3, 0], "robot_directions": [0, 0, 3, 2, 3, 2, 1, 0, 0, 1, 2, 3, 2, 2, 2, 2, 3, 2, 3, 3, 3, 3, 3, 3], "action_accs": [1, 0, 0, 0, 0, 0, 0, 1, 0, 0, 0, 0, 1, 0, 1, 0, 0, 0, 1, 1, 0, 1, 0], "action_rots": [0, -1, -1, 1, -1, -1, -1, 0, 1, 1, 1, -1, 0, 0, 0, 1, -1, 1, 0, 0, 0, 0, 0], "steps": 23, "is_goal": false}