{"map_file_path": "grid_maps/Ihlen/occ_grid_small.txt", "start_pos": [26, 87], "goal_pos": [46, 1], "robot_rows": [26, 26, 27, 28, 28, 28, 28, 28, 28, 28, 28, 28, 28, 28, 28, 29, 31, 34, 37, 40, 43, 46, 48, 49, 49, 49, 49, 49, 49, 49, 49, 49, 49, 49, 49, 49, 49, 49, 49, 49, 49, 49, 49, 49, 49, 49, 49, 49, 50, 52, 54, 56, 57, 58, 58, 58, 58, 58, 58, 58, 58, 58, 58, 58, 58, 58, 58, 58, 58, 57, 55, 52, 49, 47, 46, 46, 46, 46, 46], "robot_cols": [87, 87, 87, 87, 87, 87, 87, 86, 84, 81, 79, 78, 77, 77, 77, 77, 77, 77, 77, 77, 77, 77, 77, 77, 77, 77, 76, 74, 71, 68, 66, 63, 60, 57, 54, 51, 48, 45, 42, 39, 36, 33, 30, 28, 27, 27, 27, 27, 27, 27, 27, 27, 27, 27, 27, 27, 26, 24, 22, 19, 16, 13, 10, 7, 5, 3, 2, 2, 2, 2, 2, 2, 2, 2, 2, 2, 2, 1, 1], "robot_speeds": [0, 0, 1, 1, 0, 0, 0, 1, 2, 3, 2, 1, 1, 0, 0, 1, 2, 3, 3, 3, 3, 3, 2, 1, 0, 0, 1, 2, 3, 3, 2, 3, 3, 3, 3, 3, 3, 3, 3, 3, 3, 3, 3, 2, 1, 0, 0, 0, 1, 2, 2, 2, 1, 1, 0, 0, 1, 2, 2, 3, 3, 3, 3, 3, 2, 2, 1, 0, 0, 1, 2, 3, 3, 2, 1, 0, 0, 1, 0], "robot_directions": [0, 3, 3, 3, 3, 3, 0, 0, 0, 0, 0, 0, 0, 0, 3, 3, 3, 3, 3, 3, 3, 3, 3, 3, 3, 0, 0, 0, 0, 0, 0, 0, 0, 0, 0, 0, 0, 0, 0, 0, 0, 0, 0, 0, 0, 0, 0, 3, 3, 3, 3, 3, 3, 3, 3, 0, 0, 0, 0, 0, 0, 0, 0, 0, 0, 0, 0, 0, 1, 1, 1, 1, 1, 1, 1, 1, 0, 0, 0], "action_accs": [0, 1, 0, -1, 0, 0, 1, 1, 1, -1, -1, 0, -1, 0, 1, 1, 1, 0, 0, 0, 0, -1, -1, -1, 0, 1, 1, 1, 0, -1, 1, 0, 0, 0, 0, 0, 0, 0, 0, 0, 0, 0, -1, -1, -1, 0, 0, 1, 1, 0, 0, -1, 0, -1, 0, 1, 1, 0, 1, 0, 0, 0, 0, -1, 0, -1, -1, 0, 1, 1, 1, 0, -1, -1, -1, 0, 1, -1], "action_rots": [-1, 0, 0, 0, 0, 1, 0, 0, 0, 0, 0, 0, 0, -1, 0, 0, 0, 0, 0, 0, 0, 0, 0, 0, 1, 0, 0, 0, 0, 0, 0, 0, 0, 0, 0, 0, 0, 0, 0, 0, 0, 0, 0, 0, 0, 0, -1, 0, 0, 0, 0, 0, 0, 0, 1, 0, 0, 0, 0, 0, 0, 0, 0, 0, 0, 0, 0, 1, 0, 0, 0, 0, 0, 0, 0, -1, 0, 0], "steps": 78, "is_goal": true}