{"map_file_path": "grid_maps/Ihlen/occ_grid_small.txt", "start_pos": [25, 8], "goal_pos": [67, 90], "robot_rows": [25, 25, 25, 25, 25, 25, 25, 25, 25, 25, 25, 25, 25, 25, 25, 25, 25, 25, 24, 22, 19, 16, 17, 17, 17, 16, 16, 16, 16, 16], "robot_cols": [8, 8, 8, 8, 8, 8, 8, 8, 8, 8, 8, 7, 5, 2, 3, 3, 3, 3, 3, 3, 3, 3, 3, 3, 3, 3, 3, 3, 3, 3], "robot_speeds": [0, 0, 0, 0, 0, 0, 0, 0, 0, 0, 0, 1, 2, 3, 0, 0, 0, 0, 1, 2, 3, 3, 0, 0, 0, 1, 0, 0, 0, 0], "robot_directions": [0, 1, 1, 0, 0, 1, 0, 1, 0, 3, 0, 0, 0, 0, 0, 1, 0, 1, 1, 1, 1, 1, 1, 1, 1, 1, 1, 0, 0, 0], "action_accs": [0, 0, 0, 0, 0, 0, 0, 0, 0, 0, 1, 1, 1, 0, 0, 0, 0, 1, 1, 1, 0, 0, 0, 0, 1, 1, 0, 1, 1], "action_rots": [1, 0, -1, 0, 1, -1, 1, -1, -1, 1, 0, 0, 0, 0, 1, -1, 1, 0, 0, 0, 0, 0, 0, 0, 0, 0, -1, 0, 0], "steps": 29, "is_goal": false}