{"map_file_path": "grid_maps/Ihlen/occ_grid_small.txt", "start_pos": [82, 81], "goal_pos": [95, 29], "robot_rows": [82, 82, 83, 85, 88, 88, 88, 88, 88, 88, 88, 88, 88, 88, 88, 88, 89, 91, 94, 97, 95, 96, 96, 96, 96, 96, 96, 96, 96, 96, 96, 96, 97, 97], "robot_cols": [81, 81, 81, 81, 81, 81, 81, 82, 84, 87, 90, 93, 96, 94, 94, 94, 94, 94, 94, 94, 94, 94, 94, 94, 94, 94, 94, 94, 94, 94, 94, 94, 94, 94], "robot_speeds": [0, 0, 1, 2, 3, 0, 0, 1, 2, 3, 3, 3, 3, 0, 0, 0, 1, 2, 3, 3, 0, 1, 0, 0, 0, 0, 0, 0, 0, 0, 0, 0, 1, 0], "robot_directions": [0, 3, 3, 3, 3, 3, 2, 2, 2, 2, 2, 2, 2, 2, 3, 3, 3, 3, 3, 3, 3, 3, 3, 0, 3, 0, 0, 3, 2, 1, 0, 3, 3, 3], "action_accs": [0, 1, 1, 1, 0, 0, 1, 1, 1, 0, 0, 0, 0, 0, 0, 1, 1, 1, 0, 0, 1, 1, 0, 0, 0, 0, 0, 0, 0, 0, 0, 1, 0], "action_rots": [-1, 0, 0, 0, 0, -1, 0, 0, 0, 0, 0, 0, 0, 1, 0, 0, 0, 0, 0, 0, 0, 0, 1, -1, 1, 0, -1, -1, -1, -1, -1, 0, 0], "steps": 33, "is_goal": false}