{"map_file_path": "grid_maps/Ihlen/occ_grid_small.txt", "start_pos": [71, 51], "goal_pos": [37, 5], "robot_rows": [71, 71, 70, 68, 65, 62, 59, 56, 53, 51, 50, 50, 50, 50, 50, 50, 50, 50, 50, 50, 50, 50, 50, 50, 50, 50, 50, 50, 51, 53, 55, 57, 58, 58, 58, 58, 58, 58, 58, 58, 58, 58, 58, 58, 58, 58, 58, 58, 57, 55, 52, 49, 46, 43, 40, 38, 37, 37], "robot_cols": [51, 51, 51, 51, 51, 51, 51, 51, 51, 51, 51, 51, 51, 51, 50, 48, 45, 42, 39, 37, 34, 32, 30, 27, 28, 27, 27, 27, 27, 27, 27, 27, 27, 27, 27, 27, 26, 24, 21, 18, 15, 12, 9, 7, 6, 5, 5, 5, 5, 5, 5, 5, 5, 5, 5, 5, 5, 5], "robot_speeds": [0, 0, 1, 2, 3, 3, 3, 3, 3, 2, 1, 0, 0, 0, 1, 2, 3, 3, 3, 2, 3, 2, 2, 3, 0, 1, 0, 0, 1, 2, 2, 2, 1, 0, 0, 0, 1, 2, 3, 3, 3, 3, 3, 2, 1, 1, 0, 0, 1, 2, 3, 3, 3, 3, 3, 2, 1, 0], "robot_directions": [0, 1, 1, 1, 1, 1, 1, 1, 1, 1, 1, 1, 1, 0, 0, 0, 0, 0, 0, 0, 0, 0, 0, 0, 0, 0, 0, 3, 3, 3, 3, 3, 3, 3, 3, 0, 0, 0, 0, 0, 0, 0, 0, 0, 0, 0, 0, 1, 1, 1, 1, 1, 1, 1, 1, 1, 1, 1], "action_accs": [0, 1, 1, 1, 0, 0, 0, 0, -1, -1, -1, 0, 0, 1, 1, 1, 0, 0, -1, 1, -1, 0, 1, -1, 1, -1, 0, 1, 1, 0, 0, -1, -1, 0, 0, 1, 1, 1, 0, 0, 0, 0, -1, -1, 0, -1, 0, 1, 1, 1, 0, 0, 0, 0, -1, -1, -1], "action_rots": [1, 0, 0, 0, 0, 0, 0, 0, 0, 0, 0, 0, -1, 0, 0, 0, 0, 0, 0, 0, 0, 0, 0, 0, 0, 0, -1, 0, 0, 0, 0, 0, 0, 0, 1, 0, 0, 0, 0, 0, 0, 0, 0, 0, 0, 0, 1, 0, 0, 0, 0, 0, 0, 0, 0, 0, 0], "steps": 57, "is_goal": true}