{"map_file_path": "grid_maps/Ihlen/occ_grid_small.txt", "start_pos": [4, 28], "goal_pos": [58, 25], "robot_rows": [4, 4, 4, 4, 4, 4, 4, 4, 4, 4, 4, 4, 4, 4, 4, 4, 4, 4, 5, 7, 10, 13, 16, 19, 22, 25, 28, 31, 34, 37, 40, 43, 46, 48, 50, 51, 51, 51, 51, 50, 50, 50, 50, 50, 50, 50, 50, 50, 50, 50, 50, 50, 50, 50, 50, 51, 53, 55, 57, 59, 60, 60, 60, 60, 60, 60, 60, 59, 58, 58], "robot_cols": [28, 28, 28, 28, 28, 28, 29, 31, 34, 37, 40, 43, 46, 48, 49, 50, 50, 50, 50, 50, 50, 50, 50, 50, 50, 50, 50, 50, 50, 50, 50, 50, 50, 50, 50, 50, 50, 50, 50, 50, 50, 50, 49, 48, 46, 43, 40, 37, 34, 32, 30, 28, 27, 27, 27, 27, 27, 27, 27, 27, 27, 27, 27, 26, 25, 25, 25, 25, 25, 25], "robot_speeds": [0, 0, 0, 0, 0, 0, 1, 2, 3, 3, 3, 3, 3, 2, 1, 1, 0, 0, 1, 2, 3, 3, 3, 3, 3, 3, 3, 3, 3, 3, 3, 3, 3, 2, 2, 1, 0, 0, 0, 1, 0, 0, 1, 1, 2, 3, 3, 3, 3, 2, 2, 2, 1, 0, 0, 1, 2, 2, 2, 2, 1, 0, 0, 1, 1, 0, 0, 1, 1, 0], "robot_directions": [0, 0, 3, 3, 2, 2, 2, 2, 2, 2, 2, 2, 2, 2, 2, 2, 2, 3, 3, 3, 3, 3, 3, 3, 3, 3, 3, 3, 3, 3, 3, 3, 3, 3, 3, 3, 3, 0, 1, 1, 1, 0, 0, 0, 0, 0, 0, 0, 0, 0, 0, 0, 0, 0, 3, 3, 3, 3, 3, 3, 3, 3, 0, 0, 0, 0, 1, 1, 1, 1], "action_accs": [0, 0, 0, 0, 0, 1, 1, 1, 0, 0, 0, 0, -1, -1, 0, -1, 0, 1, 1, 1, 0, 0, 0, 0, 0, 1, 1, 0, 0, 0, 0, 0, -1, 0, -1, -1, 0, 0, 1, -1, 0, 1, 0, 1, 1, 0, 0, 0, -1, 0, 0, -1, -1, 0, 1, 1, 0, 0, 0, -1, -1, 0, 1, 0, -1, 0, 1, 0, -1], "action_rots": [0, -1, 0, -1, 0, 0, 0, 0, 0, 0, 0, 0, 0, 0, 0, 0, 1, 0, 0, 0, 0, 0, 0, 0, 0, 0, 0, 0, 0, 0, 0, 0, 0, 0, 0, 0, 1, 1, 0, 0, -1, 0, 0, 0, 0, 0, 0, 0, 0, 0, 0, 0, 0, -1, 0, 0, 0, 0, 0, 0, 0, 1, 0, 0, 0, 1, 0, 0, 0], "steps": 69, "is_goal": true}