{"map_file_path": "grid_maps/Ihlen/occ_grid_small.txt", "start_pos": [53, 3], "goal_pos": [49, 71], "robot_rows": [53, 53, 53, 53, 53, 53, 53, 53, 53, 53, 53, 52, 52, 52, 52, 52, 52, 52, 52, 52, 52, 53, 54, 56, 58, 60, 62, 64, 64, 64, 65, 64], "robot_cols": [3, 3, 3, 3, 3, 4, 6, 8, 8, 8, 8, 8, 8, 8, 8, 7, 5, 3, 3, 3, 3, 3, 3, 3, 3, 3, 3, 3, 3, 3, 3, 3], "robot_speeds": [0, 0, 0, 0, 0, 1, 2, 2, 0, 0, 0, 1, 0, 0, 0, 1, 2, 2, 0, 0, 0, 1, 1, 2, 2, 2, 2, 2, 0, 0, 1, 0], "robot_directions": [0, 1, 2, 3, 2, 2, 2, 2, 2, 2, 1, 1, 1, 1, 0, 0, 0, 0, 0, 0, 3, 3, 3, 3, 3, 3, 3, 3, 3, 3, 3, 3], "action_accs": [0, 0, 0, 0, 1, 1, 0, 0, -1, 0, 1, 0, -1, 0, 1, 1, 0, 0, -1, 0, 1, 0, 1, 0, 0, 0, 0, 0, -1, 1, 1], "action_rots": [1, 1, 1, -1, 0, 0, 0, 0, 0, -1, 0, 0, 0, -1, 0, 0, 0, 0, 0, -1, 0, 0, 0, 0, 0, 0, 0, 0, 0, 0, 0], "steps": 31, "is_goal": false}