{"map_file_path": "grid_maps/Ihlen/occ_grid_small.txt", "start_pos": [52, 71], "goal_pos": [6, 43], "robot_rows": [52, 52, 52, 52, 52, 52, 52, 52, 52, 52, 52, 52, 52, 51, 49, 46, 43, 40, 37, 34, 31, 28, 25, 22, 19, 16, 13, 10, 7, 5, 4, 4, 4, 4, 4, 4, 4, 4, 4, 4, 4, 5, 6, 6], "robot_cols": [71, 70, 68, 65, 62, 60, 57, 54, 52, 51, 50, 50, 50, 50, 50, 50, 50, 50, 50, 50, 50, 50, 50, 50, 50, 50, 50, 50, 50, 50, 50, 50, 50, 50, 49, 47, 45, 44, 43, 43, 43, 43, 43, 43], "robot_speeds": [0, 1, 2, 3, 3, 2, 3, 3, 2, 1, 1, 0, 0, 1, 2, 3, 3, 3, 3, 3, 3, 3, 3, 3, 3, 3, 3, 3, 3, 2, 1, 0, 0, 0, 1, 2, 2, 1, 1, 0, 0, 1, 1, 0], "robot_directions": [0, 0, 0, 0, 0, 0, 0, 0, 0, 0, 0, 0, 1, 1, 1, 1, 1, 1, 1, 1, 1, 1, 1, 1, 1, 1, 1, 1, 1, 1, 1, 1, 0, 0, 0, 0, 0, 0, 0, 0, 3, 3, 3, 3], "action_accs": [1, 1, 1, 0, -1, 1, 0, -1, -1, 0, -1, 0, 1, 1, 1, 0, 0, 0, 0, 0, 0, 0, 0, 0, 0, 0, 0, 0, -1, -1, -1, 0, 0, 1, 1, 0, -1, 0, -1, 0, 1, 0, -1], "action_rots": [0, 0, 0, 0, 0, 0, 0, 0, 0, 0, 0, 1, 0, 0, 0, 0, 0, 0, 0, 0, 0, 0, 0, 0, 0, 0, 0, 0, 0, 0, 0, -1, 0, 0, 0, 0, 0, 0, 0, -1, 0, 0, 0], "steps": 43, "is_goal": true}