{"map_file_path": "grid_maps/Ihlen/occ_grid_small.txt", "start_pos": [93, 3], "goal_pos": [40, 51], "robot_rows": [93, 93, 93, 93, 92, 90, 90, 90, 90, 90, 90, 90, 90, 90], "robot_cols": [3, 3, 3, 3, 3, 3, 3, 3, 2, 2, 1, 1, 1, 1], "robot_speeds": [0, 0, 0, 0, 1, 2, 0, 0, 1, 0, 1, 0, 0, 0], "robot_directions": [0, 3, 2, 1, 1, 1, 1, 0, 0, 0, 0, 0, 0, 0], "action_accs": [0, 0, 0, 1, 1, 1, 0, 1, 1, 1, 0, 1, 1], "action_rots": [-1, -1, -1, 0, 0, 0, -1, 0, 0, 0, 0, 0, 0], "steps": 13, "is_goal": false}