{"map_file_path": "grid_maps/Ihlen/occ_grid_small.txt", "start_pos": [17, 75], "goal_pos": [47, 33], "robot_rows": [17, 17, 17, 17, 17, 17, 17, 17, 17, 17, 17, 17, 17, 17, 17, 18, 20, 23, 26, 29, 32, 35, 38, 41, 44, 46, 48, 49, 49, 49, 49, 49, 49, 49, 49, 49, 49, 49, 49, 49, 48, 47, 47], "robot_cols": [75, 74, 72, 69, 66, 63, 60, 57, 55, 53, 52, 51, 50, 50, 50, 50, 50, 50, 50, 50, 50, 50, 50, 50, 50, 50, 50, 50, 50, 50, 49, 47, 44, 41, 38, 36, 34, 33, 33, 33, 33, 33, 33], "robot_speeds": [0, 1, 2, 3, 3, 3, 3, 3, 2, 2, 1, 1, 1, 0, 0, 1, 2, 3, 3, 3, 3, 3, 3, 3, 3, 2, 2, 1, 0, 0, 1, 2, 3, 3, 3, 2, 2, 1, 0, 0, 1, 1, 0], "robot_directions": [0, 0, 0, 0, 0, 0, 0, 0, 0, 0, 0, 0, 0, 0, 3, 3, 3, 3, 3, 3, 3, 3, 3, 3, 3, 3, 3, 3, 3, 0, 0, 0, 0, 0, 0, 0, 0, 0, 0, 1, 1, 1, 1], "action_accs": [1, 1, 1, 0, 0, 0, 1, -1, 0, -1, 0, 0, -1, 0, 1, 1, 1, 0, 0, 0, 0, 0, 0, 0, -1, 0, -1, -1, 0, 1, 1, 1, 1, 0, -1, 0, -1, -1, 0, 1, 0, -1], "action_rots": [0, 0, 0, 0, 0, 0, 0, 0, 0, 0, 0, 0, 0, -1, 0, 0, 0, 0, 0, 0, 0, 0, 0, 0, 0, 0, 0, 0, 1, 0, 0, 0, 0, 0, 0, 0, 0, 0, 1, 0, 0, 0], "steps": 42, "is_goal": true}