{"map_file_path": "grid_maps/Ihlen/occ_grid_small.txt", "start_pos": [8, 54], "goal_pos": [85, 86], "robot_rows": [8, 8, 8, 8, 8, 8, 8, 8, 8, 8, 8, 8, 8, 8, 8, 8, 8, 8, 8, 8, 8, 7, 6, 4, 1, 3, 3, 2, 2, 1, 1], "robot_cols": [54, 54, 54, 54, 54, 53, 51, 48, 45, 42, 39, 36, 33, 30, 27, 28, 28, 28, 27, 27, 27, 27, 27, 27, 27, 27, 27, 27, 27, 27, 27], "robot_speeds": [0, 0, 0, 0, 0, 1, 2, 3, 3, 3, 3, 3, 3, 3, 3, 0, 0, 0, 1, 0, 0, 1, 1, 2, 3, 0, 0, 1, 0, 1, 0], "robot_directions": [0, 0, 1, 0, 0, 0, 0, 0, 0, 0, 0, 0, 0, 0, 0, 0, 0, 0, 0, 0, 1, 1, 1, 1, 1, 1, 1, 1, 1, 1, 1], "action_accs": [0, 0, 0, 0, 1, 1, 1, 1, 1, 1, 1, 1, 1, 1, 0, -1, 0, 1, 1, 0, 1, 0, 1, 1, 0, -1, 1, 1, 1, 0], "action_rots": [0, 1, -1, 0, 0, 0, 0, 0, 0, 0, 0, 0, 0, 0, 0, 0, 0, 0, 0, 1, 0, 0, 0, 0, 0, 0, 0, 0, 0, 0], "steps": 30, "is_goal": false}