{"map_file_path": "grid_maps/Ihlen/occ_grid_small.txt", "start_pos": [95, 1], "goal_pos": [29, 52], "robot_rows": [95, 95, 95, 95, 95, 95, 94, 92, 89, 86, 83, 81, 81, 80, 80, 80, 80, 79, 79, 79, 79, 79, 79, 79, 79, 79, 79, 79, 79], "robot_cols": [1, 1, 1, 1, 1, 1, 1, 1, 1, 1, 1, 1, 1, 1, 1, 1, 1, 1, 1, 1, 1, 1, 1, 1, 1, 1, 1, 1, 1], "robot_speeds": [0, 0, 0, 0, 0, 0, 1, 2, 3, 3, 3, 2, 0, 1, 0, 0, 0, 1, 0, 0, 0, 0, 0, 0, 0, 0, 0, 0, 0], "robot_directions": [0, 0, 3, 3, 2, 1, 1, 1, 1, 1, 1, 1, 1, 1, 1, 2, 1, 1, 1, 0, 1, 0, 1, 0, 1, 2, 1, 1, 1], "action_accs": [1, 0, 0, 0, 0, 1, 1, 1, 0, 0, -1, 1, 1, 1, 0, 0, 1, 0, 0, 0, 0, 0, 0, 0, 0, 0, 0, 1], "action_rots": [0, -1, 0, -1, -1, 0, 0, 0, 0, 0, 0, 0, 0, 0, 1, -1, 0, 0, -1, 1, -1, 1, -1, 1, 1, -1, 0, 0], "steps": 28, "is_goal": false}