{"map_file_path": "grid_maps/Ihlen/occ_grid_small.txt", "start_pos": [27, 96], "goal_pos": [15, 21], "robot_rows": [27, 27, 27, 27, 27, 27, 27, 27, 27, 27, 27, 27, 27, 27, 27, 27, 27, 27, 27, 27, 27, 27, 27, 27, 27, 27, 27, 27, 27, 27, 27, 27, 27, 27, 27, 27, 27, 27, 27, 27, 27, 27, 27, 27, 27, 27, 28, 30, 33, 32, 32, 32, 32, 32, 32, 32, 32, 32, 32, 32, 32, 32, 32, 32, 32, 32, 32, 32, 32, 32, 32, 32], "robot_cols": [96, 95, 94, 92, 89, 89, 89, 89, 89, 89, 89, 89, 88, 86, 87, 87, 87, 87, 87, 87, 87, 87, 87, 87, 88, 90, 92, 95, 95, 95, 95, 95, 95, 95, 95, 95, 95, 95, 96, 97, 97, 97, 97, 97, 97, 97, 97, 97, 97, 97, 97, 97, 97, 97, 97, 97, 97, 97, 96, 94, 91, 88, 85, 82, 79, 76, 73, 70, 67, 64, 61, 62], "robot_speeds": [0, 1, 1, 2, 3, 0, 0, 0, 0, 0, 0, 0, 1, 2, 0, 0, 0, 0, 0, 0, 0, 0, 0, 0, 1, 2, 2, 3, 0, 0, 0, 0, 0, 0, 0, 0, 0, 0, 1, 1, 0, 0, 0, 0, 0, 0, 1, 2, 3, 0, 0, 0, 0, 0, 0, 0, 0, 0, 1, 2, 3, 3, 3, 3, 3, 3, 3, 3, 3, 3, 3, 0], "robot_directions": [0, 0, 0, 0, 0, 0, 1, 0, 3, 0, 3, 0, 0, 0, 0, 0, 1, 0, 3, 0, 1, 2, 1, 2, 2, 2, 2, 2, 2, 2, 1, 2, 1, 2, 3, 2, 1, 2, 2, 2, 2, 2, 2, 2, 2, 3, 3, 3, 3, 3, 3, 0, 1, 0, 1, 0, 3, 0, 0, 0, 0, 0, 0, 0, 0, 0, 0, 0, 0, 0, 0, 0], "action_accs": [1, 0, 1, 1, 1, 0, 0, 0, 0, 0, 0, 1, 1, 0, -1, 0, 0, 0, 0, 0, 0, 0, 0, 1, 1, 0, 1, 0, -1, 0, 0, 0, 0, 0, 0, 0, 0, 1, 0, -1, -1, 0, 1, 0, 0, 1, 1, 1, 0, -1, 0, 0, 0, 0, 0, 0, 0, 1, 1, 1, 0, 1, 1, 0, 1, 1, 1, 0, 1, 1, 0], "action_rots": [0, 0, 0, 0, 0, 1, -1, -1, 1, -1, 1, 0, 0, 0, 0, 1, -1, -1, 1, 1, 1, -1, 1, 0, 0, 0, 0, 0, 0, -1, 1, -1, 1, 1, -1, -1, 1, 0, 0, 0, 0, 0, 0, 0, 1, 0, 0, 0, 0, 0, 1, 1, -1, 1, -1, -1, 1, 0, 0, 0, 0, 0, 0, 0, 0, 0, 0, 0, 0, 0, 0], "steps": 71, "is_goal": false}