{"map_file_path": "grid_maps/Ihlen/occ_grid_small.txt", "start_pos": [5, 42], "goal_pos": [56, 33], "robot_rows": [5, 5, 5, 5, 5, 5, 5, 5, 5, 5, 6, 8, 10, 11, 13, 15, 15, 15, 16, 16, 16, 16, 16, 16, 16, 16, 16, 16, 16, 16, 16, 16, 16, 16, 16, 16, 16, 16, 16, 16, 16, 16, 16, 15, 13, 11, 9, 7, 5, 2, 3], "robot_cols": [42, 42, 42, 42, 42, 42, 42, 42, 42, 42, 42, 42, 42, 42, 42, 42, 42, 42, 42, 42, 42, 42, 42, 42, 42, 42, 41, 39, 37, 35, 32, 29, 26, 23, 20, 17, 14, 11, 8, 5, 5, 5, 5, 5, 5, 5, 5, 5, 5, 5, 5], "robot_speeds": [0, 0, 0, 0, 0, 0, 0, 0, 0, 0, 1, 2, 2, 1, 2, 2, 0, 0, 1, 0, 0, 0, 0, 0, 0, 0, 1, 2, 2, 2, 3, 3, 3, 3, 3, 3, 3, 3, 3, 3, 0, 0, 0, 1, 2, 2, 2, 2, 2, 3, 0], "robot_directions": [0, 1, 0, 1, 0, 1, 2, 3, 2, 3, 3, 3, 3, 3, 3, 3, 3, 3, 3, 3, 3, 3, 2, 3, 3, 0, 0, 0, 0, 0, 0, 0, 0, 0, 0, 0, 0, 0, 0, 0, 0, 0, 1, 1, 1, 1, 1, 1, 1, 1, 1], "action_accs": [0, 0, 0, 0, 0, 0, 0, 0, 0, 1, 1, 0, -1, 1, 0, 0, -1, 1, 0, -1, 1, 0, 0, 0, 0, 1, 1, 0, 0, 1, 0, 0, 1, 0, 0, 0, 0, 0, 0, 0, -1, 0, 1, 1, 0, 0, 0, 0, 1, 0], "action_rots": [1, -1, 1, -1, 1, 1, 1, -1, 1, 0, 0, 0, 0, 0, 0, 0, 0, 0, 0, 0, 0, -1, 1, 0, 1, 0, 0, 0, 0, 0, 0, 0, 0, 0, 0, 0, 0, 0, 0, 0, 0, 1, 0, 0, 0, 0, 0, 0, 0, 0], "steps": 50, "is_goal": false}