{"map_file_path": "grid_maps/Ihlen/occ_grid_small.txt", "start_pos": [45, 87], "goal_pos": [85, 15], "robot_rows": [45, 45, 45, 45, 45, 45, 45, 45, 45, 45, 45, 45, 45, 45, 45, 45, 45, 45, 45, 45, 45, 45, 45, 45, 45, 45, 45, 45, 45, 45, 45, 45, 45, 45, 45, 45, 45, 45, 45, 45, 45, 45, 45, 45, 45, 45, 45, 45, 45, 45, 45, 45, 45, 45, 45, 45, 45, 45, 45, 45, 45, 45, 45, 45, 45, 45, 45], "robot_cols": [87, 86, 84, 81, 78, 75, 72, 69, 66, 64, 61, 62, 62, 62, 62, 62, 63, 65, 68, 71, 74, 77, 80, 83, 86, 86, 87, 87, 87, 87, 87, 87, 87, 87, 87, 87, 86, 84, 81, 78, 75, 72, 69, 66, 63, 61, 61, 61, 61, 61, 61, 61, 61, 61, 61, 61, 61, 61, 61, 61, 61, 61, 61, 61, 61, 60, 60], "robot_speeds": [0, 1, 2, 3, 3, 3, 3, 3, 3, 2, 3, 0, 0, 0, 0, 0, 1, 2, 3, 3, 3, 3, 3, 3, 3, 0, 1, 0, 0, 0, 0, 0, 0, 0, 0, 0, 1, 2, 3, 3, 3, 3, 3, 3, 3, 2, 0, 0, 0, 0, 0, 0, 0, 0, 0, 0, 0, 0, 0, 0, 0, 0, 0, 0, 0, 1, 0], "robot_directions": [0, 0, 0, 0, 0, 0, 0, 0, 0, 0, 0, 0, 3, 2, 3, 2, 2, 2, 2, 2, 2, 2, 2, 2, 2, 2, 2, 2, 3, 2, 2, 2, 2, 3, 3, 0, 0, 0, 0, 0, 0, 0, 0, 0, 0, 0, 0, 3, 3, 0, 1, 0, 3, 0, 0, 1, 1, 2, 1, 0, 0, 3, 0, 1, 0, 0, 0], "action_accs": [1, 1, 1, 0, 0, 0, 0, 0, -1, 1, 0, 0, 0, 0, 0, 1, 1, 1, 0, 0, 0, 0, 0, 0, 0, 1, 1, 0, 0, 0, 0, 0, 0, 0, 0, 1, 1, 1, 0, 0, 0, 0, 0, 0, -1, 0, 0, 0, 0, 0, 0, 0, 0, 0, 0, 0, 0, 0, 0, 0, 0, 0, 0, 0, 1, 0], "action_rots": [0, 0, 0, 0, 0, 0, 0, 0, 0, 0, 0, -1, -1, 1, -1, 0, 0, 0, 0, 0, 0, 0, 0, 0, 0, 0, 0, 1, -1, 0, 0, 0, 1, 0, 1, 0, 0, 0, 0, 0, 0, 0, 0, 0, 0, 0, -1, 0, 1, 1, -1, -1, 1, 0, 1, 0, 1, -1, -1, 0, -1, 1, 1, -1, 0, 0], "steps": 66, "is_goal": false}