{"map_file_path": "grid_maps/Ihlen/occ_grid_small.txt", "start_pos": [15, 20], "goal_pos": [82, 56], "robot_rows": [15, 15, 15, 15, 15, 15, 15, 15, 15, 15, 15, 15, 14, 15, 15, 15, 15, 15, 15, 15, 15, 15, 15, 15, 15, 15, 15, 15, 14, 15], "robot_cols": [20, 19, 17, 14, 11, 8, 5, 5, 4, 3, 4, 4, 4, 4, 4, 4, 4, 4, 3, 4, 4, 4, 4, 4, 4, 4, 4, 4, 4, 4], "robot_speeds": [0, 1, 2, 3, 3, 3, 3, 0, 1, 1, 0, 0, 1, 0, 0, 0, 0, 0, 1, 0, 0, 0, 0, 0, 0, 0, 0, 0, 1, 0], "robot_directions": [0, 0, 0, 0, 0, 0, 0, 0, 0, 0, 0, 1, 1, 1, 2, 3, 0, 0, 0, 0, 3, 0, 3, 2, 3, 3, 2, 1, 1, 1], "action_accs": [1, 1, 1, 1, 1, 1, 0, 1, 0, 1, 0, 1, 1, 0, 0, 0, 0, 1, 1, 0, 0, 0, 0, 0, 0, 0, 0, 1, 1], "action_rots": [0, 0, 0, 0, 0, 0, 0, 0, 0, 0, 1, 0, 0, 1, 1, 1, 0, 0, 0, -1, 1, -1, -1, 1, 0, -1, -1, 0, 0], "steps": 29, "is_goal": false}