{"map_file_path": "grid_maps/Ihlen/occ_grid_small.txt", "start_pos": [48, 29], "goal_pos": [73, 68], "robot_rows": [48, 48, 48, 49, 49, 49, 49, 49, 49, 49, 49, 49, 49, 49, 49, 49, 49, 49, 49, 49, 49, 49, 49, 49, 49, 49, 49, 49, 49, 50, 52, 54, 57, 60, 63, 66, 68, 70, 72, 73, 73, 73, 73, 73, 73, 73, 73, 73, 73, 73, 73, 73, 73, 73, 73, 73], "robot_cols": [29, 29, 29, 29, 29, 29, 30, 32, 35, 38, 41, 43, 46, 49, 52, 54, 56, 59, 62, 65, 68, 71, 74, 77, 80, 82, 83, 83, 83, 83, 83, 83, 83, 83, 83, 83, 83, 83, 83, 83, 83, 83, 82, 80, 77, 74, 71, 69, 67, 66, 66, 66, 66, 67, 68, 68], "robot_speeds": [0, 0, 0, 1, 0, 0, 1, 2, 3, 3, 3, 2, 3, 3, 3, 2, 2, 3, 3, 3, 3, 3, 3, 3, 3, 2, 1, 0, 0, 1, 2, 2, 3, 3, 3, 3, 2, 2, 2, 1, 0, 0, 1, 2, 3, 3, 3, 2, 2, 1, 0, 0, 0, 1, 1, 0], "robot_directions": [0, 0, 3, 3, 3, 2, 2, 2, 2, 2, 2, 2, 2, 2, 2, 2, 2, 2, 2, 2, 2, 2, 2, 2, 2, 2, 2, 2, 3, 3, 3, 3, 3, 3, 3, 3, 3, 3, 3, 3, 3, 0, 0, 0, 0, 0, 0, 0, 0, 0, 0, 3, 2, 2, 2, 2], "action_accs": [0, 0, 1, -1, 0, 1, 1, 1, 0, 0, -1, 1, 0, 0, -1, 0, 1, 1, 1, 0, 0, 0, 0, 0, -1, -1, -1, 0, 1, 1, 0, 1, 1, 0, 0, -1, 0, 0, -1, 0, 0, 1, 1, 1, 0, 0, -1, 0, -1, -1, 0, 0, 1, 0, -1], "action_rots": [0, -1, 0, 0, -1, 0, 0, 0, 0, 0, 0, 0, 0, 0, 0, 0, 0, 0, 0, 0, 0, 0, 0, 0, 0, 0, 0, 1, 0, 0, 0, 0, 0, 0, 0, 0, 0, 0, 0, 0, 1, 0, 0, 0, 0, 0, 0, 0, 0, 0, -1, -1, 0, 0, 0], "steps": 55, "is_goal": true}