{"map_file_path": "grid_maps/Ihlen/occ_grid_small.txt", "start_pos": [86, 77], "goal_pos": [12, 83], "robot_rows": [86, 86, 86, 86, 86, 86, 86, 86, 86, 86, 86, 86, 86, 86, 86, 86, 86, 86, 86, 86, 86, 86, 86, 86, 86, 86, 86, 86, 86, 86, 86, 86, 86, 86, 86, 86, 86, 86, 86, 86, 86, 86, 86, 86, 86, 86, 86, 86, 86, 86, 86, 86, 86, 86, 86, 86], "robot_cols": [77, 77, 77, 77, 77, 77, 76, 74, 71, 68, 65, 62, 63, 63, 63, 63, 63, 63, 64, 66, 68, 71, 74, 77, 80, 83, 86, 89, 92, 90, 90, 90, 90, 90, 90, 90, 89, 87, 84, 81, 78, 75, 72, 69, 66, 63, 63, 63, 62, 62, 62, 62, 62, 62, 61, 61], "robot_speeds": [0, 0, 0, 0, 0, 0, 1, 2, 3, 3, 3, 3, 0, 0, 0, 0, 0, 0, 1, 2, 2, 3, 3, 3, 3, 3, 3, 3, 3, 0, 0, 0, 0, 0, 0, 0, 1, 2, 3, 3, 3, 3, 3, 3, 3, 3, 0, 0, 1, 0, 0, 0, 0, 0, 1, 0], "robot_directions": [0, 0, 1, 0, 3, 0, 0, 0, 0, 0, 0, 0, 0, 0, 1, 2, 1, 2, 2, 2, 2, 2, 2, 2, 2, 2, 2, 2, 2, 2, 2, 1, 1, 0, 1, 0, 0, 0, 0, 0, 0, 0, 0, 0, 0, 0, 0, 0, 0, 0, 3, 2, 1, 0, 0, 0], "action_accs": [0, 0, 0, 0, 0, 1, 1, 1, 1, 0, 0, 0, -1, 0, 0, 0, 0, 1, 1, 0, 1, 0, 0, 0, 0, 0, 0, 0, 0, -1, 0, 0, 0, 0, 0, 1, 1, 1, 0, 0, 0, 0, 0, 0, 0, 0, -1, 1, 1, 0, 0, 0, 0, 1, 0], "action_rots": [0, 1, -1, -1, 1, 0, 0, 0, 0, 0, 0, 0, 0, 1, 1, -1, 1, 0, 0, 0, 0, 0, 0, 0, 0, 0, 0, 0, 0, 0, -1, 0, -1, 1, -1, 0, 0, 0, 0, 0, 0, 0, 0, 0, 0, 0, 0, 0, 0, -1, -1, -1, -1, 0, 0], "steps": 55, "is_goal": false}