{"map_file_path": "grid_maps/Ihlen/occ_grid_small.txt", "start_pos": [29, 84], "goal_pos": [81, 79], "robot_rows": [29, 29, 29, 29, 29, 29, 29, 30, 32, 34, 37, 40, 43, 46, 48, 50, 51, 51, 51, 51, 51, 51, 51, 51, 51, 51, 51, 51, 51, 51, 51, 51, 52, 54, 57, 60, 63, 66, 69, 72, 75, 78, 80, 81, 81, 81, 81, 81, 81, 81, 81, 81, 81, 81, 81, 81, 81, 81], "robot_cols": [84, 83, 81, 79, 78, 78, 78, 78, 78, 78, 78, 78, 78, 78, 78, 78, 78, 78, 78, 77, 75, 72, 69, 66, 64, 61, 58, 56, 55, 54, 54, 54, 54, 54, 54, 54, 54, 54, 54, 54, 54, 54, 54, 54, 54, 54, 55, 57, 60, 63, 66, 69, 72, 75, 77, 78, 79, 79], "robot_speeds": [0, 1, 2, 2, 1, 0, 0, 1, 2, 2, 3, 3, 3, 3, 2, 2, 1, 0, 0, 1, 2, 3, 3, 3, 2, 3, 3, 2, 1, 1, 0, 0, 1, 2, 3, 3, 3, 3, 3, 3, 3, 3, 2, 1, 0, 0, 1, 2, 3, 3, 3, 3, 3, 3, 2, 1, 1, 0], "robot_directions": [0, 0, 0, 0, 0, 0, 3, 3, 3, 3, 3, 3, 3, 3, 3, 3, 3, 3, 0, 0, 0, 0, 0, 0, 0, 0, 0, 0, 0, 0, 0, 3, 3, 3, 3, 3, 3, 3, 3, 3, 3, 3, 3, 3, 3, 2, 2, 2, 2, 2, 2, 2, 2, 2, 2, 2, 2, 2], "action_accs": [1, 1, 0, -1, -1, 0, 1, 1, 0, 1, 0, 0, 0, -1, 0, -1, -1, 0, 1, 1, 1, 0, 0, -1, 1, 0, -1, -1, 0, -1, 0, 1, 1, 1, 0, 0, 0, 0, 0, 0, 0, -1, -1, -1, 0, 1, 1, 1, 0, 0, 0, 0, 0, -1, -1, 0, -1], "action_rots": [0, 0, 0, 0, 0, -1, 0, 0, 0, 0, 0, 0, 0, 0, 0, 0, 0, 1, 0, 0, 0, 0, 0, 0, 0, 0, 0, 0, 0, 0, -1, 0, 0, 0, 0, 0, 0, 0, 0, 0, 0, 0, 0, 0, -1, 0, 0, 0, 0, 0, 0, 0, 0, 0, 0, 0, 0], "steps": 57, "is_goal": true}