{"map_file_path": "grid_maps/Ihlen/occ_grid_small.txt", "start_pos": [79, 70], "goal_pos": [50, 37], "robot_rows": [79, 79, 79, 79, 79, 79, 79, 79, 79, 79, 79, 79, 78, 76, 73, 70, 67, 64, 61, 58, 55, 53, 51, 50, 50, 50, 50, 50, 50, 50, 50, 50, 50], "robot_cols": [70, 69, 67, 64, 61, 58, 55, 52, 50, 49, 49, 49, 49, 49, 49, 49, 49, 49, 49, 49, 49, 49, 49, 49, 49, 49, 48, 46, 43, 40, 38, 37, 37], "robot_speeds": [0, 1, 2, 3, 3, 3, 3, 3, 2, 1, 0, 0, 1, 2, 3, 3, 3, 3, 3, 3, 3, 2, 2, 1, 0, 0, 1, 2, 3, 3, 2, 1, 0], "robot_directions": [0, 0, 0, 0, 0, 0, 0, 0, 0, 0, 0, 1, 1, 1, 1, 1, 1, 1, 1, 1, 1, 1, 1, 1, 1, 0, 0, 0, 0, 0, 0, 0, 0], "action_accs": [1, 1, 1, 0, 0, 0, 0, -1, -1, -1, 0, 1, 1, 1, 0, 0, 0, 1, 0, 0, -1, 0, -1, -1, 0, 1, 1, 1, 0, -1, -1, -1], "action_rots": [0, 0, 0, 0, 0, 0, 0, 0, 0, 0, 1, 0, 0, 0, 0, 0, 0, 0, 0, 0, 0, 0, 0, 0, -1, 0, 0, 0, 0, 0, 0, 0], "steps": 32, "is_goal": true}