{"map_file_path": "grid_maps/Ihlen/occ_grid_small.txt", "start_pos": [10, 45], "goal_pos": [50, 56], "robot_rows": [10, 10, 10, 10, 10, 10, 10, 10, 10, 10, 10, 11, 13, 16, 19, 22, 25, 28, 31, 34, 37, 40, 43, 46, 48, 49, 50, 50, 50, 50, 50, 50], "robot_cols": [45, 45, 45, 45, 46, 48, 51, 53, 54, 54, 54, 54, 54, 54, 54, 54, 54, 54, 54, 54, 54, 54, 54, 54, 54, 54, 54, 54, 54, 55, 56, 56], "robot_speeds": [0, 0, 0, 0, 1, 2, 3, 2, 1, 0, 0, 1, 2, 3, 3, 3, 3, 3, 3, 3, 3, 3, 3, 3, 2, 1, 1, 0, 0, 1, 1, 0], "robot_directions": [0, 0, 3, 2, 2, 2, 2, 2, 2, 2, 3, 3, 3, 3, 3, 3, 3, 3, 3, 3, 3, 3, 3, 3, 3, 3, 3, 3, 2, 2, 2, 2], "action_accs": [-1, 0, 0, 1, 1, 1, -1, -1, -1, 0, 1, 1, 1, 0, 0, 0, 0, 0, 0, 0, 0, 0, 0, -1, -1, 0, -1, 0, 1, 0, -1], "action_rots": [0, -1, -1, 0, 0, 0, 0, 0, 0, 1, 0, 0, 0, 0, 0, 0, 0, 0, 0, 0, 0, 0, 0, 0, 0, 0, 0, -1, 0, 0, 0], "steps": 31, "is_goal": true}