{"map_file_path": "grid_maps/Ihlen/occ_grid_small.txt", "start_pos": [12, 75], "goal_pos": [69, 52], "robot_rows": [12, 12, 12, 12, 12, 12, 12, 12, 12, 12, 12, 12, 12, 13, 15, 17, 20, 23, 26, 29, 32, 35, 37, 40, 43, 46, 48, 51, 54, 57, 60, 63, 66, 68, 69, 69], "robot_cols": [75, 74, 72, 70, 67, 64, 61, 58, 55, 53, 52, 52, 52, 52, 52, 52, 52, 52, 52, 52, 52, 52, 52, 52, 52, 52, 52, 52, 52, 52, 52, 52, 52, 52, 52, 52], "robot_speeds": [0, 1, 2, 2, 3, 3, 3, 3, 3, 2, 1, 0, 0, 1, 2, 2, 3, 3, 3, 3, 3, 3, 2, 3, 3, 3, 2, 3, 3, 3, 3, 3, 3, 2, 1, 0], "robot_directions": [0, 0, 0, 0, 0, 0, 0, 0, 0, 0, 0, 0, 3, 3, 3, 3, 3, 3, 3, 3, 3, 3, 3, 3, 3, 3, 3, 3, 3, 3, 3, 3, 3, 3, 3, 3], "action_accs": [1, 1, 0, 1, 0, 0, 0, 0, -1, -1, -1, 0, 1, 1, 0, 1, 0, 0, 0, 0, 0, -1, 1, 0, 1, -1, 1, 0, 0, 0, 0, 0, -1, -1, -1], "action_rots": [0, 0, 0, 0, 0, 0, 0, 0, 0, 0, 0, -1, 0, 0, 0, 0, 0, 0, 0, 0, 0, 0, 0, 0, 0, 0, 0, 0, 0, 0, 0, 0, 0, 0, 0], "steps": 35, "is_goal": true}