{"map_file_path": "grid_maps/Ihlen/occ_grid_small.txt", "start_pos": [46, 64], "goal_pos": [63, 13], "robot_rows": [46, 46, 47, 49, 51, 52, 52, 52, 52, 51, 50, 50, 50, 50, 50, 50, 50, 50, 50, 50, 50, 50, 50, 50, 50, 50, 50, 50, 50, 50, 50, 51, 53, 56, 58, 59, 59, 59, 59, 59, 59, 59, 59, 59, 59, 59, 59, 59, 60, 61, 62, 63, 63], "robot_cols": [64, 64, 64, 64, 64, 64, 64, 64, 64, 64, 64, 64, 64, 63, 61, 58, 55, 53, 50, 48, 45, 42, 39, 36, 33, 31, 29, 28, 27, 27, 27, 27, 27, 27, 27, 27, 27, 27, 26, 24, 21, 18, 16, 15, 14, 13, 13, 13, 13, 13, 13, 13, 13], "robot_speeds": [0, 0, 1, 2, 2, 1, 0, 0, 0, 1, 1, 0, 0, 1, 2, 3, 3, 2, 3, 2, 3, 3, 3, 3, 3, 2, 2, 1, 1, 0, 0, 1, 2, 3, 2, 1, 0, 0, 1, 2, 3, 3, 2, 1, 1, 1, 0, 0, 1, 1, 1, 1, 0], "robot_directions": [0, 3, 3, 3, 3, 3, 3, 0, 1, 1, 1, 1, 0, 0, 0, 0, 0, 0, 0, 0, 0, 0, 0, 0, 0, 0, 0, 0, 0, 0, 3, 3, 3, 3, 3, 3, 3, 0, 0, 0, 0, 0, 0, 0, 0, 0, 0, 3, 3, 3, 3, 3, 3], "action_accs": [0, 1, 1, 0, -1, -1, 0, 0, 1, 0, -1, 0, 1, 1, 1, 0, -1, 1, -1, 1, 0, 0, 0, 1, -1, 0, -1, 0, -1, 0, 1, 1, 1, -1, -1, -1, 0, 1, 1, 1, 1, -1, -1, 0, 0, -1, 0, 1, 0, 0, 0, -1], "action_rots": [-1, 0, 0, 0, 0, 0, 1, 1, 0, 0, 0, -1, 0, 0, 0, 0, 0, 0, 0, 0, 0, 0, 0, 0, 0, 0, 0, 0, 0, -1, 0, 0, 0, 0, 0, 0, 1, 0, 0, 0, 0, 0, 0, 0, 0, 0, -1, 0, 0, 0, 0, 0], "steps": 52, "is_goal": true}