{"map_file_path": "grid_maps/Ihlen/occ_grid_small.txt", "start_pos": [19, 79], "goal_pos": [73, 69], "robot_rows": [19, 19, 20, 22, 25, 28, 30, 33, 36, 39, 42, 45, 48, 51, 54, 56, 57, 57, 57, 57, 57, 57, 57, 57, 57, 58, 60, 63, 65, 68, 70, 71, 72, 73, 73, 73, 73, 73, 73, 73, 73, 73, 73, 73], "robot_cols": [79, 79, 79, 79, 79, 79, 79, 79, 79, 79, 79, 79, 79, 79, 79, 79, 79, 79, 79, 80, 82, 83, 84, 84, 84, 84, 84, 84, 84, 84, 84, 84, 84, 84, 84, 84, 83, 81, 78, 75, 72, 70, 69, 69], "robot_speeds": [0, 0, 1, 2, 3, 3, 2, 3, 3, 3, 3, 3, 3, 3, 3, 2, 1, 0, 0, 1, 2, 1, 1, 0, 0, 1, 2, 3, 2, 3, 2, 1, 1, 1, 0, 0, 1, 2, 3, 3, 3, 2, 1, 0], "robot_directions": [0, 3, 3, 3, 3, 3, 3, 3, 3, 3, 3, 3, 3, 3, 3, 3, 3, 3, 2, 2, 2, 2, 2, 2, 3, 3, 3, 3, 3, 3, 3, 3, 3, 3, 3, 0, 0, 0, 0, 0, 0, 0, 0, 0], "action_accs": [0, 1, 1, 1, 0, -1, 1, 0, 0, 0, 0, 0, 0, 0, -1, -1, -1, 0, 1, 1, -1, 0, -1, 0, 1, 1, 1, -1, 1, -1, -1, 0, 0, -1, 0, 1, 1, 1, 0, 0, -1, -1, -1], "action_rots": [-1, 0, 0, 0, 0, 0, 0, 0, 0, 0, 0, 0, 0, 0, 0, 0, 0, -1, 0, 0, 0, 0, 0, 1, 0, 0, 0, 0, 0, 0, 0, 0, 0, 0, 1, 0, 0, 0, 0, 0, 0, 0, 0], "steps": 43, "is_goal": true}