{"map_file_path": "grid_maps/Ihlen/occ_grid_small.txt", "start_pos": [54, 55], "goal_pos": [82, 16], "robot_rows": [54, 54, 55, 57, 60, 63, 66, 69, 72, 75, 78, 80, 81, 82, 82, 82, 82, 82, 82, 82, 82, 82, 82, 82, 82, 82, 82, 82, 82, 82, 82, 82, 82, 82, 82, 82, 82], "robot_cols": [55, 55, 55, 55, 55, 55, 55, 55, 55, 55, 55, 55, 55, 55, 55, 55, 54, 52, 50, 47, 44, 41, 38, 35, 32, 29, 26, 23, 20, 18, 16, 15, 15, 15, 15, 16, 16], "robot_speeds": [0, 0, 1, 2, 3, 3, 3, 3, 3, 3, 3, 2, 1, 1, 0, 0, 1, 2, 2, 3, 3, 3, 3, 3, 3, 3, 3, 3, 3, 2, 2, 1, 0, 0, 0, 1, 0], "robot_directions": [0, 3, 3, 3, 3, 3, 3, 3, 3, 3, 3, 3, 3, 3, 3, 0, 0, 0, 0, 0, 0, 0, 0, 0, 0, 0, 0, 0, 0, 0, 0, 0, 0, 3, 2, 2, 2], "action_accs": [0, 1, 1, 1, 0, 0, 0, 0, 0, 0, -1, -1, 0, -1, 0, 1, 1, 0, 1, 0, 0, 0, 0, 0, 0, 1, 0, 0, -1, 0, -1, -1, 0, 0, 1, -1], "action_rots": [-1, 0, 0, 0, 0, 0, 0, 0, 0, 0, 0, 0, 0, 0, 1, 0, 0, 0, 0, 0, 0, 0, 0, 0, 0, 0, 0, 0, 0, 0, 0, 0, -1, -1, 0, 0], "steps": 36, "is_goal": true}