{"map_file_path": "grid_maps/Ihlen/occ_grid_small.txt", "start_pos": [3, 35], "goal_pos": [29, 80], "robot_rows": [3, 3, 4, 6, 8, 10, 11, 11, 11, 11, 11, 11, 11, 11, 11, 11, 11, 11, 11, 11, 11, 11, 11, 11, 11, 11, 11, 11, 11, 11, 11, 11, 11, 11, 11, 11, 12, 14, 17, 20, 23, 26, 28, 29, 30, 31, 31, 31, 31, 31, 31, 31, 31, 30, 29, 29, 29, 29, 29], "robot_cols": [35, 35, 35, 35, 35, 35, 35, 35, 35, 36, 38, 41, 44, 47, 50, 53, 56, 59, 62, 65, 67, 70, 73, 76, 78, 80, 82, 83, 83, 83, 83, 82, 80, 79, 79, 79, 79, 79, 79, 79, 79, 79, 79, 79, 79, 79, 79, 79, 79, 80, 81, 81, 81, 81, 81, 81, 81, 80, 80], "robot_speeds": [0, 0, 1, 2, 2, 2, 1, 0, 0, 1, 2, 3, 3, 3, 3, 3, 3, 3, 3, 3, 2, 3, 3, 3, 2, 2, 2, 1, 0, 0, 0, 1, 2, 1, 0, 0, 1, 2, 3, 3, 3, 3, 2, 1, 1, 1, 0, 0, 0, 1, 1, 0, 0, 1, 1, 0, 0, 1, 0], "robot_directions": [0, 3, 3, 3, 3, 3, 3, 3, 2, 2, 2, 2, 2, 2, 2, 2, 2, 2, 2, 2, 2, 2, 2, 2, 2, 2, 2, 2, 2, 3, 0, 0, 0, 0, 0, 3, 3, 3, 3, 3, 3, 3, 3, 3, 3, 3, 3, 2, 2, 2, 2, 2, 1, 1, 1, 1, 0, 0, 0], "action_accs": [0, 1, 1, 0, 0, -1, -1, 0, 1, 1, 1, 0, 0, 0, 0, 0, 0, 0, 0, -1, 1, 0, 0, -1, 0, 0, -1, -1, 0, 0, 1, 1, -1, -1, 0, 1, 1, 1, 0, 0, 0, -1, -1, 0, 0, -1, 0, 0, 1, 0, -1, 0, 1, 0, -1, 0, 1, -1], "action_rots": [-1, 0, 0, 0, 0, 0, 0, -1, 0, 0, 0, 0, 0, 0, 0, 0, 0, 0, 0, 0, 0, 0, 0, 0, 0, 0, 0, 0, 1, 1, 0, 0, 0, 0, -1, 0, 0, 0, 0, 0, 0, 0, 0, 0, 0, 0, -1, 0, 0, 0, 0, -1, 0, 0, 0, -1, 0, 0], "steps": 58, "is_goal": true}