{"map_file_path": "grid_maps/Ihlen/occ_grid_small.txt", "start_pos": [58, 88], "goal_pos": [39, 55], "robot_rows": [58, 58, 58, 57, 55, 52, 49, 47, 46, 46, 46, 46, 47, 48, 50, 51, 51, 51, 51, 51, 51, 51, 51, 51, 51, 51, 51, 51, 51, 51, 51, 51, 51, 51, 51, 50, 49, 47, 44, 42, 40, 39, 39], "robot_cols": [88, 88, 88, 88, 88, 88, 88, 88, 88, 88, 88, 88, 88, 88, 88, 88, 88, 88, 88, 87, 85, 82, 79, 76, 73, 70, 67, 64, 61, 59, 57, 56, 55, 55, 55, 55, 55, 55, 55, 55, 55, 55, 55], "robot_speeds": [0, 0, 0, 1, 2, 3, 3, 2, 1, 0, 0, 0, 1, 1, 2, 1, 0, 0, 0, 1, 2, 3, 3, 3, 3, 3, 3, 3, 3, 2, 2, 1, 1, 0, 0, 1, 1, 2, 3, 2, 2, 1, 0], "robot_directions": [0, 0, 1, 1, 1, 1, 1, 1, 1, 1, 0, 3, 3, 3, 3, 3, 3, 0, 0, 0, 0, 0, 0, 0, 0, 0, 0, 0, 0, 0, 0, 0, 0, 0, 1, 1, 1, 1, 1, 1, 1, 1, 1], "action_accs": [0, 0, 1, 1, 1, 0, -1, -1, -1, 0, 0, 1, 0, 1, -1, -1, 0, 0, 1, 1, 1, 0, 0, 0, 0, 0, 0, 0, -1, 0, -1, 0, -1, 0, 1, 0, 1, 1, -1, 0, -1, -1], "action_rots": [0, 1, 0, 0, 0, 0, 0, 0, 0, -1, -1, 0, 0, 0, 0, 0, 1, 0, 0, 0, 0, 0, 0, 0, 0, 0, 0, 0, 0, 0, 0, 0, 0, 1, 0, 0, 0, 0, 0, 0, 0, 0], "steps": 42, "is_goal": true}