{"map_file_path": "grid_maps/Ihlen/occ_grid_small.txt", "start_pos": [79, 5], "goal_pos": [90, 44], "robot_rows": [79, 79, 79, 79, 79, 79, 79, 79, 79, 79, 79, 79, 79, 79, 79, 79, 79, 79, 79, 79, 79, 79, 79, 79, 79, 79, 79, 79, 80, 82, 85, 87, 89, 91, 92, 92, 92, 92, 91, 90, 90], "robot_cols": [5, 5, 5, 6, 8, 11, 14, 16, 19, 22, 25, 28, 31, 34, 36, 39, 41, 43, 45, 46, 46, 46, 46, 45, 45, 44, 44, 44, 44, 44, 44, 44, 44, 44, 44, 44, 44, 44, 44, 44, 44], "robot_speeds": [0, 0, 0, 1, 2, 3, 3, 2, 3, 3, 3, 3, 3, 3, 2, 3, 2, 2, 2, 1, 0, 0, 0, 1, 0, 1, 0, 0, 1, 2, 3, 2, 2, 2, 1, 0, 0, 0, 1, 1, 0], "robot_directions": [0, 3, 2, 2, 2, 2, 2, 2, 2, 2, 2, 2, 2, 2, 2, 2, 2, 2, 2, 2, 2, 3, 0, 0, 0, 0, 0, 3, 3, 3, 3, 3, 3, 3, 3, 3, 0, 1, 1, 1, 1], "action_accs": [0, 0, 1, 1, 1, 0, -1, 1, 0, 0, 0, 0, 0, -1, 1, -1, 0, 0, -1, -1, 0, 0, 1, -1, 1, -1, 0, 1, 1, 1, -1, 0, 0, -1, -1, 0, 0, 1, 0, -1], "action_rots": [-1, -1, 0, 0, 0, 0, 0, 0, 0, 0, 0, 0, 0, 0, 0, 0, 0, 0, 0, 0, 1, 1, 0, 0, 0, 0, -1, 0, 0, 0, 0, 0, 0, 0, 0, 1, 1, 0, 0, 0], "steps": 40, "is_goal": true}