{"map_file_path": "grid_maps/Ihlen/occ_grid_small.txt", "start_pos": [45, 51], "goal_pos": [7, 5], "robot_rows": [45, 45, 45, 45, 44, 42, 39, 36, 33, 30, 27, 24, 21, 18, 15, 12, 9, 7, 6, 6, 6, 6, 6, 6, 6, 6, 6, 6, 6, 6, 6, 6, 6, 6, 6, 6, 6, 6, 6, 6, 6, 6, 7, 7], "robot_cols": [51, 51, 51, 51, 51, 51, 51, 51, 51, 51, 51, 51, 51, 51, 51, 51, 51, 51, 51, 51, 51, 50, 48, 45, 42, 39, 36, 33, 30, 27, 24, 22, 19, 16, 14, 12, 9, 7, 6, 5, 5, 5, 5, 5], "robot_speeds": [0, 0, 0, 0, 1, 2, 3, 3, 3, 3, 3, 3, 3, 3, 3, 3, 3, 2, 1, 0, 0, 1, 2, 3, 3, 3, 3, 3, 3, 3, 3, 2, 3, 3, 2, 2, 3, 2, 1, 1, 0, 0, 1, 0], "robot_directions": [0, 0, 1, 1, 1, 1, 1, 1, 1, 1, 1, 1, 1, 1, 1, 1, 1, 1, 1, 1, 0, 0, 0, 0, 0, 0, 0, 0, 0, 0, 0, 0, 0, 0, 0, 0, 0, 0, 0, 0, 0, 3, 3, 3], "action_accs": [0, 0, 0, 1, 1, 1, 0, 0, 0, 0, 0, 0, 0, 1, 0, 0, -1, -1, -1, 0, 1, 1, 1, 0, 0, 1, 0, 0, 1, 0, -1, 1, 0, -1, 0, 1, -1, -1, 0, -1, 0, 1, -1], "action_rots": [0, 1, 0, 0, 0, 0, 0, 0, 0, 0, 0, 0, 0, 0, 0, 0, 0, 0, 0, -1, 0, 0, 0, 0, 0, 0, 0, 0, 0, 0, 0, 0, 0, 0, 0, 0, 0, 0, 0, 0, -1, 0, 0], "steps": 43, "is_goal": true}