{"map_file_path": "grid_maps/Ihlen/occ_grid_small.txt", "start_pos": [87, 86], "goal_pos": [59, 10], "robot_rows": [87, 87, 86, 84, 83, 83, 83, 83, 83, 83, 83, 83, 83, 83, 83, 83, 83, 83, 83, 83, 83, 83, 83, 83, 83, 83, 83, 83, 82, 80, 77, 74, 71, 68, 66, 63, 60, 57, 54, 52, 51, 50, 50, 50, 50, 50, 50, 50, 50, 50, 50, 50, 50, 50, 50, 50, 51, 53, 56, 58, 59, 59, 59, 59, 59, 59, 59, 59, 59, 59, 59, 59, 59, 59, 59, 59, 59, 59, 59], "robot_cols": [86, 86, 86, 86, 86, 86, 86, 85, 83, 80, 77, 75, 72, 69, 66, 63, 60, 57, 54, 51, 49, 48, 48, 48, 48, 49, 49, 49, 49, 49, 49, 49, 49, 49, 49, 49, 49, 49, 49, 49, 49, 49, 49, 49, 48, 46, 43, 40, 37, 34, 31, 29, 28, 27, 27, 27, 27, 27, 27, 27, 27, 27, 27, 26, 24, 21, 19, 16, 13, 10, 8, 7, 7, 7, 7, 8, 9, 10, 10], "robot_speeds": [0, 0, 1, 2, 1, 0, 0, 1, 2, 3, 3, 2, 3, 3, 3, 3, 3, 3, 3, 3, 2, 1, 0, 0, 0, 1, 0, 0, 1, 2, 3, 3, 3, 3, 2, 3, 3, 3, 3, 2, 1, 1, 0, 0, 1, 2, 3, 3, 3, 3, 3, 2, 1, 1, 0, 0, 1, 2, 3, 2, 1, 0, 0, 1, 2, 3, 2, 3, 3, 3, 2, 1, 0, 0, 0, 1, 1, 1, 0], "robot_directions": [0, 1, 1, 1, 1, 1, 0, 0, 0, 0, 0, 0, 0, 0, 0, 0, 0, 0, 0, 0, 0, 0, 0, 3, 2, 2, 2, 1, 1, 1, 1, 1, 1, 1, 1, 1, 1, 1, 1, 1, 1, 1, 1, 0, 0, 0, 0, 0, 0, 0, 0, 0, 0, 0, 0, 3, 3, 3, 3, 3, 3, 3, 0, 0, 0, 0, 0, 0, 0, 0, 0, 0, 0, 3, 2, 2, 2, 2, 2], "action_accs": [0, 1, 1, -1, -1, 0, 1, 1, 1, 0, -1, 1, 0, 0, 0, 0, 0, 1, 0, -1, -1, -1, 0, 0, 1, -1, 0, 1, 1, 1, 0, 0, 0, -1, 1, 0, 0, 0, -1, -1, 0, -1, 0, 1, 1, 1, 0, 0, 0, 0, -1, -1, 0, -1, 0, 1, 1, 1, -1, -1, -1, 0, 1, 1, 1, -1, 1, 0, 0, -1, -1, -1, 0, 0, 1, 0, 0, -1], "action_rots": [1, 0, 0, 0, 0, -1, 0, 0, 0, 0, 0, 0, 0, 0, 0, 0, 0, 0, 0, 0, 0, 0, -1, -1, 0, 0, -1, 0, 0, 0, 0, 0, 0, 0, 0, 0, 0, 0, 0, 0, 0, 0, -1, 0, 0, 0, 0, 0, 0, 0, 0, 0, 0, 0, -1, 0, 0, 0, 0, 0, 0, 1, 0, 0, 0, 0, 0, 0, 0, 0, 0, 0, -1, -1, 0, 0, 0, 0], "steps": 78, "is_goal": true}