{"map_file_path": "grid_maps/Ihlen/occ_grid_small.txt", "start_pos": [81, 48], "goal_pos": [10, 64], "robot_rows": [81, 81, 81, 81, 81, 81, 81, 81, 80, 78, 75, 72, 69, 66, 63, 60, 57, 54, 51, 48, 46, 43, 40, 37, 34, 31, 28, 25, 22, 19, 16, 13, 11, 10, 10, 10, 10, 10, 10, 10, 10, 10, 10, 10, 10, 10, 10, 10, 10], "robot_cols": [48, 48, 48, 49, 51, 52, 52, 52, 52, 52, 52, 52, 52, 52, 52, 52, 52, 52, 52, 52, 52, 52, 52, 52, 52, 52, 52, 52, 52, 52, 52, 52, 52, 52, 52, 52, 53, 55, 58, 61, 63, 65, 66, 66, 66, 66, 65, 64, 64], "robot_speeds": [0, 0, 0, 1, 2, 1, 0, 0, 1, 2, 3, 3, 3, 3, 3, 3, 3, 3, 3, 3, 2, 3, 3, 3, 3, 3, 3, 3, 3, 3, 3, 3, 2, 1, 0, 0, 1, 2, 3, 3, 2, 2, 1, 0, 0, 0, 1, 1, 0], "robot_directions": [0, 3, 2, 2, 2, 2, 2, 1, 1, 1, 1, 1, 1, 1, 1, 1, 1, 1, 1, 1, 1, 1, 1, 1, 1, 1, 1, 1, 1, 1, 1, 1, 1, 1, 1, 2, 2, 2, 2, 2, 2, 2, 2, 2, 3, 0, 0, 0, 0], "action_accs": [0, 0, 1, 1, -1, -1, 0, 1, 1, 1, 0, 0, 0, 0, 0, 0, 0, 1, 0, -1, 1, 0, 0, 0, 0, 0, 0, 0, 0, 0, 0, -1, -1, -1, 0, 1, 1, 1, 0, -1, 0, -1, -1, 0, 0, 1, 0, -1], "action_rots": [-1, -1, 0, 0, 0, 0, -1, 0, 0, 0, 0, 0, 0, 0, 0, 0, 0, 0, 0, 0, 0, 0, 0, 0, 0, 0, 0, 0, 0, 0, 0, 0, 0, 0, 1, 0, 0, 0, 0, 0, 0, 0, 0, 1, 1, 0, 0, 0], "steps": 48, "is_goal": true}