{"map_file_path": "grid_maps/Ihlen/occ_grid_small.txt", "start_pos": [63, 53], "goal_pos": [54, 5], "robot_rows": [63, 63, 62, 60, 57, 54, 51, 48, 46, 43, 40, 37, 34, 31, 28, 25, 23, 20, 17, 14, 11, 8, 5, 2, 3, 3, 3, 3, 3, 3, 3, 3, 2, 2, 2, 2, 2, 2, 2, 2, 2, 2, 2, 2, 2, 2, 2, 2, 2, 2, 2, 2, 2, 2, 2, 2, 2, 2, 2, 2, 2, 2, 2, 2, 2], "robot_cols": [53, 53, 53, 53, 53, 53, 53, 53, 53, 53, 53, 53, 53, 53, 53, 53, 53, 53, 53, 53, 53, 53, 53, 53, 53, 53, 53, 53, 53, 53, 53, 53, 53, 53, 53, 54, 56, 55, 55, 55, 55, 54, 52, 49, 46, 43, 40, 37, 34, 31, 29, 26, 23, 20, 18, 15, 12, 9, 6, 3, 5, 5, 4, 3, 3], "robot_speeds": [0, 0, 1, 2, 3, 3, 3, 3, 2, 3, 3, 3, 3, 3, 3, 3, 2, 3, 3, 3, 3, 3, 3, 3, 0, 0, 0, 0, 0, 0, 0, 0, 1, 0, 0, 1, 2, 0, 0, 0, 0, 1, 2, 3, 3, 3, 3, 3, 3, 3, 2, 3, 3, 3, 2, 3, 3, 3, 3, 3, 0, 0, 1, 1, 0], "robot_directions": [0, 1, 1, 1, 1, 1, 1, 1, 1, 1, 1, 1, 1, 1, 1, 1, 1, 1, 1, 1, 1, 1, 1, 1, 1, 1, 2, 3, 2, 3, 2, 1, 1, 1, 2, 2, 2, 2, 2, 1, 0, 0, 0, 0, 0, 0, 0, 0, 0, 0, 0, 0, 0, 0, 0, 0, 0, 0, 0, 0, 0, 0, 0, 0, 0], "action_accs": [0, 1, 1, 1, 0, 0, 0, -1, 1, 0, 0, 0, 0, 0, 0, -1, 1, 0, 0, 0, 0, 0, 0, 0, -1, 0, 0, 0, 0, 0, 0, 1, 1, 0, 1, 1, 0, -1, 0, 0, 1, 1, 1, 0, 0, 0, 0, 0, 0, -1, 1, 0, 0, -1, 1, 0, 0, 0, 0, 0, 0, 1, 0, 0], "action_rots": [1, 0, 0, 0, 0, 0, 0, 0, 0, 0, 0, 0, 0, 0, 0, 0, 0, 0, 0, 0, 0, 0, 0, 0, 0, 1, 1, -1, 1, -1, -1, 0, 0, 1, 0, 0, 0, 0, -1, -1, 0, 0, 0, 0, 0, 0, 0, 0, 0, 0, 0, 0, 0, 0, 0, 0, 0, 0, 0, 0, 0, 0, 0, 0], "steps": 64, "is_goal": false}