{"map_file_path": "grid_maps/Ihlen/occ_grid_small.txt", "start_pos": [84, 43], "goal_pos": [39, 32], "robot_rows": [84, 84, 84, 84, 84, 84, 84, 84, 84, 84, 84, 84, 84, 84, 84, 85, 87, 90, 93, 96, 95, 95, 95, 95, 95, 95, 95, 95, 95, 95, 95, 95, 95, 95, 95, 95, 95, 95, 95], "robot_cols": [43, 43, 43, 43, 43, 43, 43, 43, 43, 43, 43, 43, 43, 43, 43, 43, 43, 43, 43, 43, 43, 43, 43, 43, 44, 46, 45, 45, 45, 46, 46, 46, 46, 46, 46, 46, 45, 43, 43], "robot_speeds": [0, 0, 0, 0, 0, 0, 0, 0, 0, 0, 0, 0, 0, 0, 0, 1, 2, 3, 3, 3, 0, 0, 0, 0, 1, 2, 0, 0, 0, 1, 0, 0, 0, 0, 0, 0, 1, 2, 0], "robot_directions": [0, 3, 0, 0, 0, 0, 3, 0, 1, 1, 1, 2, 1, 2, 3, 3, 3, 3, 3, 3, 3, 2, 1, 2, 2, 2, 2, 1, 2, 2, 2, 2, 1, 0, 1, 0, 0, 0, 0], "action_accs": [0, 0, 0, 0, 0, 0, 0, 0, 0, 0, 0, 0, 0, 0, 1, 1, 1, 0, 0, 0, 0, 0, 0, 1, 1, 0, 0, 0, 1, 0, 1, 0, 0, 0, 0, 1, 1, 1], "action_rots": [-1, 1, 0, 0, 0, -1, 1, 1, 0, 0, 1, -1, 1, 1, 0, 0, 0, 0, 0, 0, -1, -1, 1, 0, 0, 0, -1, 1, 0, 0, 0, -1, -1, 1, -1, 0, 0, 0], "steps": 38, "is_goal": false}