{"map_file_path": "grid_maps/Ihlen/occ_grid_small.txt", "start_pos": [42, 51], "goal_pos": [14, 86], "robot_rows": [42, 42, 41, 39, 37, 35, 32, 29, 26, 23, 20, 17, 15, 14, 13, 13, 13, 13, 13, 13, 13, 13, 13, 13, 13, 13, 13, 13, 13, 13, 13, 13, 13, 13, 14, 15, 15, 15, 15, 15, 15, 14, 14], "robot_cols": [51, 51, 51, 51, 51, 51, 51, 51, 51, 51, 51, 51, 51, 51, 51, 51, 51, 52, 53, 55, 58, 61, 64, 67, 70, 73, 76, 79, 82, 84, 85, 86, 86, 86, 86, 86, 86, 86, 86, 86, 86, 86, 86], "robot_speeds": [0, 0, 1, 2, 2, 2, 3, 3, 3, 3, 3, 3, 2, 1, 1, 0, 0, 1, 1, 2, 3, 3, 3, 3, 3, 3, 3, 3, 3, 2, 1, 1, 0, 0, 1, 1, 0, 0, 0, 0, 0, 1, 0], "robot_directions": [0, 1, 1, 1, 1, 1, 1, 1, 1, 1, 1, 1, 1, 1, 1, 1, 2, 2, 2, 2, 2, 2, 2, 2, 2, 2, 2, 2, 2, 2, 2, 2, 2, 3, 3, 3, 3, 0, 0, 0, 1, 1, 1], "action_accs": [0, 1, 1, 0, 0, 1, 0, 0, 0, 0, 0, -1, -1, 0, -1, 0, 1, 0, 1, 1, 0, 0, 0, 0, 0, 0, 0, 0, -1, -1, 0, -1, 0, 1, 0, -1, 0, 0, 0, 0, 1, -1], "action_rots": [1, 0, 0, 0, 0, 0, 0, 0, 0, 0, 0, 0, 0, 0, 0, 1, 0, 0, 0, 0, 0, 0, 0, 0, 0, 0, 0, 0, 0, 0, 0, 0, 1, 0, 0, 0, 1, 0, 0, 1, 0, 0], "steps": 42, "is_goal": true}