{"map_file_path": "grid_maps/Ihlen/occ_grid_small.txt", "start_pos": [71, 83], "goal_pos": [91, 16], "robot_rows": [71, 71, 71, 71, 71, 71, 71, 71, 71, 71, 71, 72, 72, 72, 72, 72, 72, 72, 72, 72, 72, 72, 72, 72, 72, 72, 72, 72, 72, 71, 69, 69, 69, 69, 69, 69, 68, 68, 68, 68, 68, 69, 71, 73, 73], "robot_cols": [83, 83, 83, 83, 83, 83, 83, 83, 83, 83, 83, 83, 83, 83, 83, 83, 83, 83, 82, 80, 77, 74, 71, 68, 65, 66, 66, 66, 66, 66, 66, 66, 66, 66, 66, 66, 66, 66, 66, 66, 66, 66, 66, 66, 66], "robot_speeds": [0, 0, 0, 0, 0, 0, 0, 0, 0, 0, 0, 1, 0, 0, 0, 0, 0, 0, 1, 2, 3, 3, 3, 3, 3, 0, 0, 0, 0, 1, 2, 0, 0, 0, 0, 0, 1, 0, 0, 0, 0, 1, 2, 2, 0], "robot_directions": [0, 1, 0, 1, 2, 2, 1, 0, 3, 2, 3, 3, 3, 0, 3, 3, 3, 0, 0, 0, 0, 0, 0, 0, 0, 0, 0, 1, 1, 1, 1, 1, 1, 1, 0, 1, 1, 1, 1, 2, 3, 3, 3, 3, 3], "action_accs": [0, 0, 0, 0, 0, 0, 0, 0, 0, 0, 1, 1, 0, 0, 0, 0, 0, 1, 1, 1, 0, 0, 0, 0, -1, -1, 0, 0, 1, 1, 0, 0, 0, 0, 0, 1, 0, -1, 0, 0, 1, 1, 0, 0], "action_rots": [1, -1, 1, 1, 0, -1, -1, -1, -1, 1, 0, 0, 1, -1, 0, 0, 1, 0, 0, 0, 0, 0, 0, 0, 0, 0, 1, 0, 0, 0, 0, 0, 0, -1, 1, 0, 0, 0, 1, 1, 0, 0, 0, 0], "steps": 44, "is_goal": false}