{"map_file_path": "grid_maps/Ihlen/occ_grid_small.txt", "start_pos": [35, 4], "goal_pos": [90, 67], "robot_rows": [35, 35, 35, 35, 35, 34, 32, 32, 32, 32, 31, 31, 31, 31, 31, 31, 31], "robot_cols": [4, 4, 4, 4, 4, 4, 4, 4, 4, 4, 4, 4, 4, 4, 4, 4, 4], "robot_speeds": [0, 0, 0, 0, 0, 1, 2, 0, 0, 0, 1, 0, 0, 0, 0, 0, 0], "robot_directions": [0, 3, 0, 1, 1, 1, 1, 1, 0, 1, 1, 1, 2, 1, 1, 1, 1], "action_accs": [0, 0, 0, 0, 1, 1, 0, 0, 0, 1, 0, 0, 0, 1, 1, 1], "action_rots": [-1, 1, 1, 0, 0, 0, 0, -1, 1, 0, 0, 1, -1, 0, 0, 0], "steps": 16, "is_goal": false}