{"map_file_path": "grid_maps/Ihlen/occ_grid_small.txt", "start_pos": [25, 4], "goal_pos": [82, 32], "robot_rows": [25, 25, 25, 25, 25, 25, 25, 25, 25, 25, 25, 25, 25, 25, 25, 25, 25, 25, 25, 25, 25, 25, 25, 25, 25, 25, 26, 26, 26, 26, 26, 26, 26, 26, 26, 26], "robot_cols": [4, 4, 4, 4, 4, 4, 4, 4, 4, 5, 6, 8, 8, 8, 8, 8, 8, 8, 8, 8, 9, 10, 10, 10, 10, 10, 10, 10, 10, 10, 10, 10, 10, 10, 10, 10], "robot_speeds": [0, 0, 0, 0, 0, 0, 0, 0, 0, 1, 1, 2, 0, 0, 0, 0, 0, 0, 0, 0, 1, 1, 0, 0, 0, 0, 1, 0, 0, 0, 0, 0, 0, 0, 0, 0], "robot_directions": [0, 1, 1, 1, 1, 2, 3, 2, 2, 2, 2, 2, 2, 2, 3, 2, 3, 0, 1, 2, 2, 2, 2, 2, 3, 3, 3, 3, 3, 2, 1, 0, 0, 3, 3, 3], "action_accs": [0, 0, 0, 0, 0, 0, 0, 0, 1, 0, 1, 1, 0, 0, 0, 0, 0, 0, 0, 1, 0, 0, -1, 0, 0, 1, 0, -1, 0, 0, 0, 0, 0, 1, 1], "action_rots": [1, 0, 0, 0, 1, 1, -1, 0, 0, 0, 0, 0, 0, 1, -1, 1, 1, 1, 1, 0, 0, 0, 0, 1, 0, 0, 0, 0, -1, -1, -1, 0, -1, 0, 0], "steps": 35, "is_goal": false}