{"map_file_path": "grid_maps/Ihlen/occ_grid_small.txt", "start_pos": [60, 82], "goal_pos": [53, 6], "robot_rows": [60, 60, 59, 57, 54, 52, 50, 49, 49, 49, 49, 49, 49, 49, 49, 49, 49, 49, 49, 49, 49, 49, 49, 49, 49, 49, 49, 49, 49, 49, 49, 49, 49, 50, 52, 55, 57, 58, 58, 58, 58, 58, 58, 58, 58, 58, 58, 58, 58, 58, 58, 58, 57, 55, 54, 54, 53, 52, 52, 52, 52, 52, 53, 53], "robot_cols": [82, 82, 82, 82, 82, 82, 82, 82, 82, 82, 81, 79, 76, 73, 70, 67, 64, 61, 58, 55, 52, 49, 46, 43, 40, 37, 34, 31, 29, 28, 27, 27, 27, 27, 27, 27, 27, 27, 27, 27, 26, 24, 21, 19, 16, 13, 10, 8, 7, 6, 6, 6, 6, 6, 6, 6, 6, 6, 6, 6, 6, 6, 6, 6], "robot_speeds": [0, 0, 1, 2, 3, 2, 2, 1, 0, 0, 1, 2, 3, 3, 3, 3, 3, 3, 3, 3, 3, 3, 3, 3, 3, 3, 3, 3, 2, 1, 1, 0, 0, 1, 2, 3, 2, 1, 0, 0, 1, 2, 3, 2, 3, 3, 3, 2, 1, 1, 0, 0, 1, 2, 1, 0, 1, 1, 0, 0, 0, 0, 1, 0], "robot_directions": [0, 1, 1, 1, 1, 1, 1, 1, 1, 0, 0, 0, 0, 0, 0, 0, 0, 0, 0, 0, 0, 0, 0, 0, 0, 0, 0, 0, 0, 0, 0, 0, 3, 3, 3, 3, 3, 3, 3, 0, 0, 0, 0, 0, 0, 0, 0, 0, 0, 0, 0, 1, 1, 1, 1, 1, 1, 1, 1, 1, 0, 3, 3, 3], "action_accs": [0, 1, 1, 1, -1, 0, -1, -1, 0, 1, 1, 1, 0, 1, 0, 0, 0, 0, 0, 0, 0, 0, 0, 0, 0, 0, 0, -1, -1, 0, -1, 0, 1, 1, 1, -1, -1, -1, 0, 1, 1, 1, -1, 1, 0, 0, -1, -1, 0, -1, 0, 1, 1, -1, -1, 1, 0, -1, 0, 0, 0, 1, -1], "action_rots": [1, 0, 0, 0, 0, 0, 0, 0, -1, 0, 0, 0, 0, 0, 0, 0, 0, 0, 0, 0, 0, 0, 0, 0, 0, 0, 0, 0, 0, 0, 0, -1, 0, 0, 0, 0, 0, 0, 1, 0, 0, 0, 0, 0, 0, 0, 0, 0, 0, 0, 1, 0, 0, 0, 0, 0, 0, 0, 0, -1, -1, 0, 0], "steps": 63, "is_goal": true}