{"map_file_path": "grid_maps/Ihlen/occ_grid_small.txt", "start_pos": [13, 62], "goal_pos": [69, 55], "robot_rows": [13, 13, 13, 13, 13, 13, 13, 13, 13, 14, 16, 19, 21, 24, 27, 30, 33, 36, 39, 42, 45, 47, 50, 53, 55, 58, 61, 64, 66, 67, 68, 68, 69, 69, 69, 69, 69], "robot_cols": [62, 61, 60, 58, 56, 55, 54, 54, 54, 54, 54, 54, 54, 54, 54, 54, 54, 54, 54, 54, 54, 54, 54, 54, 54, 54, 54, 54, 54, 54, 54, 54, 54, 54, 54, 55, 55], "robot_speeds": [0, 1, 1, 2, 2, 1, 1, 0, 0, 1, 2, 3, 2, 3, 3, 3, 3, 3, 3, 3, 3, 2, 3, 3, 2, 3, 3, 3, 2, 1, 1, 0, 1, 0, 0, 1, 0], "robot_directions": [0, 0, 0, 0, 0, 0, 0, 0, 3, 3, 3, 3, 3, 3, 3, 3, 3, 3, 3, 3, 3, 3, 3, 3, 3, 3, 3, 3, 3, 3, 3, 3, 3, 3, 2, 2, 2], "action_accs": [1, 0, 1, 0, -1, 0, -1, 0, 1, 1, 1, -1, 1, 0, 0, 0, 1, 0, 0, 0, -1, 1, 1, -1, 1, 0, 0, -1, -1, 0, -1, 1, -1, 0, 1, -1], "action_rots": [0, 0, 0, 0, 0, 0, 0, -1, 0, 0, 0, 0, 0, 0, 0, 0, 0, 0, 0, 0, 0, 0, 0, 0, 0, 0, 0, 0, 0, 0, 0, 0, 0, -1, 0, 0], "steps": 36, "is_goal": true}