{"map_file_path": "grid_maps/Ihlen/occ_grid_small.txt", "start_pos": [78, 68], "goal_pos": [37, 2], "robot_rows": [78, 78, 78, 78, 78, 78, 78, 78, 78, 78, 78, 78, 78, 78, 78, 78, 78, 78, 78, 78, 78, 78, 78, 78, 79, 79, 79, 79, 79, 79, 79, 79, 78, 78, 78, 78, 78, 78, 78, 78, 78, 78, 78, 78, 78, 78, 78], "robot_cols": [68, 68, 68, 68, 68, 69, 71, 74, 76, 79, 82, 85, 88, 88, 88, 88, 88, 88, 88, 88, 88, 89, 89, 89, 89, 89, 89, 89, 89, 89, 89, 89, 89, 89, 89, 89, 88, 86, 83, 80, 77, 74, 71, 68, 65, 62, 62], "robot_speeds": [0, 0, 0, 0, 0, 1, 2, 3, 2, 3, 3, 3, 3, 0, 0, 0, 0, 0, 0, 0, 0, 1, 0, 0, 1, 0, 0, 0, 0, 0, 0, 0, 1, 0, 0, 0, 1, 2, 3, 3, 3, 3, 3, 3, 3, 3, 0], "robot_directions": [0, 0, 1, 2, 2, 2, 2, 2, 2, 2, 2, 2, 2, 2, 2, 3, 2, 1, 0, 3, 2, 2, 2, 3, 3, 3, 3, 0, 1, 0, 0, 1, 1, 1, 1, 0, 0, 0, 0, 0, 0, 0, 0, 0, 0, 0, 0], "action_accs": [0, 0, 0, 0, 1, 1, 1, -1, 1, 0, 0, 0, 0, -1, 0, 0, 0, 0, 0, 0, 1, 1, 0, 1, 0, -1, 0, 0, 0, 0, 0, 1, 0, 0, 0, 1, 1, 1, 0, 1, 0, 0, 0, 0, 0, 0], "action_rots": [0, 1, 1, 0, 0, 0, 0, 0, 0, 0, 0, 0, 0, 0, 1, -1, -1, -1, -1, -1, 0, 0, 1, 0, 0, 0, 1, 1, -1, 0, 1, 0, 0, 0, -1, 0, 0, 0, 0, 0, 0, 0, 0, 0, 0, 0], "steps": 46, "is_goal": false}