{"map_file_path": "grid_maps/Ihlen/occ_grid_small.txt", "start_pos": [50, 39], "goal_pos": [64, 83], "robot_rows": [50, 50, 50, 50, 50, 50, 50, 50, 50, 50, 50, 50, 50, 50, 50, 50, 50, 50, 50, 50, 50, 50, 51, 53, 56, 59, 61, 63, 64, 64], "robot_cols": [39, 39, 39, 40, 42, 45, 47, 50, 53, 56, 59, 62, 65, 68, 71, 74, 77, 80, 82, 83, 83, 83, 83, 83, 83, 83, 83, 83, 83, 83], "robot_speeds": [0, 0, 0, 1, 2, 3, 2, 3, 3, 3, 3, 3, 3, 3, 3, 3, 3, 3, 2, 1, 0, 0, 1, 2, 3, 3, 2, 2, 1, 0], "robot_directions": [0, 3, 2, 2, 2, 2, 2, 2, 2, 2, 2, 2, 2, 2, 2, 2, 2, 2, 2, 2, 2, 3, 3, 3, 3, 3, 3, 3, 3, 3], "action_accs": [0, 0, 1, 1, 1, -1, 1, 0, 1, 0, 0, 0, 0, 0, 0, 0, 0, -1, -1, -1, 0, 1, 1, 1, 0, -1, 0, -1, -1], "action_rots": [-1, -1, 0, 0, 0, 0, 0, 0, 0, 0, 0, 0, 0, 0, 0, 0, 0, 0, 0, 0, 1, 0, 0, 0, 0, 0, 0, 0, 0], "steps": 29, "is_goal": true}