{"map_file_path": "grid_maps/Ihlen/occ_grid_small.txt", "start_pos": [88, 43], "goal_pos": [32, 68], "robot_rows": [88, 88, 88, 88, 87, 85, 82, 80, 79, 79, 79, 79, 79, 79, 79, 79, 79, 79, 79, 78, 76, 73, 70, 67, 64, 61, 58, 55, 52, 49, 46, 43, 40, 38, 35, 32, 29, 27, 26, 26, 25, 25, 25, 25, 25, 25, 25, 25, 25, 25, 25, 25, 25, 25, 25, 26, 28, 30, 31, 32, 32], "robot_cols": [43, 43, 43, 43, 43, 43, 43, 43, 43, 43, 43, 44, 46, 49, 51, 52, 53, 53, 53, 53, 53, 53, 53, 53, 53, 53, 53, 53, 53, 53, 53, 53, 53, 53, 53, 53, 53, 53, 53, 53, 53, 53, 53, 53, 54, 56, 58, 61, 64, 66, 67, 68, 68, 68, 68, 68, 68, 68, 68, 68, 68], "robot_speeds": [0, 0, 0, 0, 1, 2, 3, 2, 1, 0, 0, 1, 2, 3, 2, 1, 1, 0, 0, 1, 2, 3, 3, 3, 3, 3, 3, 3, 3, 3, 3, 3, 3, 2, 3, 3, 3, 2, 1, 0, 1, 0, 0, 0, 1, 2, 2, 3, 3, 2, 1, 1, 0, 0, 0, 1, 2, 2, 1, 1, 0], "robot_directions": [0, 0, 0, 1, 1, 1, 1, 1, 1, 1, 2, 2, 2, 2, 2, 2, 2, 2, 1, 1, 1, 1, 1, 1, 1, 1, 1, 1, 1, 1, 1, 1, 1, 1, 1, 1, 1, 1, 1, 1, 1, 1, 2, 2, 2, 2, 2, 2, 2, 2, 2, 2, 2, 2, 3, 3, 3, 3, 3, 3, 3], "action_accs": [0, 0, 0, 1, 1, 1, -1, -1, -1, 0, 1, 1, 1, -1, -1, 0, -1, 0, 1, 1, 1, 0, 0, 0, 0, 0, 0, 0, 0, 0, 0, 0, -1, 1, 0, 0, -1, -1, -1, 1, -1, 0, 0, 1, 1, 0, 1, 1, -1, -1, 0, -1, 0, 0, 1, 1, 0, -1, 0, -1], "action_rots": [0, 0, 1, 0, 0, 0, 0, 0, 0, 1, 0, 0, 0, 0, 0, 0, 0, -1, 0, 0, 0, 0, 0, 0, 0, 0, 0, 0, 0, 0, 0, 0, 0, 0, 0, 0, 0, 0, 0, 0, 0, 1, 0, 0, 0, 0, 0, 0, 0, 0, 0, 0, 0, 1, 0, 0, 0, 0, 0, 0], "steps": 60, "is_goal": true}