{"map_file_path": "grid_maps/Ihlen/occ_grid_small.txt", "start_pos": [50, 82], "goal_pos": [93, 17], "robot_rows": [50, 50, 50, 50, 50, 50, 50, 50, 50, 50, 50, 50, 50, 50, 50, 50, 50, 50, 50, 50, 50, 50, 50, 50, 50, 50, 50, 50, 50, 50, 50, 50, 49, 47, 45, 42, 39, 36, 33, 33, 33, 32, 32, 31, 31, 31, 31, 31, 31, 31, 31, 31, 31, 31, 31], "robot_cols": [82, 81, 80, 78, 75, 72, 69, 66, 63, 60, 57, 54, 51, 48, 45, 42, 39, 36, 33, 30, 30, 29, 27, 28, 28, 28, 28, 28, 28, 28, 28, 28, 28, 28, 28, 28, 28, 28, 28, 28, 28, 28, 28, 28, 28, 28, 28, 28, 28, 29, 31, 34, 31, 31, 31], "robot_speeds": [0, 1, 1, 2, 3, 3, 3, 3, 3, 3, 3, 3, 3, 3, 3, 3, 3, 3, 3, 3, 0, 1, 2, 0, 0, 0, 0, 0, 0, 0, 0, 0, 1, 2, 2, 3, 3, 3, 3, 0, 0, 1, 0, 1, 0, 0, 0, 0, 0, 1, 2, 3, 0, 0, 0], "robot_directions": [0, 0, 0, 0, 0, 0, 0, 0, 0, 0, 0, 0, 0, 0, 0, 0, 0, 0, 0, 0, 0, 0, 0, 0, 0, 3, 2, 3, 0, 3, 0, 1, 1, 1, 1, 1, 1, 1, 1, 1, 1, 1, 1, 1, 1, 1, 2, 3, 2, 2, 2, 2, 2, 1, 1], "action_accs": [1, 0, 1, 1, 0, 0, 0, 0, 0, 1, 0, 0, 0, 1, 0, 0, 0, 0, 0, 1, 1, 1, 0, -1, 0, 0, 0, 0, 0, 0, 0, 1, 1, 0, 1, 0, 0, 0, 0, -1, 1, 1, 1, 0, -1, 0, 0, 0, 1, 1, 1, 1, 0, 1], "action_rots": [0, 0, 0, 0, 0, 0, 0, 0, 0, 0, 0, 0, 0, 0, 0, 0, 0, 0, 0, 0, 0, 0, 0, 0, -1, -1, 1, 1, -1, 1, 1, 0, 0, 0, 0, 0, 0, 0, 0, 0, 0, 0, 0, 0, 0, 1, 1, -1, 0, 0, 0, 0, -1, 0], "steps": 54, "is_goal": false}