{"map_file_path": "grid_maps/Ihlen/occ_grid_small.txt", "start_pos": [28, 69], "goal_pos": [83, 52], "robot_rows": [28, 28, 27, 25, 24, 24, 24, 24, 24, 24, 24, 24, 24, 24, 24, 24, 24, 25, 27, 30, 33, 36, 39, 42, 44, 47, 50, 53, 56, 59, 62, 65, 67, 70, 73, 76, 79, 81, 82, 83, 84, 84, 84, 84, 83, 83], "robot_cols": [69, 69, 69, 69, 69, 69, 69, 68, 66, 63, 60, 57, 55, 53, 52, 52, 52, 52, 52, 52, 52, 52, 52, 52, 52, 52, 52, 52, 52, 52, 52, 52, 52, 52, 52, 52, 52, 52, 52, 52, 52, 52, 52, 52, 52, 52], "robot_speeds": [0, 0, 1, 2, 1, 0, 0, 1, 2, 3, 3, 3, 2, 2, 1, 0, 0, 1, 2, 3, 3, 3, 3, 3, 2, 3, 3, 3, 3, 3, 3, 3, 2, 3, 3, 3, 3, 2, 1, 1, 1, 0, 0, 0, 1, 0], "robot_directions": [0, 1, 1, 1, 1, 1, 0, 0, 0, 0, 0, 0, 0, 0, 0, 0, 3, 3, 3, 3, 3, 3, 3, 3, 3, 3, 3, 3, 3, 3, 3, 3, 3, 3, 3, 3, 3, 3, 3, 3, 3, 3, 0, 1, 1, 1], "action_accs": [0, 1, 1, -1, -1, 0, 1, 1, 1, 0, 0, -1, 0, -1, -1, 0, 1, 1, 1, 0, 0, 0, 0, -1, 1, 0, 0, 0, 0, 0, 1, -1, 1, 0, 0, 1, -1, -1, 0, 0, -1, 0, 0, 1, -1], "action_rots": [1, 0, 0, 0, 0, -1, 0, 0, 0, 0, 0, 0, 0, 0, 0, -1, 0, 0, 0, 0, 0, 0, 0, 0, 0, 0, 0, 0, 0, 0, 0, 0, 0, 0, 0, 0, 0, 0, 0, 0, 0, 1, 1, 0, 0], "steps": 45, "is_goal": true}