{"map_file_path": "grid_maps/Ihlen/occ_grid_small.txt", "start_pos": [50, 48], "goal_pos": [88, 82], "robot_rows": [50, 50, 50, 50, 50, 50, 51, 53, 55, 58, 61, 64, 67, 70, 73, 76, 79, 81, 82, 83, 83, 83, 83, 83, 83, 83, 83, 83, 83, 83, 83, 83, 83, 83, 83, 83, 83, 83, 84, 86, 87, 88, 88], "robot_cols": [48, 48, 48, 49, 49, 49, 49, 49, 49, 49, 49, 49, 49, 49, 49, 49, 49, 49, 49, 49, 49, 49, 49, 50, 52, 55, 58, 61, 64, 67, 70, 73, 76, 79, 81, 82, 82, 82, 82, 82, 82, 82, 82], "robot_speeds": [0, 0, 0, 1, 0, 0, 1, 2, 2, 3, 3, 3, 3, 3, 3, 3, 3, 2, 1, 1, 0, 0, 0, 1, 2, 3, 3, 3, 3, 3, 3, 3, 3, 3, 2, 1, 0, 0, 1, 2, 1, 1, 0], "robot_directions": [0, 3, 2, 2, 2, 3, 3, 3, 3, 3, 3, 3, 3, 3, 3, 3, 3, 3, 3, 3, 3, 3, 2, 2, 2, 2, 2, 2, 2, 2, 2, 2, 2, 2, 2, 2, 2, 3, 3, 3, 3, 3, 3], "action_accs": [0, 0, 1, -1, 0, 1, 1, 0, 1, 0, 0, 0, 0, 0, 0, 0, -1, -1, 0, -1, 0, 0, 1, 1, 1, 0, 0, 0, 0, 0, 0, 0, 0, -1, -1, -1, 0, 1, 1, -1, 0, -1], "action_rots": [-1, -1, 0, 0, 1, 0, 0, 0, 0, 0, 0, 0, 0, 0, 0, 0, 0, 0, 0, 0, 0, -1, 0, 0, 0, 0, 0, 0, 0, 0, 0, 0, 0, 0, 0, 0, 1, 0, 0, 0, 0, 0], "steps": 42, "is_goal": true}