{"map_file_path": "grid_maps/Ihlen/occ_grid_small.txt", "start_pos": [54, 85], "goal_pos": [94, 14], "robot_rows": [54, 54, 54, 53, 51, 48, 45, 47, 47, 47, 47, 47, 47, 48, 50, 53, 56, 59, 62, 65, 68, 71, 71, 72, 72, 73, 73, 73, 73, 73, 73], "robot_cols": [85, 85, 85, 85, 85, 85, 85, 85, 85, 85, 85, 85, 85, 85, 85, 85, 85, 85, 85, 85, 85, 85, 85, 85, 85, 85, 85, 85, 85, 85, 85], "robot_speeds": [0, 0, 0, 1, 2, 3, 3, 0, 0, 0, 0, 0, 0, 1, 2, 3, 3, 3, 3, 3, 3, 3, 0, 1, 0, 1, 0, 0, 0, 0, 0], "robot_directions": [0, 1, 1, 1, 1, 1, 1, 1, 2, 1, 0, 3, 3, 3, 3, 3, 3, 3, 3, 3, 3, 3, 3, 3, 3, 3, 3, 3, 0, 3, 3], "action_accs": [0, 0, 1, 1, 1, 0, 0, 0, 0, 0, 0, 0, 1, 1, 1, 0, 0, 0, 0, 0, 0, 0, 1, 1, 1, 0, 1, 0, 0, 1], "action_rots": [1, 0, 0, 0, 0, 0, 0, 1, -1, -1, -1, 0, 0, 0, 0, 0, 0, 0, 0, 0, 0, 0, 0, 0, 0, 0, 0, 1, -1, 0], "steps": 30, "is_goal": false}