{"map_file_path": "grid_maps/Ihlen/occ_grid_small.txt", "start_pos": [81, 47], "goal_pos": [29, 72], "robot_rows": [81, 81, 81, 81, 81, 81, 81, 81, 81, 81, 81, 80, 78, 75, 72, 69, 66, 63, 60, 57, 54, 51, 49, 46, 43, 40, 37, 34, 31, 28, 26, 25, 25, 25, 25, 25, 25, 25, 25, 25, 25, 25, 25, 25, 26, 28, 29, 29, 29, 29, 29, 29, 29, 29, 29, 29, 29, 29, 29], "robot_cols": [47, 47, 47, 47, 47, 48, 49, 50, 51, 51, 51, 51, 51, 51, 51, 51, 51, 51, 51, 51, 51, 51, 51, 51, 51, 51, 51, 51, 51, 51, 51, 51, 51, 51, 52, 54, 57, 60, 62, 65, 67, 68, 68, 68, 68, 68, 68, 68, 68, 69, 71, 72, 73, 73, 73, 73, 73, 72, 72], "robot_speeds": [0, 0, 0, 0, 0, 1, 1, 1, 1, 0, 0, 1, 2, 3, 3, 3, 3, 3, 3, 3, 3, 3, 2, 3, 3, 3, 3, 3, 3, 3, 2, 1, 0, 0, 1, 2, 3, 3, 2, 3, 2, 1, 0, 0, 1, 2, 1, 0, 0, 1, 2, 1, 1, 0, 0, 0, 0, 1, 0], "robot_directions": [0, 0, 0, 3, 2, 2, 2, 2, 2, 2, 1, 1, 1, 1, 1, 1, 1, 1, 1, 1, 1, 1, 1, 1, 1, 1, 1, 1, 1, 1, 1, 1, 1, 2, 2, 2, 2, 2, 2, 2, 2, 2, 2, 3, 3, 3, 3, 3, 2, 2, 2, 2, 2, 2, 3, 3, 0, 0, 0], "action_accs": [0, 0, 0, 0, 1, 0, 0, 0, -1, 0, 1, 1, 1, 0, 0, 0, 0, 0, 0, 0, 0, -1, 1, 0, 0, 0, 0, 0, 0, -1, -1, -1, 0, 1, 1, 1, 0, -1, 1, -1, -1, -1, 0, 1, 1, -1, -1, 0, 1, 1, -1, 0, -1, 0, 0, 0, 1, -1], "action_rots": [0, 0, -1, -1, 0, 0, 0, 0, 0, -1, 0, 0, 0, 0, 0, 0, 0, 0, 0, 0, 0, 0, 0, 0, 0, 0, 0, 0, 0, 0, 0, 0, 1, 0, 0, 0, 0, 0, 0, 0, 0, 0, 1, 0, 0, 0, 0, -1, 0, 0, 0, 0, 0, 1, 0, 1, 0, 0], "steps": 58, "is_goal": true}