{"map_file_path": "grid_maps/Ihlen/occ_grid_small.txt", "start_pos": [59, 19], "goal_pos": [88, 43], "robot_rows": [59, 59, 59, 59, 59, 59, 59, 59, 59, 59, 59, 58, 56, 53, 51, 50, 50, 50, 50, 50, 50, 50, 50, 50, 50, 50, 50, 50, 50, 51, 53, 56, 59, 62, 64, 67, 70, 73, 76, 79, 81, 83, 83, 84, 84, 84, 84, 84, 84, 84, 84, 84, 85, 87, 88, 88], "robot_cols": [19, 19, 19, 20, 21, 23, 25, 27, 28, 28, 28, 28, 28, 28, 28, 28, 28, 28, 29, 31, 34, 37, 40, 43, 46, 48, 49, 49, 49, 49, 49, 49, 49, 49, 49, 49, 49, 49, 49, 49, 49, 49, 49, 49, 49, 49, 48, 46, 44, 43, 43, 43, 43, 43, 43, 43], "robot_speeds": [0, 0, 0, 1, 1, 2, 2, 2, 1, 0, 0, 1, 2, 3, 2, 1, 0, 0, 1, 2, 3, 3, 3, 3, 3, 2, 1, 0, 0, 1, 2, 3, 3, 3, 2, 3, 3, 3, 3, 3, 2, 2, 0, 1, 0, 0, 1, 2, 2, 1, 0, 0, 1, 2, 1, 0], "robot_directions": [0, 3, 2, 2, 2, 2, 2, 2, 2, 2, 1, 1, 1, 1, 1, 1, 1, 2, 2, 2, 2, 2, 2, 2, 2, 2, 2, 2, 3, 3, 3, 3, 3, 3, 3, 3, 3, 3, 3, 3, 3, 3, 3, 3, 3, 0, 0, 0, 0, 0, 0, 3, 3, 3, 3, 3], "action_accs": [0, 0, 1, 0, 1, 0, 0, -1, -1, 0, 1, 1, 1, -1, -1, -1, 0, 1, 1, 1, 0, 0, 0, 0, -1, -1, -1, 0, 1, 1, 1, 0, 0, -1, 1, 0, 0, 0, 0, -1, 0, 0, 1, -1, 0, 1, 1, 0, -1, -1, 0, 1, 1, -1, -1], "action_rots": [-1, -1, 0, 0, 0, 0, 0, 0, 0, -1, 0, 0, 0, 0, 0, 0, 1, 0, 0, 0, 0, 0, 0, 0, 0, 0, 0, 1, 0, 0, 0, 0, 0, 0, 0, 0, 0, 0, 0, 0, 0, 0, 0, 0, 1, 0, 0, 0, 0, 0, -1, 0, 0, 0, 0], "steps": 55, "is_goal": true}