{"map_file_path": "grid_maps/Ihlen/occ_grid_small.txt", "start_pos": [86, 88], "goal_pos": [84, 24], "robot_rows": [86, 86, 85, 84, 83, 83, 83, 83, 83, 83, 83, 83, 83, 83, 83, 83, 83, 83, 83, 83, 83, 83, 83, 83, 83, 83, 83, 83, 83, 83, 83, 83, 83, 84, 84, 84, 84, 84, 84, 84, 84, 84, 84, 84, 84], "robot_cols": [88, 88, 88, 88, 88, 88, 88, 87, 85, 82, 79, 76, 73, 70, 67, 64, 61, 58, 55, 52, 49, 46, 43, 40, 37, 34, 31, 28, 26, 24, 23, 23, 23, 23, 23, 23, 23, 24, 25, 25, 25, 25, 25, 24, 24], "robot_speeds": [0, 0, 1, 1, 1, 0, 0, 1, 2, 3, 3, 3, 3, 3, 3, 3, 3, 3, 3, 3, 3, 3, 3, 3, 3, 3, 3, 3, 2, 2, 1, 0, 0, 1, 0, 0, 0, 1, 1, 0, 0, 0, 0, 1, 0], "robot_directions": [0, 1, 1, 1, 1, 1, 0, 0, 0, 0, 0, 0, 0, 0, 0, 0, 0, 0, 0, 0, 0, 0, 0, 0, 0, 0, 0, 0, 0, 0, 0, 0, 3, 3, 3, 3, 2, 2, 2, 2, 3, 3, 0, 0, 0], "action_accs": [0, 1, 0, 0, -1, 0, 1, 1, 1, 0, 0, 0, 0, 0, 0, 0, 0, 0, 0, 0, 0, 0, 0, 0, 0, 0, 0, -1, 0, -1, -1, 0, 1, -1, 0, 0, 1, 0, -1, 0, 0, 0, 1, -1], "action_rots": [1, 0, 0, 0, 0, -1, 0, 0, 0, 0, 0, 0, 0, 0, 0, 0, 0, 0, 0, 0, 0, 0, 0, 0, 0, 0, 0, 0, 0, 0, 0, -1, 0, 0, 0, -1, 0, 0, 0, 1, 0, 1, 0, 0], "steps": 44, "is_goal": true}