{"map_file_path": "grid_maps/Ihlen/occ_grid_small.txt", "start_pos": [82, 66], "goal_pos": [12, 34], "robot_rows": [82, 82, 82, 82, 82, 82, 82, 82, 82, 82, 81, 79, 76, 73, 70, 67, 64, 62, 59, 56, 53, 50, 47, 44, 41, 38, 35, 32, 29, 26, 23, 20, 17, 15, 13, 12, 12, 12, 12, 12, 12, 12, 12, 12, 12, 12, 12, 12, 12], "robot_cols": [66, 65, 63, 60, 57, 54, 52, 51, 51, 51, 51, 51, 51, 51, 51, 51, 51, 51, 51, 51, 51, 51, 51, 51, 51, 51, 51, 51, 51, 51, 51, 51, 51, 51, 51, 51, 51, 51, 51, 50, 49, 47, 44, 41, 38, 36, 35, 34, 34], "robot_speeds": [0, 1, 2, 3, 3, 3, 2, 1, 0, 0, 1, 2, 3, 3, 3, 3, 3, 2, 3, 3, 3, 3, 3, 3, 3, 3, 3, 3, 3, 3, 3, 3, 3, 2, 2, 1, 0, 0, 0, 1, 1, 2, 3, 3, 3, 2, 1, 1, 0], "robot_directions": [0, 0, 0, 0, 0, 0, 0, 0, 0, 1, 1, 1, 1, 1, 1, 1, 1, 1, 1, 1, 1, 1, 1, 1, 1, 1, 1, 1, 1, 1, 1, 1, 1, 1, 1, 1, 1, 1, 0, 0, 0, 0, 0, 0, 0, 0, 0, 0, 0], "action_accs": [1, 1, 1, 0, 1, -1, -1, -1, 0, 1, 1, 1, 0, 0, 0, 0, -1, 1, 0, 0, 1, 0, 0, 0, 0, 0, 0, 0, 0, 0, 0, 0, -1, 0, -1, -1, 0, 0, 1, 0, 1, 1, 0, 0, -1, -1, 0, -1], "action_rots": [0, 0, 0, 0, 0, 0, 0, 0, 1, 0, 0, 0, 0, 0, 0, 0, 0, 0, 0, 0, 0, 0, 0, 0, 0, 0, 0, 0, 0, 0, 0, 0, 0, 0, 0, 0, 0, -1, 0, 0, 0, 0, 0, 0, 0, 0, 0, 0], "steps": 48, "is_goal": true}