{"map_file_path": "grid_maps/Ihlen/occ_grid_small.txt", "start_pos": [57, 27], "goal_pos": [47, 86], "robot_rows": [57, 57, 57, 57, 57, 57, 57, 56, 54, 54, 54, 54, 54, 54, 54, 54, 54, 54, 55, 57, 60, 63, 63, 63, 63, 64, 64, 64, 64, 64, 64, 64, 64], "robot_cols": [27, 26, 24, 24, 24, 24, 24, 24, 24, 24, 24, 24, 24, 24, 24, 24, 24, 24, 24, 24, 24, 24, 24, 24, 24, 24, 24, 24, 24, 24, 25, 27, 26], "robot_speeds": [0, 1, 2, 0, 0, 0, 0, 1, 2, 0, 0, 0, 0, 0, 0, 0, 0, 0, 1, 2, 3, 3, 0, 0, 0, 1, 0, 0, 0, 0, 1, 2, 0], "robot_directions": [0, 0, 0, 0, 1, 2, 1, 1, 1, 1, 2, 3, 2, 1, 0, 0, 0, 3, 3, 3, 3, 3, 3, 2, 3, 3, 3, 2, 3, 2, 2, 2, 2], "action_accs": [1, 1, 1, 0, 0, 0, 1, 1, 1, 0, 0, 0, 0, 0, 0, 0, 0, 1, 1, 1, 0, 0, 0, 0, 1, 1, 0, 0, 0, 1, 1, 1], "action_rots": [0, 0, 0, 1, 1, -1, 0, 0, 0, 1, 1, -1, -1, -1, 0, 0, -1, 0, 0, 0, 0, 0, -1, 1, 0, 0, -1, 1, -1, 0, 0, 0], "steps": 32, "is_goal": false}