{"map_file_path": "grid_maps/Ihlen/occ_grid_small.txt", "start_pos": [83, 62], "goal_pos": [45, 4], "robot_rows": [83, 83, 83, 83, 83, 83, 83, 83, 83, 83, 83, 83, 83, 83, 83, 83, 83, 83, 83, 83, 83, 83, 83, 84, 86, 89, 92, 90, 90, 90, 90, 90, 90, 90, 90, 90, 90, 90, 90, 90, 90, 90, 90, 90, 90, 89, 88, 88, 88, 88, 88, 88], "robot_cols": [62, 62, 62, 62, 62, 62, 62, 62, 63, 65, 68, 71, 74, 77, 80, 83, 86, 89, 91, 91, 91, 91, 91, 91, 91, 91, 91, 91, 91, 91, 91, 91, 91, 91, 91, 91, 92, 94, 97, 95, 95, 95, 95, 95, 95, 95, 95, 95, 95, 95, 96, 96], "robot_speeds": [0, 0, 0, 0, 0, 0, 0, 0, 1, 2, 3, 3, 3, 3, 3, 3, 3, 3, 2, 0, 0, 0, 0, 1, 2, 3, 3, 0, 0, 0, 0, 0, 0, 0, 0, 0, 1, 2, 3, 0, 0, 0, 0, 0, 0, 1, 1, 0, 0, 0, 1, 0], "robot_directions": [0, 1, 2, 1, 2, 3, 3, 2, 2, 2, 2, 2, 2, 2, 2, 2, 2, 2, 2, 2, 3, 0, 3, 3, 3, 3, 3, 3, 3, 0, 3, 0, 1, 0, 3, 2, 2, 2, 2, 2, 2, 3, 0, 1, 1, 1, 1, 1, 1, 2, 2, 2], "action_accs": [0, 0, 0, 0, 0, 0, 0, 1, 1, 1, 1, 1, 0, 1, 0, 1, 1, -1, -1, 0, 0, 0, 1, 1, 1, 0, 0, 0, 0, 0, 0, 0, 0, 0, 0, 1, 1, 1, 0, -1, 0, 0, 0, 0, 1, 0, 0, -1, 0, 1, 0], "action_rots": [1, 1, -1, 1, 1, 0, -1, 0, 0, 0, 0, 0, 0, 0, 0, 0, 0, 0, 0, 1, 1, -1, 0, 0, 0, 0, 0, 0, 1, -1, 1, 1, -1, -1, -1, 0, 0, 0, 0, 0, 1, 1, 1, 0, 0, 0, 0, 0, 1, 0, 0], "steps": 51, "is_goal": false}