{"map_file_path": "grid_maps/Ihlen/occ_grid_small.txt", "start_pos": [10, 68], "goal_pos": [25, 2], "robot_rows": [10, 10, 10, 10, 10, 10, 10, 10, 10, 10, 10, 10, 10, 10, 10, 10, 10, 10, 10, 10, 10, 11, 13, 16, 15, 16, 16, 16, 16, 16, 16, 16, 16, 16, 16, 16, 16, 16, 16, 16, 16, 15, 15], "robot_cols": [68, 68, 67, 65, 62, 59, 56, 53, 50, 47, 44, 41, 38, 35, 32, 29, 26, 28, 28, 28, 28, 28, 28, 28, 28, 28, 28, 28, 27, 25, 22, 19, 16, 13, 11, 8, 5, 5, 4, 4, 4, 4, 4], "robot_speeds": [0, 0, 1, 2, 3, 3, 3, 3, 3, 3, 3, 3, 3, 3, 3, 3, 3, 0, 0, 0, 0, 1, 2, 3, 0, 1, 0, 0, 1, 2, 3, 3, 3, 3, 2, 3, 3, 0, 1, 0, 0, 1, 0], "robot_directions": [0, 0, 0, 0, 0, 0, 0, 0, 0, 0, 0, 0, 0, 0, 0, 0, 0, 0, 3, 0, 3, 3, 3, 3, 3, 3, 3, 0, 0, 0, 0, 0, 0, 0, 0, 0, 0, 0, 0, 0, 1, 1, 1], "action_accs": [0, 1, 1, 1, 0, 0, 0, 0, 0, 0, 0, 0, 0, 0, 0, 0, 0, 0, 0, 0, 1, 1, 1, 0, 1, 1, 0, 1, 1, 1, 0, 0, 0, -1, 1, 0, 0, 1, 1, 0, 1, 1], "action_rots": [0, 0, 0, 0, 0, 0, 0, 0, 0, 0, 0, 0, 0, 0, 0, 0, 0, -1, 1, -1, 0, 0, 0, 0, 0, 0, 1, 0, 0, 0, 0, 0, 0, 0, 0, 0, 0, 0, 0, 1, 0, 0], "steps": 42, "is_goal": false}