{"map_file_path": "grid_maps/Ihlen/occ_grid_small.txt", "start_pos": [70, 66], "goal_pos": [34, 88], "robot_rows": [70, 70, 70, 70, 70, 70, 70, 70, 70, 70, 70, 70, 70, 69, 67, 64, 61, 58, 55, 52, 49, 47, 46, 46, 46, 46, 46, 46, 46, 45, 43, 40, 37, 35, 34, 34, 34, 34, 34, 34, 34, 34, 34], "robot_cols": [66, 66, 66, 67, 69, 72, 75, 78, 80, 82, 83, 83, 83, 83, 83, 83, 83, 83, 83, 83, 83, 83, 83, 83, 83, 82, 81, 81, 81, 81, 81, 81, 81, 81, 81, 81, 81, 82, 84, 86, 87, 88, 88], "robot_speeds": [0, 0, 0, 1, 2, 3, 3, 3, 2, 2, 1, 0, 0, 1, 2, 3, 3, 3, 3, 3, 3, 2, 1, 0, 0, 1, 1, 0, 0, 1, 2, 3, 3, 2, 1, 0, 0, 1, 2, 2, 1, 1, 0], "robot_directions": [0, 3, 2, 2, 2, 2, 2, 2, 2, 2, 2, 2, 1, 1, 1, 1, 1, 1, 1, 1, 1, 1, 1, 1, 0, 0, 0, 0, 1, 1, 1, 1, 1, 1, 1, 1, 2, 2, 2, 2, 2, 2, 2], "action_accs": [0, 0, 1, 1, 1, 0, 0, -1, 0, -1, -1, 0, 1, 1, 1, 0, 0, 0, 0, 0, -1, -1, -1, 0, 1, 0, -1, 0, 1, 1, 1, 0, -1, -1, -1, 0, 1, 1, 0, -1, 0, -1], "action_rots": [-1, -1, 0, 0, 0, 0, 0, 0, 0, 0, 0, -1, 0, 0, 0, 0, 0, 0, 0, 0, 0, 0, 0, -1, 0, 0, 0, 1, 0, 0, 0, 0, 0, 0, 0, 1, 0, 0, 0, 0, 0, 0], "steps": 42, "is_goal": true}