{"map_file_path": "grid_maps/Ihlen/occ_grid_small.txt", "start_pos": [92, 67], "goal_pos": [52, 84], "robot_rows": [92, 92, 92, 92, 92, 92, 92, 92, 92, 92, 92, 92, 92, 92, 92, 92, 91, 89, 86, 83, 80, 80, 80, 80, 80, 80, 80, 80, 81, 83, 86, 89, 92, 95, 95], "robot_cols": [67, 66, 64, 61, 63, 63, 63, 63, 64, 66, 69, 72, 70, 71, 71, 71, 71, 71, 71, 71, 71, 71, 71, 71, 71, 71, 71, 71, 71, 71, 71, 71, 71, 71, 71], "robot_speeds": [0, 1, 2, 3, 0, 0, 0, 0, 1, 2, 3, 3, 0, 1, 0, 0, 1, 2, 3, 3, 3, 0, 0, 0, 0, 0, 0, 0, 1, 2, 3, 3, 3, 3, 0], "robot_directions": [0, 0, 0, 0, 0, 1, 2, 2, 2, 2, 2, 2, 2, 2, 2, 1, 1, 1, 1, 1, 1, 1, 2, 1, 0, 3, 2, 3, 3, 3, 3, 3, 3, 3, 3], "action_accs": [1, 1, 1, 0, 0, 0, 0, 1, 1, 1, 0, 0, 1, 1, 0, 1, 1, 1, 0, 0, 0, 0, 0, 0, 0, 0, 0, 1, 1, 1, 0, 0, 0, 0], "action_rots": [0, 0, 0, 0, 1, 1, 0, 0, 0, 0, 0, 0, 0, 0, -1, 0, 0, 0, 0, 0, 0, 1, -1, -1, -1, -1, 1, 0, 0, 0, 0, 0, 0, 0], "steps": 34, "is_goal": false}