{"map_file_path": "grid_maps/Ihlen/occ_grid_small.txt", "start_pos": [52, 54], "goal_pos": [8, 13], "robot_rows": [52, 52, 51, 49, 46, 43, 40, 37, 34, 31, 28, 25, 22, 19, 17, 15, 14, 14, 14, 14, 14, 14, 14, 14, 14, 14, 14, 14, 14, 14, 14, 14, 14, 14, 14, 14, 14, 14, 14, 13, 11, 9, 8, 8, 8, 8, 8, 8], "robot_cols": [54, 54, 54, 54, 54, 54, 54, 54, 54, 54, 54, 54, 54, 54, 54, 54, 54, 54, 54, 53, 51, 48, 45, 42, 39, 36, 34, 31, 29, 27, 24, 21, 18, 16, 14, 13, 12, 12, 12, 12, 12, 12, 12, 12, 12, 12, 13, 13], "robot_speeds": [0, 0, 1, 2, 3, 3, 3, 3, 3, 3, 3, 3, 3, 3, 2, 2, 1, 0, 0, 1, 2, 3, 3, 3, 3, 3, 2, 3, 2, 2, 3, 3, 3, 2, 2, 1, 1, 0, 0, 1, 2, 2, 1, 0, 0, 0, 1, 0], "robot_directions": [0, 1, 1, 1, 1, 1, 1, 1, 1, 1, 1, 1, 1, 1, 1, 1, 1, 1, 0, 0, 0, 0, 0, 0, 0, 0, 0, 0, 0, 0, 0, 0, 0, 0, 0, 0, 0, 0, 1, 1, 1, 1, 1, 1, 2, 2, 2, 2], "action_accs": [0, 1, 1, 1, 0, 0, 0, 0, 0, 1, 0, 0, 0, -1, 0, -1, -1, 0, 1, 1, 1, 0, 1, 0, 0, -1, 1, -1, 0, 1, 0, 0, -1, 0, -1, 0, -1, 0, 1, 1, 0, -1, -1, 0, 0, 1, -1], "action_rots": [1, 0, 0, 0, 0, 0, 0, 0, 0, 0, 0, 0, 0, 0, 0, 0, 0, -1, 0, 0, 0, 0, 0, 0, 0, 0, 0, 0, 0, 0, 0, 0, 0, 0, 0, 0, 0, 1, 0, 0, 0, 0, 0, 1, 0, 0, 0], "steps": 47, "is_goal": true}