{"map_file_path": "grid_maps/Ihlen/occ_grid_small.txt", "start_pos": [67, 84], "goal_pos": [4, 51], "robot_rows": [67, 67, 67, 67, 67, 67, 68, 70, 73, 71, 72, 72, 72, 72, 72, 72, 72, 72, 73, 73], "robot_cols": [84, 83, 83, 83, 83, 83, 83, 83, 83, 83, 83, 83, 83, 84, 86, 89, 89, 89, 89, 89], "robot_speeds": [0, 1, 0, 0, 0, 0, 1, 2, 3, 0, 1, 0, 0, 1, 2, 3, 0, 0, 1, 0], "robot_directions": [0, 0, 0, 1, 0, 3, 3, 3, 3, 3, 3, 3, 2, 2, 2, 2, 2, 3, 3, 3], "action_accs": [1, 0, 0, 0, 0, 1, 1, 1, 0, 1, 1, 0, 1, 1, 1, 0, 0, 1, 0], "action_rots": [0, 0, 1, -1, -1, 0, 0, 0, 0, 0, 0, -1, 0, 0, 0, 0, 1, 0, 0], "steps": 19, "is_goal": false}