{"map_file_path": "grid_maps/Ihlen/occ_grid_small.txt", "start_pos": [14, 8], "goal_pos": [34, 83], "robot_rows": [14, 14, 14, 14, 14, 14, 14, 14, 14, 15, 17, 19, 22, 25, 25, 25, 25, 25, 25, 25, 25, 25, 25, 25, 25, 25, 25, 25, 25, 25, 26, 27, 27], "robot_cols": [8, 7, 5, 5, 5, 5, 5, 5, 5, 5, 5, 5, 5, 5, 5, 5, 5, 5, 5, 5, 5, 4, 2, 3, 3, 2, 2, 2, 2, 2, 2, 2, 2], "robot_speeds": [0, 1, 2, 0, 0, 0, 0, 0, 0, 1, 2, 2, 3, 3, 0, 0, 0, 0, 0, 0, 0, 1, 2, 0, 0, 1, 0, 0, 0, 0, 1, 1, 0], "robot_directions": [0, 0, 0, 0, 0, 0, 1, 2, 3, 3, 3, 3, 3, 3, 3, 3, 2, 1, 0, 3, 0, 0, 0, 0, 0, 0, 0, 1, 0, 3, 3, 3, 3], "action_accs": [1, 1, 0, -1, 0, 0, 0, 0, 1, 1, 0, 1, 1, 0, -1, 0, 0, 0, 0, 0, 1, 1, 1, -1, 1, 1, 0, 0, 0, 1, 0, 0], "action_rots": [0, 0, 0, 0, 0, 1, 1, 1, 0, 0, 0, 0, 0, 0, 0, -1, -1, -1, -1, 1, 0, 0, 0, 0, 0, 0, 1, -1, -1, 0, 0, 0], "steps": 32, "is_goal": false}