{"map_file_path": "grid_maps/Ihlen/occ_grid_small.txt", "start_pos": [48, 63], "goal_pos": [85, 41], "robot_rows": [48, 48, 47, 45, 42, 43, 42, 42, 41, 41, 41, 41, 41, 41, 41, 41, 41, 41], "robot_cols": [63, 63, 63, 63, 63, 63, 63, 63, 63, 63, 63, 63, 63, 63, 63, 62, 60, 61], "robot_speeds": [0, 0, 1, 2, 3, 0, 1, 0, 1, 0, 0, 0, 0, 0, 0, 1, 2, 0], "robot_directions": [0, 1, 1, 1, 1, 1, 1, 1, 1, 1, 1, 0, 1, 1, 0, 0, 0, 0], "action_accs": [0, 1, 1, 1, 0, 1, 1, 1, 0, 0, 0, 0, 1, 0, 1, 1, 0], "action_rots": [1, 0, 0, 0, 0, 0, 0, 0, 0, 0, -1, 1, 0, -1, 0, 0, 0], "steps": 17, "is_goal": false}