{"map_file_path": "grid_maps/Ihlen/occ_grid_small.txt", "start_pos": [49, 91], "goal_pos": [87, 68], "robot_rows": [49, 49, 49, 49, 49, 49, 49, 49, 49, 49, 49, 49, 49, 49, 49, 49, 49, 50, 52, 55, 57, 60, 63, 66, 69, 72, 75, 78, 80, 82, 83, 83, 83, 83, 83, 83, 83, 83, 83, 83, 83, 83, 84, 86, 87, 87], "robot_cols": [91, 90, 88, 85, 82, 79, 76, 73, 70, 67, 64, 61, 59, 57, 56, 56, 56, 56, 56, 56, 56, 56, 56, 56, 56, 56, 56, 56, 56, 56, 56, 56, 56, 57, 58, 60, 63, 65, 67, 68, 68, 68, 68, 68, 68, 68], "robot_speeds": [0, 1, 2, 3, 3, 3, 3, 3, 3, 3, 3, 3, 2, 2, 1, 0, 0, 1, 2, 3, 2, 3, 3, 3, 3, 3, 3, 3, 2, 2, 1, 0, 0, 1, 1, 2, 3, 2, 2, 1, 0, 0, 1, 2, 1, 0], "robot_directions": [0, 0, 0, 0, 0, 0, 0, 0, 0, 0, 0, 0, 0, 0, 0, 0, 3, 3, 3, 3, 3, 3, 3, 3, 3, 3, 3, 3, 3, 3, 3, 3, 2, 2, 2, 2, 2, 2, 2, 2, 2, 3, 3, 3, 3, 3], "action_accs": [1, 1, 1, 0, 0, 0, 0, 0, 0, 1, 1, -1, 0, -1, -1, 0, 1, 1, 1, -1, 1, 0, 0, 0, 0, 0, 0, -1, 0, -1, -1, 0, 1, 0, 1, 1, -1, 0, -1, -1, 0, 1, 1, -1, -1], "action_rots": [0, 0, 0, 0, 0, 0, 0, 0, 0, 0, 0, 0, 0, 0, 0, -1, 0, 0, 0, 0, 0, 0, 0, 0, 0, 0, 0, 0, 0, 0, 0, -1, 0, 0, 0, 0, 0, 0, 0, 0, 1, 0, 0, 0, 0], "steps": 45, "is_goal": true}