{"map_file_path": "grid_maps/Ihlen/occ_grid_small.txt", "start_pos": [91, 95], "goal_pos": [13, 42], "robot_rows": [91, 91, 91, 91, 91, 91, 91, 91, 91, 91, 91, 91, 91, 92, 92, 93, 93, 93, 93], "robot_cols": [95, 95, 95, 95, 95, 96, 96, 96, 96, 95, 93, 93, 93, 93, 93, 93, 93, 93, 93], "robot_speeds": [0, 0, 0, 0, 0, 1, 0, 0, 0, 1, 2, 0, 0, 1, 0, 1, 0, 0, 0], "robot_directions": [0, 1, 2, 1, 2, 2, 2, 1, 0, 0, 0, 0, 3, 3, 3, 3, 3, 3, 3], "action_accs": [0, 0, 0, 0, 1, 1, 0, 0, 1, 1, 1, 0, 1, 1, 1, 0, -1, 1], "action_rots": [1, 1, -1, 1, 0, 0, -1, -1, 0, 0, 0, -1, 0, 0, 0, 0, 0, 0], "steps": 18, "is_goal": false}