{"map_file_path": "grid_maps/Ihlen/occ_grid_small.txt", "start_pos": [82, 75], "goal_pos": [1, 54], "robot_rows": [82, 82, 82, 82, 82, 82, 82, 82, 82, 82, 81, 79, 78, 78, 78, 78, 78, 78, 78, 78, 79, 79, 79, 79, 79, 79, 79, 79, 79, 79, 79], "robot_cols": [75, 75, 75, 76, 78, 81, 84, 84, 84, 84, 84, 84, 84, 84, 84, 85, 86, 88, 88, 88, 88, 88, 88, 88, 89, 90, 90, 90, 90, 90, 90], "robot_speeds": [0, 0, 0, 1, 2, 3, 3, 0, 0, 0, 1, 2, 1, 0, 0, 1, 1, 2, 0, 0, 1, 0, 0, 0, 1, 1, 0, 0, 0, 0, 0], "robot_directions": [0, 3, 2, 2, 2, 2, 2, 2, 1, 1, 1, 1, 1, 1, 2, 2, 2, 2, 2, 3, 3, 3, 3, 2, 2, 2, 2, 2, 2, 2, 2], "action_accs": [0, 0, 1, 1, 1, 1, 1, 0, 0, 1, 1, -1, -1, 0, 1, 0, 1, 1, 0, 1, 0, -1, 0, 1, 0, 0, -1, 1, 0, 1], "action_rots": [-1, -1, 0, 0, 0, 0, 0, -1, 0, 0, 0, 0, 0, 1, 0, 0, 0, 0, 1, 0, 0, 0, -1, 0, 0, 0, 0, 0, 0, 0], "steps": 30, "is_goal": false}