{"map_file_path": "grid_maps/Ihlen/occ_grid_small.txt", "start_pos": [78, 82], "goal_pos": [92, 25], "robot_rows": [78, 78, 79, 80, 80, 80, 80, 80, 80, 80, 80, 80, 80, 80, 80, 80, 80, 80, 80, 80, 80, 80, 80, 80, 80, 80, 80, 80, 80, 80, 80, 81, 83, 86, 89, 91, 92, 92], "robot_cols": [82, 82, 82, 82, 82, 82, 81, 79, 77, 74, 71, 68, 65, 62, 59, 56, 53, 50, 47, 45, 42, 39, 36, 33, 30, 28, 26, 25, 25, 25, 25, 25, 25, 25, 25, 25, 25, 25], "robot_speeds": [0, 0, 1, 1, 0, 0, 1, 2, 2, 3, 3, 3, 3, 3, 3, 3, 3, 3, 3, 2, 3, 3, 3, 3, 3, 2, 2, 1, 0, 0, 0, 1, 2, 3, 3, 2, 1, 0], "robot_directions": [0, 3, 3, 3, 3, 0, 0, 0, 0, 0, 0, 0, 0, 0, 0, 0, 0, 0, 0, 0, 0, 0, 0, 0, 0, 0, 0, 0, 0, 0, 3, 3, 3, 3, 3, 3, 3, 3], "action_accs": [0, 1, 0, -1, 0, 1, 1, 0, 1, 0, 0, 0, 0, 0, 0, 0, 0, 0, -1, 1, 0, 0, 0, 0, -1, 0, -1, -1, 0, 0, 1, 1, 1, 0, -1, -1, -1], "action_rots": [-1, 0, 0, 0, 1, 0, 0, 0, 0, 0, 0, 0, 0, 0, 0, 0, 0, 0, 0, 0, 0, 0, 0, 0, 0, 0, 0, 0, 0, -1, 0, 0, 0, 0, 0, 0, 0], "steps": 37, "is_goal": true}