{"map_file_path": "grid_maps/Ihlen/occ_grid_small.txt", "start_pos": [50, 71], "goal_pos": [18, 46], "robot_rows": [50, 50, 50, 50, 50, 50, 50, 50, 50, 50, 50, 50, 50, 50, 50, 50, 50, 50, 50, 50, 50, 50, 49, 47, 44, 41, 38, 36, 33, 30, 27, 24, 21, 19, 18, 18, 18, 18, 18, 18, 18, 18, 18], "robot_cols": [71, 70, 68, 65, 62, 59, 56, 53, 50, 48, 47, 47, 47, 47, 47, 47, 47, 48, 49, 50, 50, 50, 50, 50, 50, 50, 50, 50, 50, 50, 50, 50, 50, 50, 50, 50, 50, 50, 50, 49, 47, 46, 46], "robot_speeds": [0, 1, 2, 3, 3, 3, 3, 3, 3, 2, 1, 0, 0, 0, 0, 0, 0, 1, 1, 1, 0, 0, 1, 2, 3, 3, 3, 2, 3, 3, 3, 3, 3, 2, 1, 0, 0, 0, 0, 1, 2, 1, 0], "robot_directions": [0, 0, 0, 0, 0, 0, 0, 0, 0, 0, 0, 0, 0, 3, 3, 2, 2, 2, 2, 2, 2, 1, 1, 1, 1, 1, 1, 1, 1, 1, 1, 1, 1, 1, 1, 1, 1, 1, 0, 0, 0, 0, 0], "action_accs": [1, 1, 1, 0, 1, 0, 0, 0, -1, -1, -1, 0, 0, 0, 0, 0, 1, 0, 0, -1, 0, 1, 1, 1, 0, 0, -1, 1, 0, 0, 0, 0, -1, -1, -1, 0, 0, 0, 1, 1, -1, -1], "action_rots": [0, 0, 0, 0, 0, 0, 0, 0, 0, 0, 0, 0, -1, 0, -1, 0, 0, 0, 0, 0, -1, 0, 0, 0, 0, 0, 0, 0, 0, 0, 0, 0, 0, 0, 0, 0, 0, -1, 0, 0, 0, 0], "steps": 42, "is_goal": true}