{"map_file_path": "grid_maps/Ihlen/occ_grid_small.txt", "start_pos": [30, 85], "goal_pos": [88, 86], "robot_rows": [30, 30, 31, 33, 33, 33, 33, 33, 33, 33, 33, 33, 33, 33, 33, 33, 33, 33, 33, 33, 33, 33, 33, 33, 33, 33, 33, 33, 33, 33, 33, 33, 33, 33, 33, 33, 33, 33, 34, 34], "robot_cols": [85, 85, 85, 85, 85, 85, 85, 85, 84, 82, 80, 77, 74, 71, 68, 65, 62, 62, 62, 62, 62, 63, 65, 68, 71, 74, 77, 80, 83, 86, 89, 92, 95, 95, 95, 96, 96, 96, 96, 96], "robot_speeds": [0, 0, 1, 2, 0, 0, 0, 0, 1, 2, 2, 3, 3, 3, 3, 3, 3, 0, 0, 0, 0, 1, 2, 3, 3, 3, 3, 3, 3, 3, 3, 3, 3, 0, 0, 1, 0, 0, 1, 0], "robot_directions": [0, 3, 3, 3, 3, 0, 1, 0, 0, 0, 0, 0, 0, 0, 0, 0, 0, 0, 0, 1, 2, 2, 2, 2, 2, 2, 2, 2, 2, 2, 2, 2, 2, 2, 2, 2, 2, 3, 3, 3], "action_accs": [0, 1, 1, 1, 0, 0, 0, 1, 1, 0, 1, 1, 1, 1, 1, 1, 0, -1, 0, 0, 1, 1, 1, 1, 1, 1, 1, 1, 1, 1, 1, 1, 0, -1, 1, 1, 0, 1, 1], "action_rots": [-1, 0, 0, 0, 1, 1, -1, 0, 0, 0, 0, 0, 0, 0, 0, 0, 0, 0, 1, 1, 0, 0, 0, 0, 0, 0, 0, 0, 0, 0, 0, 0, 0, 0, 0, 0, 1, 0, 0], "steps": 39, "is_goal": false}