{"map_file_path": "grid_maps/Ihlen/occ_grid_small.txt", "start_pos": [88, 66], "goal_pos": [22, 93], "robot_rows": [88, 88, 87, 86, 84, 83, 81, 80, 79, 79, 79, 79, 79, 79, 79, 79, 79, 79, 79, 79, 78, 76, 73, 70, 67, 64, 61, 58, 55, 52, 49, 46, 43, 40, 37, 34, 31, 28, 25, 22, 20, 19, 18, 17, 17, 17, 17, 18, 18, 18, 18, 18, 18, 18, 18, 18, 18, 18, 18, 18, 18, 18, 18, 18, 18, 18, 18, 18, 18, 18, 18, 19, 21, 22, 22], "robot_cols": [66, 66, 66, 66, 66, 66, 66, 66, 66, 66, 66, 65, 63, 60, 57, 54, 52, 51, 51, 51, 51, 51, 51, 51, 51, 51, 51, 51, 51, 51, 51, 51, 51, 51, 51, 51, 51, 51, 51, 51, 51, 51, 51, 51, 51, 51, 51, 51, 51, 51, 51, 52, 54, 57, 59, 62, 65, 68, 71, 74, 77, 80, 83, 86, 89, 91, 92, 93, 93, 93, 93, 93, 93, 93, 93], "robot_speeds": [0, 0, 1, 1, 2, 1, 2, 1, 1, 0, 0, 1, 2, 3, 3, 3, 2, 1, 0, 0, 1, 2, 3, 3, 3, 3, 3, 3, 3, 3, 3, 3, 3, 3, 3, 3, 3, 3, 3, 3, 2, 1, 1, 1, 0, 0, 0, 1, 0, 0, 0, 1, 2, 3, 2, 3, 3, 3, 3, 3, 3, 3, 3, 3, 3, 2, 1, 1, 0, 0, 0, 1, 2, 1, 0], "robot_directions": [0, 1, 1, 1, 1, 1, 1, 1, 1, 1, 0, 0, 0, 0, 0, 0, 0, 0, 0, 1, 1, 1, 1, 1, 1, 1, 1, 1, 1, 1, 1, 1, 1, 1, 1, 1, 1, 1, 1, 1, 1, 1, 1, 1, 1, 0, 3, 3, 3, 2, 2, 2, 2, 2, 2, 2, 2, 2, 2, 2, 2, 2, 2, 2, 2, 2, 2, 2, 2, 3, 3, 3, 3, 3, 3], "action_accs": [0, 1, 0, 1, -1, 1, -1, 0, -1, 0, 1, 1, 1, 0, 0, -1, -1, -1, 0, 1, 1, 1, 0, 0, 0, 0, 0, 0, 0, 0, 0, 0, 0, 0, 0, 0, 0, 0, 0, -1, -1, 0, 0, -1, 0, 0, 1, -1, 0, 0, 1, 1, 1, -1, 1, 0, 0, 0, 0, 0, 0, 1, 0, 0, -1, -1, 0, -1, 0, 0, 1, 1, -1, -1], "action_rots": [1, 0, 0, 0, 0, 0, 0, 0, 0, -1, 0, 0, 0, 0, 0, 0, 0, 0, 1, 0, 0, 0, 0, 0, 0, 0, 0, 0, 0, 0, 0, 0, 0, 0, 0, 0, 0, 0, 0, 0, 0, 0, 0, 0, -1, -1, 0, 0, -1, 0, 0, 0, 0, 0, 0, 0, 0, 0, 0, 0, 0, 0, 0, 0, 0, 0, 0, 0, 1, 0, 0, 0, 0, 0], "steps": 74, "is_goal": true}