{"map_file_path": "grid_maps/Ihlen/occ_grid_small.txt", "start_pos": [59, 50], "goal_pos": [1, 35], "robot_rows": [59, 59, 58, 56, 53, 50, 47, 44, 41, 38, 35, 32, 29, 26, 23, 20, 17, 14, 12, 9, 6, 4, 2, 1, 1, 1, 1, 1, 1, 1, 1, 1, 1, 1], "robot_cols": [50, 50, 50, 50, 50, 50, 50, 50, 50, 50, 50, 50, 50, 50, 50, 50, 50, 50, 50, 50, 50, 50, 50, 50, 50, 50, 49, 47, 44, 41, 38, 36, 35, 35], "robot_speeds": [0, 0, 1, 2, 3, 3, 3, 3, 3, 3, 3, 3, 3, 3, 3, 3, 3, 3, 2, 3, 3, 2, 2, 1, 0, 0, 1, 2, 3, 3, 3, 2, 1, 0], "robot_directions": [0, 1, 1, 1, 1, 1, 1, 1, 1, 1, 1, 1, 1, 1, 1, 1, 1, 1, 1, 1, 1, 1, 1, 1, 1, 0, 0, 0, 0, 0, 0, 0, 0, 0], "action_accs": [0, 1, 1, 1, 0, 0, 0, 0, 0, 0, 0, 0, 1, 0, 0, 0, 0, -1, 1, 0, -1, 0, -1, -1, 0, 1, 1, 1, 0, 0, -1, -1, -1], "action_rots": [1, 0, 0, 0, 0, 0, 0, 0, 0, 0, 0, 0, 0, 0, 0, 0, 0, 0, 0, 0, 0, 0, 0, 0, -1, 0, 0, 0, 0, 0, 0, 0, 0], "steps": 33, "is_goal": true}