{"map_file_path": "grid_maps/Ihlen/occ_grid_small.txt", "start_pos": [25, 76], "goal_pos": [7, 9], "robot_rows": [25, 25, 25, 25, 25, 25, 25, 25, 25, 25, 25, 25, 25, 25, 25, 25, 25, 25, 25, 25, 26, 26, 26, 26, 26, 26, 26, 26, 26, 25, 23, 20, 17, 14, 11, 8, 5, 2, 3], "robot_cols": [76, 75, 73, 70, 67, 64, 61, 58, 55, 52, 49, 46, 48, 48, 48, 48, 48, 47, 47, 47, 47, 47, 47, 48, 50, 53, 56, 54, 54, 54, 54, 54, 54, 54, 54, 54, 54, 54, 54], "robot_speeds": [0, 1, 2, 3, 3, 3, 3, 3, 3, 3, 3, 3, 0, 0, 0, 0, 0, 1, 0, 0, 1, 0, 0, 1, 2, 3, 3, 0, 0, 1, 2, 3, 3, 3, 3, 3, 3, 3, 0], "robot_directions": [0, 0, 0, 0, 0, 0, 0, 0, 0, 0, 0, 0, 0, 1, 0, 0, 0, 0, 0, 3, 3, 3, 2, 2, 2, 2, 2, 2, 1, 1, 1, 1, 1, 1, 1, 1, 1, 1, 1], "action_accs": [1, 1, 1, 0, 0, 0, 0, 0, 0, 0, 0, 0, 0, 0, 0, 0, 1, 1, 0, 1, 1, 0, 1, 1, 1, 0, 0, 0, 1, 1, 1, 0, 0, 0, 0, 0, 0, 0], "action_rots": [0, 0, 0, 0, 0, 0, 0, 0, 0, 0, 0, 0, 1, -1, 0, 0, 0, 0, -1, 0, 0, -1, 0, 0, 0, 0, 0, -1, 0, 0, 0, 0, 0, 0, 0, 0, 0, 0], "steps": 38, "is_goal": false}