{"map_file_path": "grid_maps/Ihlen/occ_grid_small.txt", "start_pos": [91, 44], "goal_pos": [35, 3], "robot_rows": [91, 91, 91, 90, 88, 85, 82, 80, 79, 79, 79, 79, 79, 79, 79, 79, 79, 78, 76, 73, 70, 67, 64, 61, 58, 55, 52, 50, 48, 46, 45, 45, 45, 45, 45, 46, 47, 48, 48, 48, 48, 48, 48, 48, 48, 48, 48, 48, 48, 48, 48, 48, 49, 51, 54, 56, 57, 58, 58, 58, 58, 58, 58, 58, 58, 58, 58, 58, 58, 58, 58, 58, 58, 57, 55, 52, 49, 46, 43, 40, 38, 36, 35, 35], "robot_cols": [44, 44, 44, 44, 44, 44, 44, 44, 44, 44, 44, 45, 47, 48, 49, 49, 49, 49, 49, 49, 49, 49, 49, 49, 49, 49, 49, 49, 49, 49, 49, 49, 49, 49, 49, 49, 49, 49, 49, 49, 48, 46, 43, 40, 37, 34, 31, 29, 28, 27, 27, 27, 27, 27, 27, 27, 27, 27, 27, 27, 27, 26, 24, 21, 18, 15, 12, 9, 6, 4, 3, 3, 3, 3, 3, 3, 3, 3, 3, 3, 3, 3, 3, 3], "robot_speeds": [0, 0, 0, 1, 2, 3, 3, 2, 1, 0, 0, 1, 2, 1, 1, 0, 0, 1, 2, 3, 3, 3, 3, 3, 3, 3, 3, 2, 2, 2, 1, 0, 0, 0, 0, 1, 1, 1, 0, 0, 1, 2, 3, 3, 3, 3, 3, 2, 1, 1, 0, 0, 1, 2, 3, 2, 1, 1, 0, 0, 0, 1, 2, 3, 3, 3, 3, 3, 3, 2, 1, 0, 0, 1, 2, 3, 3, 3, 3, 3, 2, 2, 1, 0], "robot_directions": [0, 1, 1, 1, 1, 1, 1, 1, 1, 1, 2, 2, 2, 2, 2, 2, 1, 1, 1, 1, 1, 1, 1, 1, 1, 1, 1, 1, 1, 1, 1, 1, 0, 0, 3, 3, 3, 3, 3, 0, 0, 0, 0, 0, 0, 0, 0, 0, 0, 0, 0, 3, 3, 3, 3, 3, 3, 3, 3, 3, 0, 0, 0, 0, 0, 0, 0, 0, 0, 0, 0, 0, 1, 1, 1, 1, 1, 1, 1, 1, 1, 1, 1, 1], "action_accs": [0, 0, 1, 1, 1, 0, -1, -1, -1, 0, 1, 1, -1, 0, -1, 0, 1, 1, 1, 0, 0, 0, 0, 0, 0, 1, -1, 0, 0, -1, -1, 0, 0, 0, 1, 0, 0, -1, 0, 1, 1, 1, 0, 0, 0, 0, -1, -1, 0, -1, 0, 1, 1, 1, -1, -1, 0, -1, 0, 0, 1, 1, 1, 0, 0, 0, 0, 0, -1, -1, -1, 0, 1, 1, 1, 1, 0, 0, 0, -1, 0, -1, -1], "action_rots": [1, 0, 0, 0, 0, 0, 0, 0, 0, 1, 0, 0, 0, 0, 0, -1, 0, 0, 0, 0, 0, 0, 0, 0, 0, 0, 0, 0, 0, 0, 0, -1, 0, -1, 0, 0, 0, 0, 1, 0, 0, 0, 0, 0, 0, 0, 0, 0, 0, 0, -1, 0, 0, 0, 0, 0, 0, 0, 0, 1, 0, 0, 0, 0, 0, 0, 0, 0, 0, 0, 0, 1, 0, 0, 0, 0, 0, 0, 0, 0, 0, 0, 0], "steps": 83, "is_goal": true}